10 YEAR ERIS SOFR SWAP - CHICAGO BOARD OF TRADE,260818,2026-08-18,343603,CBT ,00,343 ,  267172,  135357,  186727,   49939,   81876,   30481,  267172,  267147,       0,      25,  267172,  135357,  186727,   49939,   81876,   30481,  267172,  267147,       0,      25,       0,       0,       0,       0,       0,       0,       0,       0,       0,       0,   -1492,    -194,    2806,   -4298,    3000,       0,   -1492,   -1492,       0,       0,  100.0,   50.7,   69.9,   18.7,   30.6,   11.4,  100.0,  100.0,    0.0,    0.0,  100.0,   50.7,   69.9,   18.7,   30.6,   11.4,  100.0,  100.0,    0.0,    0.0,    0.0,    0.0,    0.0,    0.0,    0.0,    0.0,    0.0,    0.0,    0.0,    0.0,     60,     32,     20,      6,      5,      4,     40,     27,     60,     32,     20,      6,      5,      4,     40,     27,      0,      0,      0,      0,      0,      0,      0,      0,    44.6,    77.5,    69.3,    94.7,    37.9,    62.4,    52.2,    72.4,    44.6,    77.5,    69.3,    94.7,    37.9,    62.4,    52.2,    72.4,     0.0,     0.0,     0.0,     0.0,     0.0,     0.0,     0.0,     0.0,"(100,000 USD notional principal)",343603,CBT ,343 
10 YEAR ERIS SOFR SWAP - CHICAGO BOARD OF TRADE,260825,2026-08-25,343603,CBT ,00,343 ,  267597,  131959,  182854,   54237,   81401,   30481,  267597,  267572,       0,      25,  267597,  131959,  182854,   54237,   81401,   30481,  267597,  267572,       0,      25,       0,       0,       0,       0,       0,       0,       0,       0,       0,       0,     425,   -3398,   -3873,    4298,    -475,       0,     425,     425,       0,       0,  100.0,   49.3,   68.3,   20.3,   30.4,   11.4,  100.0,  100.0,    0.0,    0.0,  100.0,   49.3,   68.3,   20.3,   30.4,   11.4,  100.0,  100.0,    0.0,    0.0,    0.0,    0.0,    0.0,    0.0,    0.0,    0.0,    0.0,    0.0,    0.0,    0.0,     59,     31,     20,      6,      5,      4,     40,     26,     59,     31,     20,      6,      5,      4,     40,     26,      0,      0,      0,      0,      0,      0,      0,      0,    44.8,    78.2,    69.4,    96.5,    38.0,    64.1,    52.7,    70.8,    44.8,    78.2,    69.4,    96.5,    38.0,    64.1,    52.7,    70.8,     0.0,     0.0,     0.0,     0.0,     0.0,     0.0,     0.0,     0.0,"(100,000 USD notional principal)",343603,CBT ,343 
"1K SHIB PERP - COINBASE DERIVATIVES, LLC",260818,2026-08-18,172LM2,FREX,00,180 ,    2540,    1844,    2421,       0,       0,       0,    1844,    2421,     696,     119,    2540,    1844,    2421,       0,       0,       0,    1844,    2421,     696,     119,       0,       0,       0,       0,       0,       0,       0,       0,       0,       0,     735,     628,     752,       0,       0,       0,     628,     752,     107,     -17,  100.0,   72.6,   95.3,    0.0,    0.0,    0.0,   72.6,   95.3,   27.4,    4.7,  100.0,   72.6,   95.3,    0.0,    0.0,    0.0,   72.6,   95.3,   27.4,    4.7,    0.0,    0.0,    0.0,    0.0,    0.0,    0.0,    0.0,    0.0,    0.0,    0.0,     25,     17,      8,      0,      0,      0,     17,      8,     25,     17,      8,      0,      0,      0,     17,      8,      0,      0,      0,      0,      0,      0,      0,      0,    47.1,    84.7,    59.6,    95.3,    47.1,    84.7,    59.6,    95.3,    47.1,    84.7,    59.6,    95.3,    47.1,    84.7,    59.6,    95.3,     0.0,     0.0,     0.0,     0.0,     0.0,     0.0,     0.0,     0.0,"(10,000 x 1k Shib Index)",172LM2,FREX,180 
"1K SHIB PERP - COINBASE DERIVATIVES, LLC",260825,2026-08-25,172LM2,FREX,00,180 ,    2825,    1998,    2686,       0,       0,       0,    1998,    2686,     827,     139,    2825,    1998,    2686,       0,       0,       0,    1998,    2686,     827,     139,       0,       0,       0,       0,       0,       0,       0,       0,       0,       0,     285,     154,     265,       0,       0,       0,     154,     265,     131,      20,  100.0,   70.7,   95.1,    0.0,    0.0,    0.0,   70.7,   95.1,   29.3,    4.9,  100.0,   70.7,   95.1,    0.0,    0.0,    0.0,   70.7,   95.1,   29.3,    4.9,    0.0,    0.0,    0.0,    0.0,    0.0,    0.0,    0.0,    0.0,    0.0,    0.0,     26,     17,      9,      0,      0,      0,     17,      9,     26,     17,      9,      0,      0,      0,     17,      9,      0,      0,      0,      0,      0,      0,      0,      0,    42.5,    85.8,    57.4,    94.1,    42.5,    85.8,    57.4,    94.1,    42.5,    85.8,    57.4,    94.1,    42.5,    85.8,    57.4,    94.1,     0.0,     0.0,     0.0,     0.0,     0.0,     0.0,     0.0,     0.0,"(10,000 x 1k Shib Index)",172LM2,FREX,180 
2 YEAR ERIS SOFR SWAP - CHICAGO BOARD OF TRADE,260818,2026-08-18,342603,CBT ,00,342 ,  213234,  171147,  165562,   41897,     190,    5751,  213234,  213210,       0,      24,  213234,  171147,  165562,   41897,     190,    5751,  213234,  213210,       0,      24,       0,       0,       0,       0,       0,       0,       0,       0,       0,       0,    2416,    2553,    2336,    -137,       0,     217,    2416,    2416,       0,       0,  100.0,   80.3,   77.6,   19.6,    0.1,    2.7,  100.0,  100.0,    0.0,    0.0,  100.0,   80.3,   77.6,   19.6,    0.1,    2.7,  100.0,  100.0,    0.0,    0.0,    0.0,    0.0,    0.0,    0.0,    0.0,    0.0,    0.0,    0.0,    0.0,    0.0,     49,     14,     29,      4,      2,      5,     16,     38,     49,     14,     29,      4,      2,      5,     16,     38,      0,      0,      0,      0,      0,      0,      0,      0,    98.2,    69.9,    99.3,    83.6,    78.5,    61.3,    79.7,    69.8,    98.2,    69.9,    99.3,    83.6,    78.5,    61.3,    79.7,    69.8,     0.0,     0.0,     0.0,     0.0,     0.0,     0.0,     0.0,     0.0,"(100,000 USD notional principal)",342603,CBT ,342 
2 YEAR ERIS SOFR SWAP - CHICAGO BOARD OF TRADE,260825,2026-08-25,342603,CBT ,00,342 ,  213244,  171207,  165281,   41847,     190,    6092,  213244,  213220,       0,      24,  213244,  171207,  165281,   41847,     190,    6092,  213244,  213220,       0,      24,       0,       0,       0,       0,       0,       0,       0,       0,       0,       0,      10,      60,    -281,     -50,       0,     341,      10,      10,       0,       0,  100.0,   80.3,   77.5,   19.6,    0.1,    2.9,  100.0,  100.0,    0.0,    0.0,  100.0,   80.3,   77.5,   19.6,    0.1,    2.9,  100.0,  100.0,    0.0,    0.0,    0.0,    0.0,    0.0,    0.0,    0.0,    0.0,    0.0,    0.0,    0.0,    0.0,     50,     14,     30,      5,      2,      5,     16,     40,     50,     14,     30,      5,      2,      5,     16,     40,      0,      0,      0,      0,      0,      0,      0,      0,    95.8,    70.2,    99.3,    82.1,    77.6,    61.1,    79.7,    69.9,    95.8,    70.2,    99.3,    82.1,    77.6,    61.1,    79.7,    69.9,     0.0,     0.0,     0.0,     0.0,     0.0,     0.0,     0.0,     0.0,"(100,000 USD notional principal)",342603,CBT ,342 
3 YEAR ERIS SOFR SWAP - CHICAGO BOARD OF TRADE,260818,2026-08-18,344606,CBT ,00,344 ,   79231,   63097,   45134,   11622,    4500,   22455,   79219,   79211,      12,      20,   79231,   63097,   45134,   11622,    4500,   22455,   79219,   79211,      12,      20,       0,       0,       0,       0,       0,       0,       0,       0,       0,       0,    7318,    9752,    9838,   -2436,       0,     -50,    7316,    7352,       2,     -34,  100.0,   79.6,   57.0,   14.7,    5.7,   28.3,  100.0,  100.0,    0.0,    0.0,  100.0,   79.6,   57.0,   14.7,    5.7,   28.3,  100.0,  100.0,    0.0,    0.0,    0.0,    0.0,    0.0,    0.0,    0.0,    0.0,    0.0,    0.0,    0.0,    0.0,     26,      4,     16,      4,      1,      5,      5,     25,     26,      4,     16,      4,      1,      5,      5,     25,      0,      0,      0,      0,      0,      0,      0,      0,    96.5,    69.6,   100.0,    86.4,    85.3,    69.6,    85.3,    79.8,    96.5,    69.6,   100.0,    86.4,    85.3,    69.6,    85.3,    79.8,     0.0,     0.0,     0.0,     0.0,     0.0,     0.0,     0.0,     0.0,"100,000 USD notional principal",344606,CBT ,344 
3 YEAR ERIS SOFR SWAP - CHICAGO BOARD OF TRADE,260825,2026-08-25,344606,CBT ,00,344 ,   60348,   46164,   28401,    9672,    4500,   22255,   60336,   60328,      12,      20,   60348,   46164,   28401,    9672,    4500,   22255,   60336,   60328,      12,      20,       0,       0,       0,       0,       0,       0,       0,       0,       0,       0,  -18883,  -16933,  -16733,   -1950,       0,    -200,  -18883,  -18883,       0,       0,  100.0,   76.5,   47.1,   16.0,    7.5,   36.9,  100.0,  100.0,    0.0,    0.0,  100.0,   76.5,   47.1,   16.0,    7.5,   36.9,  100.0,  100.0,    0.0,    0.0,    0.0,    0.0,    0.0,    0.0,    0.0,    0.0,    0.0,    0.0,    0.0,    0.0,     26,      3,     17,      4,      1,      5,      5,     25,     26,      3,     17,      4,      1,      5,      5,     25,      0,      0,      0,      0,      0,      0,      0,      0,    98.8,    58.2,   100.0,    81.6,    84.0,    58.2,    84.0,    74.8,    98.8,    58.2,   100.0,    81.6,    84.0,    58.2,    84.0,    74.8,     0.0,     0.0,     0.0,     0.0,     0.0,     0.0,     0.0,     0.0,"100,000 USD notional principal",344606,CBT ,344 
5 YEAR ERIS SOFR SWAP - CHICAGO BOARD OF TRADE,260818,2026-08-18,344605,CBT ,00,344 ,  179138,  107321,   90752,   43644,   28154,   44654,  179119,  179050,      19,      88,  179138,  107321,   90752,   43644,   28154,   44654,  179119,  179050,      19,      88,       0,       0,       0,       0,       0,       0,       0,       0,       0,       0,    1338,    3809,    4230,   -3406,     950,     514,    1353,    1338,     -15,       0,  100.0,   59.9,   50.7,   24.4,   15.7,   24.9,  100.0,  100.0,    0.0,    0.0,  100.0,   59.9,   50.7,   24.4,   15.7,   24.9,  100.0,  100.0,    0.0,    0.0,    0.0,    0.0,    0.0,    0.0,    0.0,    0.0,    0.0,    0.0,    0.0,    0.0,     70,     22,     37,      7,      4,      8,     29,     49,     70,     22,     37,      7,      4,      8,     29,     49,      0,      0,      0,      0,      0,      0,      0,      0,    53.3,    45.8,    78.3,    68.4,    40.9,    36.8,    55.9,    52.8,    53.3,    45.8,    78.3,    68.4,    40.9,    36.8,    55.9,    52.8,     0.0,     0.0,     0.0,     0.0,     0.0,     0.0,     0.0,     0.0,"(100,000 USD notional principal)",344605,CBT ,344 
5 YEAR ERIS SOFR SWAP - CHICAGO BOARD OF TRADE,260825,2026-08-25,344605,CBT ,00,344 ,  180179,  111113,   94176,   41033,   28014,   44884,  180160,  180093,      19,      86,  180179,  111113,   94176,   41033,   28014,   44884,  180160,  180093,      19,      86,       0,       0,       0,       0,       0,       0,       0,       0,       0,       0,    1041,    3792,    3424,   -2611,    -140,     230,    1041,    1043,       0,      -2,  100.0,   61.7,   52.3,   22.8,   15.5,   24.9,  100.0,  100.0,    0.0,    0.0,  100.0,   61.7,   52.3,   22.8,   15.5,   24.9,  100.0,  100.0,    0.0,    0.0,    0.0,    0.0,    0.0,    0.0,    0.0,    0.0,    0.0,    0.0,    0.0,    0.0,     70,     22,     37,      6,      4,      8,     29,     48,     70,     22,     37,      6,      4,      8,     29,     48,      0,      0,      0,      0,      0,      0,      0,      0,    59.1,    46.7,    81.9,    69.3,    43.5,    36.4,    60.2,    52.8,    59.1,    46.7,    81.9,    69.3,    43.5,    36.4,    60.2,    52.8,     0.0,     0.0,     0.0,     0.0,     0.0,     0.0,     0.0,     0.0,"(100,000 USD notional principal)",344605,CBT ,344 
ADJUSTED INT RATE S&P 500 TOTL - CHICAGO MERCANTILE EXCHANGE,260818,2026-08-18,13874W,CME ,00,138 , 1111145,   90694,  115522,  158966,  851967,  817623, 1101627, 1092111,    9518,   19034, 1111145,   90694,  115522,  158966,  851967,  817623, 1101627, 1092111,    9518,   19034,       0,       0,       0,       0,       0,       0,       0,       0,       0,       0,   28960,    1075,       0,    5047,   22213,   23038,   28335,   28085,     625,     875,  100.0,    8.2,   10.4,   14.3,   76.7,   73.6,   99.1,   98.3,    0.9,    1.7,  100.0,    8.2,   10.4,   14.3,   76.7,   73.6,   99.1,   98.3,    0.9,    1.7,    0.0,    0.0,    0.0,    0.0,    0.0,    0.0,    0.0,    0.0,    0.0,    0.0,     77,     11,      9,     20,     43,     52,     63,     76,     77,     11,      9,     20,     43,     52,     63,     76,      0,      0,      0,      0,      0,      0,      0,      0,    36.8,    24.5,    54.9,    39.7,    26.5,    22.7,    40.4,    34.0,    36.8,    24.5,    54.9,    39.7,    26.5,    22.7,    40.4,    34.0,     0.0,     0.0,     0.0,     0.0,     0.0,     0.0,     0.0,     0.0,(S&P 500 TOTAL RETURN INDEX x $25),13874W,CME ,138 
ADJUSTED INT RATE S&P 500 TOTL - CHICAGO MERCANTILE EXCHANGE,260825,2026-08-25,13874W,CME ,00,138 , 1106401,   86370,  116221,  155624,  853384,  814433, 1095378, 1086278,   11023,   20123, 1106401,   86370,  116221,  155624,  853384,  814433, 1095378, 1086278,   11023,   20123,       0,       0,       0,       0,       0,       0,       0,       0,       0,       0,   -4744,   -4324,     699,   -3342,    1417,   -3190,   -6249,   -5833,    1505,    1089,  100.0,    7.8,   10.5,   14.1,   77.1,   73.6,   99.0,   98.2,    1.0,    1.8,  100.0,    7.8,   10.5,   14.1,   77.1,   73.6,   99.0,   98.2,    1.0,    1.8,    0.0,    0.0,    0.0,    0.0,    0.0,    0.0,    0.0,    0.0,    0.0,    0.0,     75,      9,     10,     19,     44,     51,     63,     74,     75,      9,     10,     19,     44,     51,     63,     74,      0,      0,      0,      0,      0,      0,      0,      0,    37.2,    25.0,    55.8,    40.2,    28.3,    23.3,    42.5,    35.3,    37.2,    25.0,    55.8,    40.2,    28.3,    23.3,    42.5,    35.3,     0.0,     0.0,     0.0,     0.0,     0.0,     0.0,     0.0,     0.0,(S&P 500 TOTAL RETURN INDEX x $25),13874W,CME ,138 
AECO FIN BASIS - ICE FUTURES ENERGY DIV,260818,2026-08-18,023396,IFED,01,023 ,  984452,   30179,    8134,   11861,  924105,  958834,  966145,  978829,   18307,    5623,  984452,   30179,    8134,   11861,  924105,  958834,  966145,  978829,   18307,    5623,       0,       0,       0,       0,       0,       0,       0,       0,       0,       0,    -319,   -3004,   -4636,    2317,     703,    -493,      16,   -2812,    -335,    2493,  100.0,    3.1,    0.8,    1.2,   93.9,   97.4,   98.1,   99.4,    1.9,    0.6,  100.0,    3.1,    0.8,    1.2,   93.9,   97.4,   98.1,   99.4,    1.9,    0.6,    0.0,    0.0,    0.0,    0.0,    0.0,    0.0,    0.0,    0.0,    0.0,    0.0,     60,      6,      5,      8,     44,     32,     54,     42,     60,      6,      5,      8,     44,     32,     54,     42,      0,      0,      0,      0,      0,      0,      0,      0,    44.5,    52.4,    60.2,    78.4,    39.3,    52.3,    54.0,    73.9,    44.5,    52.4,    60.2,    78.4,    39.3,    52.3,    54.0,    73.9,     0.0,     0.0,     0.0,     0.0,     0.0,     0.0,     0.0,     0.0,"(Contracts of 2,500  MMBTU'S)",023396,IFED,023 
AECO FIN BASIS - ICE FUTURES ENERGY DIV,260825,2026-08-25,023396,IFED,01,023 ,  987743,   30179,    9500,   11665,  928055,  960948,  969899,  982113,   17844,    5630,  987743,   30179,    9500,   11665,  928055,  960948,  969899,  982113,   17844,    5630,       0,       0,       0,       0,       0,       0,       0,       0,       0,       0,    3291,       0,    1366,    -196,    3950,    2114,    3754,    3284,    -463,       7,  100.0,    3.1,    1.0,    1.2,   94.0,   97.3,   98.2,   99.4,    1.8,    0.6,  100.0,    3.1,    1.0,    1.2,   94.0,   97.3,   98.2,   99.4,    1.8,    0.6,    0.0,    0.0,    0.0,    0.0,    0.0,    0.0,    0.0,    0.0,    0.0,    0.0,     61,      7,      5,      9,     43,     33,     54,     44,     61,      7,      5,      9,     43,     33,     54,     44,      0,      0,      0,      0,      0,      0,      0,      0,    44.6,    52.3,    60.0,    78.2,    39.5,    52.3,    54.4,    74.0,    44.6,    52.3,    60.0,    78.2,    39.5,    52.3,    54.4,    74.0,     0.0,     0.0,     0.0,     0.0,     0.0,     0.0,     0.0,     0.0,"(Contracts of 2,500  MMBTU'S)",023396,IFED,023 
AEP DAYTON HUB DA PEAK DAILY - ICE FUTURES ENERGY DIV,260818,2026-08-18,06439E,IFED,01,064 ,    3350,     150,    1000,       0,    3150,    2350,    3300,    3350,      50,       0,    3350,     150,    1000,       0,    3150,    2350,    3300,    3350,      50,       0,       0,       0,       0,       0,       0,       0,       0,       0,       0,       0,   -1050,     -50,     250,       0,   -1050,   -1300,   -1100,   -1050,      50,       0,  100.0,    4.5,   29.9,    0.0,   94.0,   70.1,   98.5,  100.0,    1.5,    0.0,  100.0,    4.5,   29.9,    0.0,   94.0,   70.1,   98.5,  100.0,    1.5,    0.0,    0.0,    0.0,    0.0,    0.0,    0.0,    0.0,    0.0,    0.0,    0.0,    0.0,     21,      2,      4,      0,      8,      8,     10,     12,     21,      2,      4,      0,      8,      8,     10,     12,      0,      0,      0,      0,      0,      0,      0,      0,    77.6,    70.1,    95.5,    92.5,    77.6,    70.1,    94.0,    92.5,    77.6,    70.1,    95.5,    92.5,    77.6,    70.1,    94.0,    92.5,     0.0,     0.0,     0.0,     0.0,     0.0,     0.0,     0.0,     0.0,(Contracts of about 16 MWh),06439E,IFED,064 
ALGONQUIN CITYGATES BASIS - ICE FUTURES ENERGY DIV,260818,2026-08-18,02339E,IFED,01,023 ,  108451,    1782,    8097,     521,   99588,   90364,  101891,   98982,    6560,    9469,  108451,    1782,    8097,     521,   99588,   90364,  101891,   98982,    6560,    9469,       0,       0,       0,       0,       0,       0,       0,       0,       0,       0,    2199,      90,     -29,       0,     981,     645,    1071,     616,    1128,    1583,  100.0,    1.6,    7.5,    0.5,   91.8,   83.3,   94.0,   91.3,    6.0,    8.7,  100.0,    1.6,    7.5,    0.5,   91.8,   83.3,   94.0,   91.3,    6.0,    8.7,    0.0,    0.0,    0.0,    0.0,    0.0,    0.0,    0.0,    0.0,    0.0,    0.0,     28,      3,      3,      2,     13,     14,     16,     19,     28,      3,      3,      2,     13,     14,     16,     19,      0,      0,      0,      0,      0,      0,      0,      0,    71.9,    60.3,    87.1,    79.7,    69.6,    59.4,    83.7,    78.0,    71.9,    60.3,    87.1,    79.7,    69.6,    59.4,    83.7,    78.0,     0.0,     0.0,     0.0,     0.0,     0.0,     0.0,     0.0,     0.0,"(Contracts of 2,500  MMBTU'S)",02339E,IFED,023 
ALGONQUIN CITYGATES BASIS - ICE FUTURES ENERGY DIV,260825,2026-08-25,02339E,IFED,01,023 ,  110333,    2277,    8654,     396,  102448,   92584,  105121,  101634,    5212,    8699,  110333,    2277,    8654,     396,  102448,   92584,  105121,  101634,    5212,    8699,       0,       0,       0,       0,       0,       0,       0,       0,       0,       0,    1882,     495,     557,    -125,    2860,    2220,    3230,    2652,   -1348,    -770,  100.0,    2.1,    7.8,    0.4,   92.9,   83.9,   95.3,   92.1,    4.7,    7.9,  100.0,    2.1,    7.8,    0.4,   92.9,   83.9,   95.3,   92.1,    4.7,    7.9,    0.0,    0.0,    0.0,    0.0,    0.0,    0.0,    0.0,    0.0,    0.0,    0.0,     31,      3,      5,      2,     14,     15,     17,     22,     31,      3,      5,      2,     14,     15,     17,     22,      0,      0,      0,      0,      0,      0,      0,      0,    70.6,    59.6,    86.7,    78.5,    67.9,    58.3,    82.7,    76.3,    70.6,    59.6,    86.7,    78.5,    67.9,    58.3,    82.7,    76.3,     0.0,     0.0,     0.0,     0.0,     0.0,     0.0,     0.0,     0.0,"(Contracts of 2,500  MMBTU'S)",02339E,IFED,023 
ALGONQUIN CITYGATES INDEX - ICE FUTURES ENERGY DIV,260825,2026-08-25,0233AW,IFED,01,023 ,   27855,     310,       0,       0,   24384,   24806,   24694,   24806,    3161,    3049,   27855,     310,       0,       0,   24384,   24806,   24694,   24806,    3161,    3049,       0,       0,       0,       0,       0,       0,       0,       0,       0,       0,.,.,.,.,.,.,.,.,.,.,  100.0,    1.1,    0.0,    0.0,   87.5,   89.1,   88.7,   89.1,   11.3,   10.9,  100.0,    1.1,    0.0,    0.0,   87.5,   89.1,   88.7,   89.1,   11.3,   10.9,    0.0,    0.0,    0.0,    0.0,    0.0,    0.0,    0.0,    0.0,    0.0,    0.0,     20,      1,      0,      0,     11,     11,     12,     11,     20,      1,      0,      0,     11,     11,     12,     11,      0,      0,      0,      0,      0,      0,      0,      0,    70.3,    76.2,    85.1,    85.9,    67.4,    76.2,    80.9,    84.1,    70.3,    76.2,    85.1,    85.9,    67.4,    76.2,    80.9,    84.1,     0.0,     0.0,     0.0,     0.0,     0.0,     0.0,     0.0,     0.0,mmbtu,0233AW,IFED,023 
ALUMINIUM EURO PREM DUTY-PAID - COMMODITY EXCHANGE INC.,260818,2026-08-18,191696,CMX ,01,191 ,   12841,    2366,    3693,     103,    9914,    8780,   12383,   12576,     458,     265,   12841,    2366,    3693,     103,    9914,    8780,   12383,   12576,     458,     265,       0,       0,       0,       0,       0,       0,       0,       0,       0,       0,     120,       0,       0,       0,     164,     126,     164,     126,     -44,      -6,  100.0,   18.4,   28.8,    0.8,   77.2,   68.4,   96.4,   97.9,    3.6,    2.1,  100.0,   18.4,   28.8,    0.8,   77.2,   68.4,   96.4,   97.9,    3.6,    2.1,    0.0,    0.0,    0.0,    0.0,    0.0,    0.0,    0.0,    0.0,    0.0,    0.0,     31,      5,      5,      1,     13,     15,     19,     20,     31,      5,      5,      1,     13,     15,     19,     20,      0,      0,      0,      0,      0,      0,      0,      0,    57.5,    48.9,    80.6,    76.3,    57.5,    45.7,    78.3,    69.7,    57.5,    48.9,    80.6,    76.3,    57.5,    45.7,    78.3,    69.7,     0.0,     0.0,     0.0,     0.0,     0.0,     0.0,     0.0,     0.0,(25 METRIC TONS),191696,CMX ,191 
ALUMINIUM EURO PREM DUTY-PAID - COMMODITY EXCHANGE INC.,260825,2026-08-25,191696,CMX ,01,191 ,   13531,    2501,    3813,     103,   10401,    9579,   13005,   13495,     526,      36,   13531,    2501,    3813,     103,   10401,    9579,   13005,   13495,     526,      36,       0,       0,       0,       0,       0,       0,       0,       0,       0,       0,     690,     135,     120,       0,     487,     799,     622,     919,      68,    -229,  100.0,   18.5,   28.2,    0.8,   76.9,   70.8,   96.1,   99.7,    3.9,    0.3,  100.0,   18.5,   28.2,    0.8,   76.9,   70.8,   96.1,   99.7,    3.9,    0.3,    0.0,    0.0,    0.0,    0.0,    0.0,    0.0,    0.0,    0.0,    0.0,    0.0,     29,      5,      4,      1,     13,     16,     19,     20,     29,      5,      4,      1,     13,     16,     19,     20,      0,      0,      0,      0,      0,      0,      0,      0,    56.1,    49.0,    79.6,    76.1,    56.0,    45.3,    77.6,    69.7,    56.1,    49.0,    79.6,    76.1,    56.0,    45.3,    77.6,    69.7,     0.0,     0.0,     0.0,     0.0,     0.0,     0.0,     0.0,     0.0,(25 METRIC TONS),191696,CMX ,191 
ALUMINUM MWP - COMMODITY EXCHANGE INC.,260818,2026-08-18,191693,CMX ,01,191 ,   29582,    3192,    3733,     837,   25404,   24712,   29433,   29282,     149,     300,   29582,    3192,    3733,     837,   25404,   24712,   29433,   29282,     149,     300,       0,       0,       0,       0,       0,       0,       0,       0,       0,       0,    1492,     130,    -149,     -40,    1384,    1571,    1474,    1382,      18,     110,  100.0,   10.8,   12.6,    2.8,   85.9,   83.5,   99.5,   99.0,    0.5,    1.0,  100.0,   10.8,   12.6,    2.8,   85.9,   83.5,   99.5,   99.0,    0.5,    1.0,    0.0,    0.0,    0.0,    0.0,    0.0,    0.0,    0.0,    0.0,    0.0,    0.0,     55,      4,     12,      5,     25,     31,     32,     45,     55,      4,     12,      5,     25,     31,     32,     45,      0,      0,      0,      0,      0,      0,      0,      0,    42.1,    50.2,    66.6,    73.6,    41.8,    50.0,    66.2,    72.2,    42.1,    50.2,    66.6,    73.6,    41.8,    50.0,    66.2,    72.2,     0.0,     0.0,     0.0,     0.0,     0.0,     0.0,     0.0,     0.0,"(55,116 US Pounds-25 MT)",191693,CMX ,191 
ALUMINUM MWP - COMMODITY EXCHANGE INC.,260825,2026-08-25,191693,CMX ,01,191 ,   30796,    3027,    3009,    1101,   26497,   26332,   30625,   30442,     171,     354,   30796,    3027,    3009,    1101,   26497,   26332,   30625,   30442,     171,     354,       0,       0,       0,       0,       0,       0,       0,       0,       0,       0,    1214,    -165,    -724,     264,    1093,    1620,    1192,    1160,      22,      54,  100.0,    9.8,    9.8,    3.6,   86.0,   85.5,   99.4,   98.9,    0.6,    1.1,  100.0,    9.8,    9.8,    3.6,   86.0,   85.5,   99.4,   98.9,    0.6,    1.1,    0.0,    0.0,    0.0,    0.0,    0.0,    0.0,    0.0,    0.0,    0.0,    0.0,     57,      4,     14,      7,     26,     32,     34,     50,     57,      4,     14,      7,     26,     32,     34,     50,      0,      0,      0,      0,      0,      0,      0,      0,    43.3,    48.6,    67.0,    69.4,    43.0,    48.4,    66.6,    68.4,    43.3,    48.6,    67.0,    69.4,    43.0,    48.4,    66.6,    68.4,     0.0,     0.0,     0.0,     0.0,     0.0,     0.0,     0.0,     0.0,"(55,116 US Pounds-25 MT)",191693,CMX ,191 
ARGUS CIF ARA Lg Finl Propane - ICE FUTURES ENERGY DIV,260818,2026-08-18,066411,IFED,01,066 ,    3831,     656,     107,     450,    2078,    2584,    3184,    3141,     647,     690,    3831,     656,     107,     450,    2078,    2584,    3184,    3141,     647,     690,       0,       0,       0,       0,       0,       0,       0,       0,       0,       0,      74,       7,      10,       8,      13,      85,      28,     103,      46,     -29,  100.0,   17.1,    2.8,   11.7,   54.2,   67.4,   83.1,   82.0,   16.9,   18.0,  100.0,   17.1,    2.8,   11.7,   54.2,   67.4,   83.1,   82.0,   16.9,   18.0,    0.0,    0.0,    0.0,    0.0,    0.0,    0.0,    0.0,    0.0,    0.0,    0.0,     23,      2,      3,      5,     14,     18,     19,     23,     23,      2,      3,      5,     14,     18,     19,     23,      0,      0,      0,      0,      0,      0,      0,      0,    44.4,    40.0,    66.7,    57.8,    31.2,    26.3,    36.9,    32.7,    44.4,    40.0,    66.7,    57.8,    31.2,    26.3,    36.9,    32.7,     0.0,     0.0,     0.0,     0.0,     0.0,     0.0,     0.0,     0.0,1000 metric tonnes,066411,IFED,066 
ARGUS CIF ARA Lg Finl Propane - ICE FUTURES ENERGY DIV,260825,2026-08-25,066411,IFED,01,066 ,    4000,     766,     125,     450,    2176,    2759,    3392,    3334,     608,     666,    4000,     766,     125,     450,    2176,    2759,    3392,    3334,     608,     666,       0,       0,       0,       0,       0,       0,       0,       0,       0,       0,     169,     110,      18,       0,      98,     175,     208,     193,     -39,     -24,  100.0,   19.1,    3.1,   11.3,   54.4,   69.0,   84.8,   83.3,   15.2,   16.6,  100.0,   19.1,    3.1,   11.3,   54.4,   69.0,   84.8,   83.3,   15.2,   16.6,    0.0,    0.0,    0.0,    0.0,    0.0,    0.0,    0.0,    0.0,    0.0,    0.0,     24,      3,      3,      6,     14,     18,     20,     24,     24,      3,      3,      6,     14,     18,     20,     24,      0,      0,      0,      0,      0,      0,      0,      0,    42.6,    39.5,    65.9,    57.5,    32.5,    26.6,    38.6,    34.2,    42.6,    39.5,    65.9,    57.5,    32.5,    26.6,    38.6,    34.2,     0.0,     0.0,     0.0,     0.0,     0.0,     0.0,     0.0,     0.0,1000 metric tonnes,066411,IFED,066 
ARGUS FAR EAST PROPANE - ICE FUTURES ENERGY DIV,260818,2026-08-18,066413,IFED,01,066 ,   14893,    1703,    1103,    1478,   10250,   11401,   13431,   13982,    1462,     911,   14893,    1703,    1103,    1478,   10250,   11401,   13431,   13982,    1462,     911,       0,       0,       0,       0,       0,       0,       0,       0,       0,       0,     595,     113,      61,      89,     356,     291,     558,     441,      37,     154,  100.0,   11.4,    7.4,    9.9,   68.8,   76.6,   90.2,   93.9,    9.8,    6.1,  100.0,   11.4,    7.4,    9.9,   68.8,   76.6,   90.2,   93.9,    9.8,    6.1,    0.0,    0.0,    0.0,    0.0,    0.0,    0.0,    0.0,    0.0,    0.0,    0.0,     67,     10,      7,     15,     45,     47,     61,     63,     67,     10,      7,     15,     45,     47,     61,     63,      0,      0,      0,      0,      0,      0,      0,      0,    37.3,    30.8,    53.0,    45.9,    32.9,    29.7,    44.8,    43.4,    37.3,    30.8,    53.0,    45.9,    32.9,    29.7,    44.8,    43.4,     0.0,     0.0,     0.0,     0.0,     0.0,     0.0,     0.0,     0.0,1000  metric tonnes,066413,IFED,066 
ARGUS FAR EAST PROPANE - ICE FUTURES ENERGY DIV,260825,2026-08-25,066413,IFED,01,066 ,   15729,    1647,    1104,    1856,   10622,   11799,   14125,   14759,    1604,     970,   15729,    1647,    1104,    1856,   10622,   11799,   14125,   14759,    1604,     970,       0,       0,       0,       0,       0,       0,       0,       0,       0,       0,     836,     -56,       1,     378,     372,     398,     694,     777,     142,      59,  100.0,   10.5,    7.0,   11.8,   67.5,   75.0,   89.8,   93.8,   10.2,    6.2,  100.0,   10.5,    7.0,   11.8,   67.5,   75.0,   89.8,   93.8,   10.2,    6.2,    0.0,    0.0,    0.0,    0.0,    0.0,    0.0,    0.0,    0.0,    0.0,    0.0,     69,     10,      7,     16,     47,     49,     64,     65,     69,     10,      7,     16,     47,     49,     64,     65,      0,      0,      0,      0,      0,      0,      0,      0,    36.3,    29.9,    50.8,    44.7,    31.7,    28.7,    43.1,    41.6,    36.3,    29.9,    50.8,    44.7,    31.7,    28.7,    43.1,    41.6,     0.0,     0.0,     0.0,     0.0,     0.0,     0.0,     0.0,     0.0,1000  metric tonnes,066413,IFED,066 
ARGUS PROPANE FAR EAST INDEX - NEW YORK MERCANTILE EXCHANGE,260818,2026-08-18,06665B,NYME,01,066 ,    4559,     924,      35,     151,    2692,    3772,    3767,    3958,     792,     601,    4559,     924,      35,     151,    2692,    3772,    3767,    3958,     792,     601,       0,       0,       0,       0,       0,       0,       0,       0,       0,       0,     146,      71,      -3,     -20,      47,     120,      98,      97,      48,      49,  100.0,   20.3,    0.8,    3.3,   59.0,   82.7,   82.6,   86.8,   17.4,   13.2,  100.0,   20.3,    0.8,    3.3,   59.0,   82.7,   82.6,   86.8,   17.4,   13.2,    0.0,    0.0,    0.0,    0.0,    0.0,    0.0,    0.0,    0.0,    0.0,    0.0,     25,      5,      1,      3,     17,     15,     22,     19,     25,      5,      1,      3,     17,     15,     22,     19,      0,      0,      0,      0,      0,      0,      0,      0,    48.1,    67.0,    61.7,    77.7,    45.7,    64.1,    56.6,    68.3,    48.1,    67.0,    61.7,    77.7,    45.7,    64.1,    56.6,    68.3,     0.0,     0.0,     0.0,     0.0,     0.0,     0.0,     0.0,     0.0,"(CONTRACTS OF 1,000 METRIC TONS)",06665B,NYME,066 
ARGUS PROPANE FAR EAST INDEX - NEW YORK MERCANTILE EXCHANGE,260825,2026-08-25,06665B,NYME,01,066 ,    4737,     948,      49,     161,    2857,    3924,    3966,    4134,     771,     603,    4737,     948,      49,     161,    2857,    3924,    3966,    4134,     771,     603,       0,       0,       0,       0,       0,       0,       0,       0,       0,       0,     178,      24,      14,      10,     165,     152,     199,     176,     -21,       2,  100.0,   20.0,    1.0,    3.4,   60.3,   82.8,   83.7,   87.3,   16.3,   12.7,  100.0,   20.0,    1.0,    3.4,   60.3,   82.8,   83.7,   87.3,   16.3,   12.7,    0.0,    0.0,    0.0,    0.0,    0.0,    0.0,    0.0,    0.0,    0.0,    0.0,     26,      4,      2,      3,     18,     15,     23,     19,     26,      4,      2,      3,     18,     15,     23,     19,      0,      0,      0,      0,      0,      0,      0,      0,    48.3,    65.6,    61.7,    77.4,    45.0,    61.9,    55.9,    66.5,    48.3,    65.6,    61.7,    77.4,    45.0,    61.9,    55.9,    66.5,     0.0,     0.0,     0.0,     0.0,     0.0,     0.0,     0.0,     0.0,"(CONTRACTS OF 1,000 METRIC TONS)",06665B,NYME,066 
AUSTRALIAN DOLLAR - CHICAGO MERCANTILE EXCHANGE,260818,2026-08-18,232741,CME ,00,232 ,  288526,   88204,  132363,    2896,  158823,  137357,  249923,  272616,   38603,   15910,  288526,   88204,  132363,    2896,  158823,  137357,  249923,  272616,   38603,   15910,       0,       0,       0,       0,       0,       0,       0,       0,       0,       0,   21304,    7666,   12602,     780,   13460,    6855,   21906,   20237,    -602,    1067,  100.0,   30.6,   45.9,    1.0,   55.0,   47.6,   86.6,   94.5,   13.4,    5.5,  100.0,   30.6,   45.9,    1.0,   55.0,   47.6,   86.6,   94.5,   13.4,    5.5,    0.0,    0.0,    0.0,    0.0,    0.0,    0.0,    0.0,    0.0,    0.0,    0.0,    109,     40,     20,      9,     34,     26,     77,     52,    109,     40,     20,      9,     34,     26,     77,     52,      0,      0,      0,      0,      0,      0,      0,      0,    46.8,    68.9,    57.0,    79.2,    46.8,    68.8,    57.0,    79.0,    46.8,    68.9,    57.0,    79.2,    46.8,    68.8,    57.0,    79.0,     0.0,     0.0,     0.0,     0.0,     0.0,     0.0,     0.0,     0.0,"(CONTRACTS OF AUD 100,000)",232741,CME ,232 
AUSTRALIAN DOLLAR - CHICAGO MERCANTILE EXCHANGE,260825,2026-08-25,232741,CME ,00,232 ,  333906,  106864,  151319,    3425,  183852,  164778,  294141,  319522,   39765,   14384,  333906,  106864,  151319,    3425,  183852,  164778,  294141,  319522,   39765,   14384,       0,       0,       0,       0,       0,       0,       0,       0,       0,       0,   45380,   18660,   18956,     529,   25029,   27421,   44218,   46906,    1162,   -1526,  100.0,   32.0,   45.3,    1.0,   55.1,   49.3,   88.1,   95.7,   11.9,    4.3,  100.0,   32.0,   45.3,    1.0,   55.1,   49.3,   88.1,   95.7,   11.9,    4.3,    0.0,    0.0,    0.0,    0.0,    0.0,    0.0,    0.0,    0.0,    0.0,    0.0,    123,     47,     22,      9,     38,     25,     88,     53,    123,     47,     22,      9,     38,     25,     88,     53,      0,      0,      0,      0,      0,      0,      0,      0,    46.2,    71.2,    56.9,    80.9,    46.1,    71.1,    56.8,    80.8,    46.2,    71.2,    56.9,    80.9,    46.1,    71.1,    56.8,    80.8,     0.0,     0.0,     0.0,     0.0,     0.0,     0.0,     0.0,     0.0,"(CONTRACTS OF AUD 100,000)",232741,CME ,232 
"AVALANCHE - COINBASE DERIVATIVES, LLC",260825,2026-08-25,171LM1,FREX,00,180 ,    4057,    3961,    4026,      11,       0,       0,    3972,    4037,      85,      20,    4057,    3961,    4026,      11,       0,       0,    3972,    4037,      85,      20,       0,       0,       0,       0,       0,       0,       0,       0,       0,       0,.,.,.,.,.,.,.,.,.,.,  100.0,   97.6,   99.2,    0.3,    0.0,    0.0,   97.9,   99.5,    2.1,    0.5,  100.0,   97.6,   99.2,    0.3,    0.0,    0.0,   97.9,   99.5,    2.1,    0.5,    0.0,    0.0,    0.0,    0.0,    0.0,    0.0,    0.0,    0.0,    0.0,    0.0,     24,     20,      4,      1,      0,      0,     20,      5,     24,     20,      4,      1,      0,      0,     20,      5,      0,      0,      0,      0,      0,      0,      0,      0,    70.1,    99.2,    83.3,    99.5,    69.8,    99.2,    83.0,    99.2,    70.1,    99.2,    83.3,    99.5,    69.8,    99.2,    83.0,    99.2,     0.0,     0.0,     0.0,     0.0,     0.0,     0.0,     0.0,     0.0,(10 Avalanche x $30 = $300),171LM1,FREX,180 
"AVALANCHE PERP STYLE - COINBASE DERIVATIVES, LLC",260818,2026-08-18,171LM2,FREX,00,180 ,    7614,    6669,    7475,       0,       0,       0,    6669,    7475,     945,     139,    7614,    6669,    7475,       0,       0,       0,    6669,    7475,     945,     139,       0,       0,       0,       0,       0,       0,       0,       0,       0,       0,    -342,    -403,    -322,       0,       0,       0,    -403,    -322,      61,     -20,  100.0,   87.6,   98.2,    0.0,    0.0,    0.0,   87.6,   98.2,   12.4,    1.8,  100.0,   87.6,   98.2,    0.0,    0.0,    0.0,   87.6,   98.2,   12.4,    1.8,    0.0,    0.0,    0.0,    0.0,    0.0,    0.0,    0.0,    0.0,    0.0,    0.0,     82,     61,     21,      0,      0,      0,     61,     21,     82,     61,     21,      0,      0,      0,     61,     21,      0,      0,      0,      0,      0,      0,      0,      0,    15.8,    76.7,    31.2,    86.2,    15.8,    76.7,    31.2,    86.2,    15.8,    76.7,    31.2,    86.2,    15.8,    76.7,    31.2,    86.2,     0.0,     0.0,     0.0,     0.0,     0.0,     0.0,     0.0,     0.0,(10 Avalanche),171LM2,FREX,180 
"AVALANCHE PERP STYLE - COINBASE DERIVATIVES, LLC",260825,2026-08-25,171LM2,FREX,00,180 ,    8140,    7152,    8018,       0,       0,       0,    7152,    8018,     988,     122,    8140,    7152,    8018,       0,       0,       0,    7152,    8018,     988,     122,       0,       0,       0,       0,       0,       0,       0,       0,       0,       0,     526,     483,     543,       0,       0,       0,     483,     543,      43,     -17,  100.0,   87.9,   98.5,    0.0,    0.0,    0.0,   87.9,   98.5,   12.1,    1.5,  100.0,   87.9,   98.5,    0.0,    0.0,    0.0,   87.9,   98.5,   12.1,    1.5,    0.0,    0.0,    0.0,    0.0,    0.0,    0.0,    0.0,    0.0,    0.0,    0.0,     80,     60,     20,      0,      0,      0,     60,     20,     80,     60,     20,      0,      0,      0,     60,     20,      0,      0,      0,      0,      0,      0,      0,      0,    19.5,    79.5,    34.2,    89.8,    19.5,    79.5,    34.2,    89.8,    19.5,    79.5,    34.2,    89.8,    19.5,    79.5,    34.2,    89.8,     0.0,     0.0,     0.0,     0.0,     0.0,     0.0,     0.0,     0.0,(10 Avalanche),171LM2,FREX,180 
BBG COMMODITY - CHICAGO BOARD OF TRADE,260818,2026-08-18,221602,CBT ,00,221 ,  203571,  104268,  135623,    7439,   90260,   60487,  201967,  203549,    1604,      22,  203571,  104268,  135623,    7439,   90260,   60487,  201967,  203549,    1604,      22,       0,       0,       0,       0,       0,       0,       0,       0,       0,       0,    2593,   -3747,   -2405,    4982,     199,       0,    1434,    2577,    1159,      16,  100.0,   51.2,   66.6,    3.7,   44.3,   29.7,   99.2,  100.0,    0.8,    0.0,  100.0,   51.2,   66.6,    3.7,   44.3,   29.7,   99.2,  100.0,    0.8,    0.0,    0.0,    0.0,    0.0,    0.0,    0.0,    0.0,    0.0,    0.0,    0.0,    0.0,     80,     49,     15,      5,     15,      2,     65,     21,     80,     49,     15,      5,     15,      2,     65,     21,      0,      0,      0,      0,      0,      0,      0,      0,    65.2,    87.2,    80.2,    96.8,    64.9,    87.2,    76.6,    94.8,    65.2,    87.2,    80.2,    96.8,    64.9,    87.2,    76.6,    94.8,     0.0,     0.0,     0.0,     0.0,     0.0,     0.0,     0.0,     0.0,($100 X INDEX),221602,CBT ,221 
BBG COMMODITY - CHICAGO BOARD OF TRADE,260825,2026-08-25,221602,CBT ,00,221 ,  206317,  108190,  138369,    7429,   90191,   60487,  205810,  206285,     507,      32,  206317,  108190,  138369,    7429,   90191,   60487,  205810,  206285,     507,      32,       0,       0,       0,       0,       0,       0,       0,       0,       0,       0,    2746,    3922,    2746,     -10,     -69,       0,    3843,    2736,   -1097,      10,  100.0,   52.4,   67.1,    3.6,   43.7,   29.3,   99.8,  100.0,    0.2,    0.0,  100.0,   52.4,   67.1,    3.6,   43.7,   29.3,   99.8,  100.0,    0.2,    0.0,    0.0,    0.0,    0.0,    0.0,    0.0,    0.0,    0.0,    0.0,    0.0,    0.0,     82,     49,     17,      5,     15,      2,     66,     22,     82,     49,     17,      5,     15,      2,     66,     22,      0,      0,      0,      0,      0,      0,      0,      0,    65.3,    87.1,    80.3,    96.8,    65.1,    87.1,    76.6,    94.7,    65.3,    87.1,    80.3,    96.8,    65.1,    87.1,    76.6,    94.7,     0.0,     0.0,     0.0,     0.0,     0.0,     0.0,     0.0,     0.0,($100 X INDEX),221602,CBT ,221 
BITCOIN - CHICAGO MERCANTILE EXCHANGE,260818,2026-08-18,133741,CME ,00,133 ,   21760,   17370,   14634,    3476,     209,    2657,   21055,   20767,     705,     993,   21760,   17370,   14634,    3476,     209,    2657,   21055,   20767,     705,     993,       0,       0,       0,       0,       0,       0,       0,       0,       0,       0,     575,    -814,     315,    1291,     171,    -936,     648,     670,     -73,     -95,  100.0,   79.8,   67.3,   16.0,    1.0,   12.2,   96.8,   95.4,    3.2,    4.6,  100.0,   79.8,   67.3,   16.0,    1.0,   12.2,   96.8,   95.4,    3.2,    4.6,    0.0,    0.0,    0.0,    0.0,    0.0,    0.0,    0.0,    0.0,    0.0,    0.0,    125,     40,     76,     31,      2,      6,     60,     97,    125,     40,     76,     31,      2,      6,     60,     97,      0,      0,      0,      0,      0,      0,      0,      0,    63.7,    27.0,    78.7,    40.9,    60.5,    21.5,    69.0,    33.0,    63.7,    27.0,    78.7,    40.9,    60.5,    21.5,    69.0,    33.0,     0.0,     0.0,     0.0,     0.0,     0.0,     0.0,     0.0,     0.0,(5 Bitcoins),133741,CME ,133 
BITCOIN - CHICAGO MERCANTILE EXCHANGE,260825,2026-08-25,133741,CME ,00,133 ,   22216,   16582,   14633,    4133,     380,    2170,   21095,   20936,    1121,    1280,   22216,   16582,   14633,    4133,     380,    2170,   21095,   20936,    1121,    1280,       0,       0,       0,       0,       0,       0,       0,       0,       0,       0,     456,    -788,      -1,     657,     171,    -487,      40,     169,     416,     287,  100.0,   74.6,   65.9,   18.6,    1.7,    9.8,   95.0,   94.2,    5.0,    5.8,  100.0,   74.6,   65.9,   18.6,    1.7,    9.8,   95.0,   94.2,    5.0,    5.8,    0.0,    0.0,    0.0,    0.0,    0.0,    0.0,    0.0,    0.0,    0.0,    0.0,    126,     49,     67,     42,      3,      8,     78,     93,    126,     49,     67,     42,      3,      8,     78,     93,      0,      0,      0,      0,      0,      0,      0,      0,    63.1,    23.3,    72.7,    39.8,    58.5,    21.7,    63.3,    34.6,    63.1,    23.3,    72.7,    39.8,    58.5,    21.7,    63.3,    34.6,     0.0,     0.0,     0.0,     0.0,     0.0,     0.0,     0.0,     0.0,(5 Bitcoins),133741,CME ,133 
"BITCOIN CASH PERP STYLE - COINBASE DERIVATIVES, LLC",260818,2026-08-18,133LM5,FREX,00,133 ,    2717,    2429,    2047,       0,       0,     559,    2429,    2606,     288,     111,    2717,    2429,    2047,       0,       0,     559,    2429,    2606,     288,     111,       0,       0,       0,       0,       0,       0,       0,       0,       0,       0,    -101,     -77,     169,       0,       0,    -304,     -77,    -135,     -24,      34,  100.0,   89.4,   75.3,    0.0,    0.0,   20.6,   89.4,   95.9,   10.6,    4.1,  100.0,   89.4,   75.3,    0.0,    0.0,   20.6,   89.4,   95.9,   10.6,    4.1,    0.0,    0.0,    0.0,    0.0,    0.0,    0.0,    0.0,    0.0,    0.0,    0.0,     24,     13,     10,      0,      0,      1,     13,     11,     24,     13,     10,      0,      0,      1,     13,     11,      0,      0,      0,      0,      0,      0,      0,      0,    70.5,    72.9,    83.4,    91.7,    70.5,    72.9,    83.4,    91.7,    70.5,    72.9,    83.4,    91.7,    70.5,    72.9,    83.4,    91.7,     0.0,     0.0,     0.0,     0.0,     0.0,     0.0,     0.0,     0.0,(1 Bitcoin),133LM5,FREX,133 
"BITCOIN CASH PERP STYLE - COINBASE DERIVATIVES, LLC",260825,2026-08-25,133LM5,FREX,00,133 ,    1687,    1425,    1503,       0,       0,      79,    1425,    1582,     262,     105,    1687,    1425,    1503,       0,       0,      79,    1425,    1582,     262,     105,       0,       0,       0,       0,       0,       0,       0,       0,       0,       0,   -1030,   -1004,    -544,       0,       0,    -480,   -1004,   -1024,     -26,      -6,  100.0,   84.5,   89.1,    0.0,    0.0,    4.7,   84.5,   93.8,   15.5,    6.2,  100.0,   84.5,   89.1,    0.0,    0.0,    4.7,   84.5,   93.8,   15.5,    6.2,    0.0,    0.0,    0.0,    0.0,    0.0,    0.0,    0.0,    0.0,    0.0,    0.0,     24,     14,      9,      0,      0,      1,     14,     10,     24,     14,      9,      0,      0,      1,     14,     10,      0,      0,      0,      0,      0,      0,      0,      0,    53.3,    65.2,    73.0,    88.7,    53.3,    65.2,    73.0,    88.7,    53.3,    65.2,    73.0,    88.7,    53.3,    65.2,    73.0,    88.7,     0.0,     0.0,     0.0,     0.0,     0.0,     0.0,     0.0,     0.0,(1 Bitcoin),133LM5,FREX,133 
BLOOMBERG HY CREDIT FUTURES - CHICAGO BOARD OF TRADE,260818,2026-08-18,221605,CBT ,00,221 ,    4904,    3993,     700,       0,     875,    4114,    4868,    4814,      36,      90,    4904,    3993,     700,       0,     875,    4114,    4868,    4814,      36,      90,       0,       0,       0,       0,       0,       0,       0,       0,       0,       0,     -56,     -31,     -51,       0,       0,     -20,     -31,     -71,     -25,      15,  100.0,   81.4,   14.3,    0.0,   17.8,   83.9,   99.3,   98.2,    0.7,    1.8,  100.0,   81.4,   14.3,    0.0,   17.8,   83.9,   99.3,   98.2,    0.7,    1.8,    0.0,    0.0,    0.0,    0.0,    0.0,    0.0,    0.0,    0.0,    0.0,    0.0,     21,      9,      7,      0,      3,      3,     12,     10,     21,      9,      7,      0,      3,      3,     12,     10,      0,      0,      0,      0,      0,      0,      0,      0,    76.4,    91.2,    94.2,    96.7,    69.9,    79.3,    85.4,    84.8,    76.4,    91.2,    94.2,    96.7,    69.9,    79.3,    85.4,    84.8,     0.0,     0.0,     0.0,     0.0,     0.0,     0.0,     0.0,     0.0,($150 X INDEX),221605,CBT ,221 
BLOOMBERG HY CREDIT FUTURES - CHICAGO BOARD OF TRADE,260825,2026-08-25,221605,CBT ,00,221 ,    4667,    3690,     666,       0,     931,    3884,    4621,    4550,      46,     117,    4667,    3690,     666,       0,     931,    3884,    4621,    4550,      46,     117,       0,       0,       0,       0,       0,       0,       0,       0,       0,       0,    -237,    -303,     -34,       0,      56,    -230,    -247,    -264,      10,      27,  100.0,   79.1,   14.3,    0.0,   19.9,   83.2,   99.0,   97.5,    1.0,    2.5,  100.0,   79.1,   14.3,    0.0,   19.9,   83.2,   99.0,   97.5,    1.0,    2.5,    0.0,    0.0,    0.0,    0.0,    0.0,    0.0,    0.0,    0.0,    0.0,    0.0,     20,      7,      8,      0,      3,      3,     10,     11,     20,      7,      8,      0,      3,      3,     10,     11,      0,      0,      0,      0,      0,      0,      0,      0,    78.6,    90.1,    97.3,    95.4,    70.9,    76.7,    84.9,    82.0,    78.6,    90.1,    97.3,    95.4,    70.9,    76.7,    84.9,    82.0,     0.0,     0.0,     0.0,     0.0,     0.0,     0.0,     0.0,     0.0,($150 X INDEX),221605,CBT ,221 
BLOOMBERG IG CREDIT FUTURES - CHICAGO BOARD OF TRADE,260818,2026-08-18,221606,CBT ,00,221 ,    7647,    6918,    7434,       0,     669,     152,    7587,    7586,      60,      61,    7647,    6918,    7434,       0,     669,     152,    7587,    7586,      60,      61,       0,       0,       0,       0,       0,       0,       0,       0,       0,       0,    1888,    1873,    1862,       0,      30,       0,    1903,    1862,     -15,      26,  100.0,   90.5,   97.2,    0.0,    8.7,    2.0,   99.2,   99.2,    0.8,    0.8,  100.0,   90.5,   97.2,    0.0,    8.7,    2.0,   99.2,   99.2,    0.8,    0.8,    0.0,    0.0,    0.0,    0.0,    0.0,    0.0,    0.0,    0.0,    0.0,    0.0,     24,     11,      8,      0,      3,      2,     14,     10,     24,     11,      8,      0,      3,      2,     14,     10,      0,      0,      0,      0,      0,      0,      0,      0,    79.0,    90.8,    94.1,    98.2,    79.0,    90.8,    94.1,    98.2,    79.0,    90.8,    94.1,    98.2,    79.0,    90.8,    94.1,    98.2,     0.0,     0.0,     0.0,     0.0,     0.0,     0.0,     0.0,     0.0,($30 X INDEX),221606,CBT ,221 
BLOOMBERG IG CREDIT FUTURES - CHICAGO BOARD OF TRADE,260825,2026-08-25,221606,CBT ,00,221 ,    7580,    6839,    7369,       0,     669,     168,    7508,    7537,      72,      43,    7580,    6839,    7369,       0,     669,     168,    7508,    7537,      72,      43,       0,       0,       0,       0,       0,       0,       0,       0,       0,       0,     -67,     -79,     -65,       0,       0,      16,     -79,     -49,      12,     -18,  100.0,   90.2,   97.2,    0.0,    8.8,    2.2,   99.1,   99.4,    0.9,    0.6,  100.0,   90.2,   97.2,    0.0,    8.8,    2.2,   99.1,   99.4,    0.9,    0.6,    0.0,    0.0,    0.0,    0.0,    0.0,    0.0,    0.0,    0.0,    0.0,    0.0,     24,     11,      8,      0,      3,      2,     14,     10,     24,     11,      8,      0,      3,      2,     14,     10,      0,      0,      0,      0,      0,      0,      0,      0,    79.0,    90.8,    93.4,    98.3,    79.0,    90.8,    93.4,    98.3,    79.0,    90.8,    93.4,    98.3,    79.0,    90.8,    93.4,    98.3,     0.0,     0.0,     0.0,     0.0,     0.0,     0.0,     0.0,     0.0,($30 X INDEX),221606,CBT ,221 
BRAZILIAN REAL - CHICAGO MERCANTILE EXCHANGE,260818,2026-08-18,102741,CME ,00,102 ,  113408,   91730,   22981,    2071,   14424,   86977,  108225,  112029,    5183,    1379,  113408,   91730,   22981,    2071,   14424,   86977,  108225,  112029,    5183,    1379,       0,       0,       0,       0,       0,       0,       0,       0,       0,       0,   -4747,   -3312,   -5775,    1263,   -2843,    -516,   -4892,   -5028,     145,     281,  100.0,   80.9,   20.3,    1.8,   12.7,   76.7,   95.4,   98.8,    4.6,    1.2,  100.0,   80.9,   20.3,    1.8,   12.7,   76.7,   95.4,   98.8,    4.6,    1.2,    0.0,    0.0,    0.0,    0.0,    0.0,    0.0,    0.0,    0.0,    0.0,    0.0,    110,     64,     12,      7,     18,     15,     85,     32,    110,     64,     12,      7,     18,     15,     85,     32,      0,      0,      0,      0,      0,      0,      0,      0,    34.4,    78.7,    53.2,    90.7,    34.3,    78.7,    53.1,    90.5,    34.4,    78.7,    53.2,    90.7,    34.3,    78.7,    53.1,    90.5,     0.0,     0.0,     0.0,     0.0,     0.0,     0.0,     0.0,     0.0,"(CONTRACTS OF BRL 100,000)",102741,CME ,102 
BRAZILIAN REAL - CHICAGO MERCANTILE EXCHANGE,260825,2026-08-25,102741,CME ,00,102 ,  131553,   91963,   24061,   15587,   18032,   90770,  125582,  130418,    5971,    1135,  131553,   91963,   24061,   15587,   18032,   90770,  125582,  130418,    5971,    1135,       0,       0,       0,       0,       0,       0,       0,       0,       0,       0,   18145,     233,    1080,   13516,    3608,    3793,   17357,   18389,     788,    -244,  100.0,   69.9,   18.3,   11.8,   13.7,   69.0,   95.5,   99.1,    4.5,    0.9,  100.0,   69.9,   18.3,   11.8,   13.7,   69.0,   95.5,   99.1,    4.5,    0.9,    0.0,    0.0,    0.0,    0.0,    0.0,    0.0,    0.0,    0.0,    0.0,    0.0,    112,     63,     13,     10,     22,     15,     90,     34,    112,     63,     13,     10,     22,     15,     90,     34,      0,      0,      0,      0,      0,      0,      0,      0,    37.8,    73.2,    54.7,    87.4,    30.9,    73.1,    44.9,    80.1,    37.8,    73.2,    54.7,    87.4,    30.9,    73.1,    44.9,    80.1,     0.0,     0.0,     0.0,     0.0,     0.0,     0.0,     0.0,     0.0,"(CONTRACTS OF BRL 100,000)",102741,CME ,102 
BRENT LAST DAY - NEW YORK MERCANTILE EXCHANGE,260818,2026-08-18,06765T,NYME,01,067 ,  253532,   41492,   73742,  114611,   88159,   56503,  244262,  244856,    9270,    8676,  253532,   41492,   73742,  114611,   88159,   56503,  244262,  244856,    9270,    8676,       0,       0,       0,       0,       0,       0,       0,       0,       0,       0,   19560,    -163,    6233,   16775,    4353,   -2917,   20965,   20091,   -1405,    -531,  100.0,   16.4,   29.1,   45.2,   34.8,   22.3,   96.3,   96.6,    3.7,    3.4,  100.0,   16.4,   29.1,   45.2,   34.8,   22.3,   96.3,   96.6,    3.7,    3.4,    0.0,    0.0,    0.0,    0.0,    0.0,    0.0,    0.0,    0.0,    0.0,    0.0,     53,     15,     17,     28,     20,     18,     49,     49,     53,     15,     17,     28,     20,     18,     49,     49,      0,      0,      0,      0,      0,      0,      0,      0,    35.6,    54.9,    56.5,    72.8,    22.0,    32.1,    34.5,    39.6,    35.6,    54.9,    56.5,    72.8,    22.0,    32.1,    34.5,    39.6,     0.0,     0.0,     0.0,     0.0,     0.0,     0.0,     0.0,     0.0,"(CONTRACTS OF 1,000 BARRELS)",06765T,NYME,067 
BRENT LAST DAY - NEW YORK MERCANTILE EXCHANGE,260825,2026-08-25,06765T,NYME,01,067 ,  270144,   41968,   72967,  121260,   96174,   66599,  259402,  260826,   10742,    9318,  270144,   41968,   72967,  121260,   96174,   66599,  259402,  260826,   10742,    9318,       0,       0,       0,       0,       0,       0,       0,       0,       0,       0,   16612,     476,    -775,    6649,    8015,   10096,   15140,   15970,    1472,     642,  100.0,   15.5,   27.0,   44.9,   35.6,   24.7,   96.0,   96.6,    4.0,    3.4,  100.0,   15.5,   27.0,   44.9,   35.6,   24.7,   96.0,   96.6,    4.0,    3.4,    0.0,    0.0,    0.0,    0.0,    0.0,    0.0,    0.0,    0.0,    0.0,    0.0,     51,     14,     15,     28,     21,     20,     49,     49,     51,     14,     15,     28,     21,     20,     49,     49,      0,      0,      0,      0,      0,      0,      0,      0,    34.6,    50.1,    57.3,    69.7,    23.1,    30.1,    33.9,    36.9,    34.6,    50.1,    57.3,    69.7,    23.1,    30.1,    33.9,    36.9,     0.0,     0.0,     0.0,     0.0,     0.0,     0.0,     0.0,     0.0,"(CONTRACTS OF 1,000 BARRELS)",06765T,NYME,067 
BRITISH POUND - CHICAGO MERCANTILE EXCHANGE,260818,2026-08-18,096742,CME ,00,096 ,  286371,   77343,  131916,    4219,  172609,  122256,  254171,  258391,   32200,   27980,  286371,   77343,  131916,    4219,  172609,  122256,  254171,  258391,   32200,   27980,       0,       0,       0,       0,       0,       0,       0,       0,       0,       0,   29924,   12075,   10427,   -1620,   13267,   21801,   23722,   30608,    6202,    -684,  100.0,   27.0,   46.1,    1.5,   60.3,   42.7,   88.8,   90.2,   11.2,    9.8,  100.0,   27.0,   46.1,    1.5,   60.3,   42.7,   88.8,   90.2,   11.2,    9.8,    0.0,    0.0,    0.0,    0.0,    0.0,    0.0,    0.0,    0.0,    0.0,    0.0,    104,     27,     22,     12,     29,     40,     63,     67,    104,     27,     22,     12,     29,     40,     63,     67,      0,      0,      0,      0,      0,      0,      0,      0,    54.4,    50.8,    67.6,    62.4,    52.8,    50.7,    65.9,    62.2,    54.4,    50.8,    67.6,    62.4,    52.8,    50.7,    65.9,    62.2,     0.0,     0.0,     0.0,     0.0,     0.0,     0.0,     0.0,     0.0,"(CONTRACTS OF GBP 62,500)",096742,CME ,096 
BRITISH POUND - CHICAGO MERCANTILE EXCHANGE,260825,2026-08-25,096742,CME ,00,096 ,  318468,   93612,  138136,    6307,  185715,  147052,  285634,  291495,   32834,   26973,  318468,   93612,  138136,    6307,  185715,  147052,  285634,  291495,   32834,   26973,       0,       0,       0,       0,       0,       0,       0,       0,       0,       0,   32097,   16269,    6220,    2088,   13106,   24796,   31463,   33104,     634,   -1007,  100.0,   29.4,   43.4,    2.0,   58.3,   46.2,   89.7,   91.5,   10.3,    8.5,  100.0,   29.4,   43.4,    2.0,   58.3,   46.2,   89.7,   91.5,   10.3,    8.5,    0.0,    0.0,    0.0,    0.0,    0.0,    0.0,    0.0,    0.0,    0.0,    0.0,    119,     34,     27,     15,     30,     40,     71,     75,    119,     34,     27,     15,     30,     40,     71,     75,      0,      0,      0,      0,      0,      0,      0,      0,    50.4,    51.6,    61.6,    62.6,    48.4,    51.5,    59.5,    62.5,    50.4,    51.6,    61.6,    62.6,    48.4,    51.5,    59.5,    62.5,     0.0,     0.0,     0.0,     0.0,     0.0,     0.0,     0.0,     0.0,"(CONTRACTS OF GBP 62,500)",096742,CME ,096 
BUTANE OPIS MT BELV NONTET FP - ICE FUTURES ENERGY DIV,260818,2026-08-18,06641D,IFED,01,066 ,   63596,    9156,    4709,    7711,   46365,   50655,   63232,   63075,     364,     521,   63596,    9156,    4709,    7711,   46365,   50655,   63232,   63075,     364,     521,       0,       0,       0,       0,       0,       0,       0,       0,       0,       0,    2131,     484,     160,     892,     785,    1109,    2161,    2161,     -30,     -30,  100.0,   14.4,    7.4,   12.1,   72.9,   79.7,   99.4,   99.2,    0.6,    0.8,  100.0,   14.4,    7.4,   12.1,   72.9,   79.7,   99.4,   99.2,    0.6,    0.8,    0.0,    0.0,    0.0,    0.0,    0.0,    0.0,    0.0,    0.0,    0.0,    0.0,     93,     12,      8,     15,     63,     59,     82,     76,     93,     12,      8,     15,     63,     59,     82,     76,      0,      0,      0,      0,      0,      0,      0,      0,    28.9,    29.2,    46.0,    44.6,    22.0,    19.8,    35.0,    31.2,    28.9,    29.2,    46.0,    44.6,    22.0,    19.8,    35.0,    31.2,     0.0,     0.0,     0.0,     0.0,     0.0,     0.0,     0.0,     0.0,42000 gallons(1000 barrels),06641D,IFED,066 
BUTANE OPIS MT BELV NONTET FP - ICE FUTURES ENERGY DIV,260825,2026-08-25,06641D,IFED,01,066 ,   66034,    9392,    4723,    7890,   48390,   52921,   65672,   65534,     362,     500,   66034,    9392,    4723,    7890,   48390,   52921,   65672,   65534,     362,     500,       0,       0,       0,       0,       0,       0,       0,       0,       0,       0,    2438,     236,      14,     179,    2025,    2266,    2440,    2459,      -2,     -21,  100.0,   14.2,    7.2,   11.9,   73.3,   80.1,   99.5,   99.2,    0.5,    0.8,  100.0,   14.2,    7.2,   11.9,   73.3,   80.1,   99.5,   99.2,    0.5,    0.8,    0.0,    0.0,    0.0,    0.0,    0.0,    0.0,    0.0,    0.0,    0.0,    0.0,     97,     17,      5,     18,     65,     59,     86,     80,     97,     17,      5,     18,     65,     59,     86,     80,      0,      0,      0,      0,      0,      0,      0,      0,    27.7,    29.7,    44.5,    45.1,    21.0,    19.9,    33.4,    32.0,    27.7,    29.7,    44.5,    45.1,    21.0,    19.9,    33.4,    32.0,     0.0,     0.0,     0.0,     0.0,     0.0,     0.0,     0.0,     0.0,42000 gallons(1000 barrels),06641D,IFED,066 
BUTTER (CASH SETTLED) - CHICAGO MERCANTILE EXCHANGE,260818,2026-08-18,050642,CME ,00,050 ,   18000,     146,    4861,     677,   16449,   12242,   17272,   17780,     728,     220,   18000,     146,    4861,     677,   16449,   12242,   17272,   17780,     728,     220,       0,       0,       0,       0,       0,       0,       0,       0,       0,       0,     780,     -30,     459,      21,     754,     305,     745,     785,      35,      -5,  100.0,    0.8,   27.0,    3.8,   91.4,   68.0,   96.0,   98.8,    4.0,    1.2,  100.0,    0.8,   27.0,    3.8,   91.4,   68.0,   96.0,   98.8,    4.0,    1.2,    0.0,    0.0,    0.0,    0.0,    0.0,    0.0,    0.0,    0.0,    0.0,    0.0,     57,      2,     10,      6,     38,     26,     45,     37,     57,      2,     10,      6,     38,     26,     45,     37,      0,      0,      0,      0,      0,      0,      0,      0,    38.8,    39.1,    55.1,    60.6,    34.1,    35.0,    48.8,    50.4,    38.8,    39.1,    55.1,    60.6,    34.1,    35.0,    48.8,    50.4,     0.0,     0.0,     0.0,     0.0,     0.0,     0.0,     0.0,     0.0,"(CONTRACTS OF 20,000 POUNDS)",050642,CME ,050 
BUTTER (CASH SETTLED) - CHICAGO MERCANTILE EXCHANGE,260825,2026-08-25,050642,CME ,00,050 ,   18919,     145,    5264,     738,   17314,   12724,   18197,   18726,     722,     193,   18919,     145,    5264,     738,   17314,   12724,   18197,   18726,     722,     193,       0,       0,       0,       0,       0,       0,       0,       0,       0,       0,     919,      -1,     403,      61,     865,     482,     925,     946,      -6,     -27,  100.0,    0.8,   27.8,    3.9,   91.5,   67.3,   96.2,   99.0,    3.8,    1.0,  100.0,    0.8,   27.8,    3.9,   91.5,   67.3,   96.2,   99.0,    3.8,    1.0,    0.0,    0.0,    0.0,    0.0,    0.0,    0.0,    0.0,    0.0,    0.0,    0.0,     58,      2,     11,      6,     37,     26,     44,     38,     58,      2,     11,      6,     37,     26,     44,     38,      0,      0,      0,      0,      0,      0,      0,      0,    38.0,    39.3,    55.1,    60.7,    33.9,    35.1,    48.8,    49.8,    38.0,    39.3,    55.1,    60.7,    33.9,    35.1,    48.8,    49.8,     0.0,     0.0,     0.0,     0.0,     0.0,     0.0,     0.0,     0.0,"(CONTRACTS OF 20,000 POUNDS)",050642,CME ,050 
CAISO NP-15 DA OFF-PK FIXED - ICE FUTURES ENERGY DIV,260818,2026-08-18,0643BR,IFED,01,064 ,   48185,    5776,   13052,    1776,   40343,   33267,   47895,   48095,     290,      90,   48185,    5776,   13052,    1776,   40343,   33267,   47895,   48095,     290,      90,       0,       0,       0,       0,       0,       0,       0,       0,       0,       0,     -79,     334,     204,     -89,    -324,    -194,     -79,     -79,       0,       0,  100.0,   12.0,   27.1,    3.7,   83.7,   69.0,   99.4,   99.8,    0.6,    0.2,  100.0,   12.0,   27.1,    3.7,   83.7,   69.0,   99.4,   99.8,    0.6,    0.2,    0.0,    0.0,    0.0,    0.0,    0.0,    0.0,    0.0,    0.0,    0.0,    0.0,     34,      5,      3,      5,     21,     15,     28,     21,     34,      5,      3,      5,     21,     15,     28,     21,      0,      0,      0,      0,      0,      0,      0,      0,    55.7,    81.7,    75.8,    93.2,    55.2,    79.3,    72.8,    89.4,    55.7,    81.7,    75.8,    93.2,    55.2,    79.3,    72.8,    89.4,     0.0,     0.0,     0.0,     0.0,     0.0,     0.0,     0.0,     0.0,(1 MW per Hour for about 386 Hours),0643BR,IFED,064 
CAISO NP-15 DA OFF-PK FIXED - ICE FUTURES ENERGY DIV,260825,2026-08-25,0643BR,IFED,01,064 ,   48246,    6121,   13502,    1331,   40504,   33323,   47956,   48156,     290,      90,   48246,    6121,   13502,    1331,   40504,   33323,   47956,   48156,     290,      90,       0,       0,       0,       0,       0,       0,       0,       0,       0,       0,      61,     345,     450,    -445,     161,      56,      61,      61,       0,       0,  100.0,   12.7,   28.0,    2.8,   84.0,   69.1,   99.4,   99.8,    0.6,    0.2,  100.0,   12.7,   28.0,    2.8,   84.0,   69.1,   99.4,   99.8,    0.6,    0.2,    0.0,    0.0,    0.0,    0.0,    0.0,    0.0,    0.0,    0.0,    0.0,    0.0,     36,      6,      3,      5,     21,     16,     29,     22,     36,      6,      3,      5,     21,     16,     29,     22,      0,      0,      0,      0,      0,      0,      0,      0,    55.6,    81.3,    76.2,    93.7,    55.1,    79.6,    73.4,    90.5,    55.6,    81.3,    76.2,    93.7,    55.1,    79.6,    73.4,    90.5,     0.0,     0.0,     0.0,     0.0,     0.0,     0.0,     0.0,     0.0,(1 MW per Hour for about 386 Hours),0643BR,IFED,064 
CAISO NP-15 PEAK - ICE FUTURES ENERGY DIV,260818,2026-08-18,0643BM,IFED,01,064 ,   46930,    2543,   10423,    3565,   40483,   32784,   46591,   46772,     339,     158,   46930,    2543,   10423,    3565,   40483,   32784,   46591,   46772,     339,     158,       0,       0,       0,       0,       0,       0,       0,       0,       0,       0,    1575,     419,    -296,     211,     990,    1660,    1620,    1575,     -45,       0,  100.0,    5.4,   22.2,    7.6,   86.3,   69.9,   99.3,   99.7,    0.7,    0.3,  100.0,    5.4,   22.2,    7.6,   86.3,   69.9,   99.3,   99.7,    0.7,    0.3,    0.0,    0.0,    0.0,    0.0,    0.0,    0.0,    0.0,    0.0,    0.0,    0.0,     44,      8,      6,      7,     25,     18,     37,     27,     44,      8,      6,      7,     25,     18,     37,     27,      0,      0,      0,      0,      0,      0,      0,      0,    48.0,    69.9,    71.5,    87.8,    47.8,    67.2,    65.7,    79.1,    48.0,    69.9,    71.5,    87.8,    47.8,    67.2,    65.7,    79.1,     0.0,     0.0,     0.0,     0.0,     0.0,     0.0,     0.0,     0.0,(Contracts of 400MWh),0643BM,IFED,064 
CAISO NP-15 PEAK - ICE FUTURES ENERGY DIV,260825,2026-08-25,0643BM,IFED,01,064 ,   46430,    2528,    9435,    3650,   39943,   33164,   46121,   46249,     309,     181,   46430,    2528,    9435,    3650,   39943,   33164,   46121,   46249,     309,     181,       0,       0,       0,       0,       0,       0,       0,       0,       0,       0,    -500,     -15,    -988,      85,    -540,     380,    -470,    -523,     -30,      23,  100.0,    5.4,   20.3,    7.9,   86.0,   71.4,   99.3,   99.6,    0.7,    0.4,  100.0,    5.4,   20.3,    7.9,   86.0,   71.4,   99.3,   99.6,    0.7,    0.4,    0.0,    0.0,    0.0,    0.0,    0.0,    0.0,    0.0,    0.0,    0.0,    0.0,     46,      8,      6,      7,     27,     19,     39,     28,     46,      8,      6,      7,     27,     19,     39,     28,      0,      0,      0,      0,      0,      0,      0,      0,    47.9,    69.0,    70.4,    87.8,    47.5,    66.3,    64.8,    78.7,    47.9,    69.0,    70.4,    87.8,    47.5,    66.3,    64.8,    78.7,     0.0,     0.0,     0.0,     0.0,     0.0,     0.0,     0.0,     0.0,(Contracts of 400MWh),0643BM,IFED,064 
CAISO SP-15 DA OFF-PK FIXED - ICE FUTURES ENERGY DIV,260818,2026-08-18,064396,IFED,01,064 ,   80376,    6550,   19323,    8759,   64816,   52166,   80125,   80248,     251,     128,   80376,    6550,   19323,    8759,   64816,   52166,   80125,   80248,     251,     128,       0,       0,       0,       0,       0,       0,       0,       0,       0,       0,    -324,     -64,   -2050,     281,    -509,    1462,    -292,    -307,     -32,     -17,  100.0,    8.1,   24.0,   10.9,   80.6,   64.9,   99.7,   99.8,    0.3,    0.2,  100.0,    8.1,   24.0,   10.9,   80.6,   64.9,   99.7,   99.8,    0.3,    0.2,    0.0,    0.0,    0.0,    0.0,    0.0,    0.0,    0.0,    0.0,    0.0,    0.0,     44,      4,      7,      7,     30,     23,     40,     31,     44,      4,      7,      7,     30,     23,     40,     31,      0,      0,      0,      0,      0,      0,      0,      0,    48.3,    52.3,    71.0,    75.9,    42.5,    44.6,    59.4,    62.5,    48.3,    52.3,    71.0,    75.9,    42.5,    44.6,    59.4,    62.5,     0.0,     0.0,     0.0,     0.0,     0.0,     0.0,     0.0,     0.0,(Contracts of about 352 MWh),064396,IFED,064 
CAISO SP-15 DA OFF-PK FIXED - ICE FUTURES ENERGY DIV,260825,2026-08-25,064396,IFED,01,064 ,   82203,    6495,   20239,    8824,   66648,   52973,   81967,   82036,     236,     167,   82203,    6495,   20239,    8824,   66648,   52973,   81967,   82036,     236,     167,       0,       0,       0,       0,       0,       0,       0,       0,       0,       0,    1827,     -55,     916,      65,    1832,     807,    1842,    1788,     -15,      39,  100.0,    7.9,   24.6,   10.7,   81.1,   64.4,   99.7,   99.8,    0.3,    0.2,  100.0,    7.9,   24.6,   10.7,   81.1,   64.4,   99.7,   99.8,    0.3,    0.2,    0.0,    0.0,    0.0,    0.0,    0.0,    0.0,    0.0,    0.0,    0.0,    0.0,     44,      4,      7,      7,     30,     23,     40,     31,     44,      4,      7,      7,     30,     23,     40,     31,      0,      0,      0,      0,      0,      0,      0,      0,    48.9,    49.8,    71.9,    75.6,    43.3,    44.3,    60.1,    62.7,    48.9,    49.8,    71.9,    75.6,    43.3,    44.3,    60.1,    62.7,     0.0,     0.0,     0.0,     0.0,     0.0,     0.0,     0.0,     0.0,(Contracts of about 352 MWh),064396,IFED,064 
CALIF CARBON ALL VINTAGE 2026 - ICE FUTURES ENERGY DIV,260818,2026-08-18,0063EE,IFED,01,006 ,  204514,  141717,   44954,   15739,   46831,  143759,  204287,  204452,     227,      62,  204514,  141717,   44954,   15739,   46831,  143759,  204287,  204452,     227,      62,       0,       0,       0,       0,       0,       0,       0,       0,       0,       0,    5126,    1030,    1407,    2230,    1838,    1447,    5098,    5084,      28,      42,  100.0,   69.3,   22.0,    7.7,   22.9,   70.3,   99.9,  100.0,    0.1,    0.0,  100.0,   69.3,   22.0,    7.7,   22.9,   70.3,   99.9,  100.0,    0.1,    0.0,    0.0,    0.0,    0.0,    0.0,    0.0,    0.0,    0.0,    0.0,    0.0,    0.0,    144,     73,     19,     16,     31,     32,    109,     63,    144,     73,     19,     16,     31,     32,    109,     63,      0,      0,      0,      0,      0,      0,      0,      0,    40.2,    22.5,    53.0,    40.8,    38.8,    22.0,    50.6,    40.1,    40.2,    22.5,    53.0,    40.8,    38.8,    22.0,    50.6,    40.1,     0.0,     0.0,     0.0,     0.0,     0.0,     0.0,     0.0,     0.0,"1,000 California carbon allowances",0063EE,IFED,006 
CALIF CARBON ALL VINTAGE 2026 - ICE FUTURES ENERGY DIV,260825,2026-08-25,0063EE,IFED,01,006 ,  210500,  142386,   46511,   17240,   50682,  146722,  210308,  210473,     192,      27,  210500,  142386,   46511,   17240,   50682,  146722,  210308,  210473,     192,      27,       0,       0,       0,       0,       0,       0,       0,       0,       0,       0,    5986,     669,    1557,    1501,    3851,    2963,    6021,    6021,     -35,     -35,  100.0,   67.6,   22.1,    8.2,   24.1,   69.7,   99.9,  100.0,    0.1,    0.0,  100.0,   67.6,   22.1,    8.2,   24.1,   69.7,   99.9,  100.0,    0.1,    0.0,    0.0,    0.0,    0.0,    0.0,    0.0,    0.0,    0.0,    0.0,    0.0,    0.0,    148,     75,     20,     25,     33,     33,    114,     73,    148,     75,     20,     25,     33,     33,    114,     73,      0,      0,      0,      0,      0,      0,      0,      0,    39.6,    22.4,    51.9,    40.0,    38.3,    21.0,    49.4,    38.6,    39.6,    22.4,    51.9,    40.0,    38.3,    21.0,    49.4,    38.6,     0.0,     0.0,     0.0,     0.0,     0.0,     0.0,     0.0,     0.0,"1,000 California carbon allowances",0063EE,IFED,006 
CALIF CARBON ALL VINTAGE 2027 - ICE FUTURES ENERGY DIV,260818,2026-08-18,0063EI,IFED,01,006 ,   30559,   12903,    5397,     730,   16917,   24427,   30550,   30554,       9,       5,   30559,   12903,    5397,     730,   16917,   24427,   30550,   30554,       9,       5,       0,       0,       0,       0,       0,       0,       0,       0,       0,       0,     166,     430,     125,     -25,    -240,      75,     165,     175,       1,      -9,  100.0,   42.2,   17.7,    2.4,   55.4,   79.9,  100.0,  100.0,    0.0,    0.0,  100.0,   42.2,   17.7,    2.4,   55.4,   79.9,  100.0,  100.0,    0.0,    0.0,    0.0,    0.0,    0.0,    0.0,    0.0,    0.0,    0.0,    0.0,    0.0,    0.0,     38,     14,      5,      2,     10,     10,     26,     15,     38,     14,      5,      2,     10,     10,     26,     15,      0,      0,      0,      0,      0,      0,      0,      0,    63.3,    73.7,    79.4,    93.5,    63.3,    73.4,    79.4,    92.1,    63.3,    73.7,    79.4,    93.5,    63.3,    73.4,    79.4,    92.1,     0.0,     0.0,     0.0,     0.0,     0.0,     0.0,     0.0,     0.0,"1,000 California carbon allowances",0063EI,IFED,006 
CALIF CARBON ALL VINTAGE 2027 - ICE FUTURES ENERGY DIV,260825,2026-08-25,0063EI,IFED,01,006 ,   31837,   13058,    5794,     755,   18016,   25278,   31829,   31827,       8,      10,   31837,   13058,    5794,     755,   18016,   25278,   31829,   31827,       8,      10,       0,       0,       0,       0,       0,       0,       0,       0,       0,       0,    1278,     155,     397,      25,    1099,     851,    1279,    1273,      -1,       5,  100.0,   41.0,   18.2,    2.4,   56.6,   79.4,  100.0,  100.0,    0.0,    0.0,  100.0,   41.0,   18.2,    2.4,   56.6,   79.4,  100.0,  100.0,    0.0,    0.0,    0.0,    0.0,    0.0,    0.0,    0.0,    0.0,    0.0,    0.0,    0.0,    0.0,     40,     15,      5,      2,     10,     11,     26,     17,     40,     15,      5,      2,     10,     11,     26,     17,      0,      0,      0,      0,      0,      0,      0,      0,    62.7,    72.7,    79.5,    92.6,    62.7,    72.3,    79.5,    91.3,    62.7,    72.7,    79.5,    92.6,    62.7,    72.3,    79.5,    91.3,     0.0,     0.0,     0.0,     0.0,     0.0,     0.0,     0.0,     0.0,"1,000 California carbon allowances",0063EI,IFED,006 
CALIF CARBON ALLOWANCE V2026 - NODAL EXCHANGE,260818,2026-08-18,0063EL,NODX,01,006 ,    6073,    3201,    4704,       0,    2811,    1317,    6012,    6021,      61,      52,    6073,    3201,    4704,       0,    2811,    1317,    6012,    6021,      61,      52,       0,       0,       0,       0,       0,       0,       0,       0,       0,       0,       5,      -2,     -13,       0,      -6,       0,      -8,     -13,      13,      18,  100.0,   52.7,   77.5,    0.0,   46.3,   21.7,   99.0,   99.1,    1.0,    0.9,  100.0,   52.7,   77.5,    0.0,   46.3,   21.7,   99.0,   99.1,    1.0,    0.9,    0.0,    0.0,    0.0,    0.0,    0.0,    0.0,    0.0,    0.0,    0.0,    0.0,     27,      6,      6,      0,      8,      7,     14,     13,     27,      6,      6,      0,      8,      7,     14,     13,      0,      0,      0,      0,      0,      0,      0,      0,    76.7,    76.8,    93.1,    91.4,    76.7,    76.8,    93.1,    91.4,    76.7,    76.8,    93.1,    91.4,    76.7,    76.8,    93.1,    91.4,     0.0,     0.0,     0.0,     0.0,     0.0,     0.0,     0.0,     0.0,"(1,000 California carbon allowances)",0063EL,NODX,006 
CALIF CARBON ALLOWANCE V2026 - NODAL EXCHANGE,260825,2026-08-25,0063EL,NODX,01,006 ,    6161,    3297,    4793,       0,    2808,    1317,    6105,    6110,      56,      51,    6161,    3297,    4793,       0,    2808,    1317,    6105,    6110,      56,      51,       0,       0,       0,       0,       0,       0,       0,       0,       0,       0,      88,      96,      89,       0,      -3,       0,      93,      89,      -5,      -1,  100.0,   53.5,   77.8,    0.0,   45.6,   21.4,   99.1,   99.2,    0.9,    0.8,  100.0,   53.5,   77.8,    0.0,   45.6,   21.4,   99.1,   99.2,    0.9,    0.8,    0.0,    0.0,    0.0,    0.0,    0.0,    0.0,    0.0,    0.0,    0.0,    0.0,     27,      5,      7,      0,      8,      7,     13,     14,     27,      5,      7,      0,      8,      7,     13,     14,      0,      0,      0,      0,      0,      0,      0,      0,    77.2,    75.7,    93.3,    90.3,    77.2,    75.7,    93.3,    90.3,    77.2,    75.7,    93.3,    90.3,    77.2,    75.7,    93.3,    90.3,     0.0,     0.0,     0.0,     0.0,     0.0,     0.0,     0.0,     0.0,"(1,000 California carbon allowances)",0063EL,NODX,006 
CALIF CARBON CURRENT AUCTION - ICE FUTURES ENERGY DIV,260818,2026-08-18,0063DB,IFED,01,006 ,   64740,   18678,   29661,    8793,   37228,   26286,   64699,   64740,      41,       0,   64740,   18678,   29661,    8793,   37228,   26286,   64699,   64740,      41,       0,       0,       0,       0,       0,       0,       0,       0,       0,       0,       0,    6175,    4209,    2104,     575,    1377,    3496,    6161,    6175,      14,       0,  100.0,   28.9,   45.8,   13.6,   57.5,   40.6,   99.9,  100.0,    0.1,    0.0,  100.0,   28.9,   45.8,   13.6,   57.5,   40.6,   99.9,  100.0,    0.1,    0.0,    0.0,    0.0,    0.0,    0.0,    0.0,    0.0,    0.0,    0.0,    0.0,    0.0,     53,     18,     10,     13,     20,     11,     48,     25,     53,     18,     10,     13,     20,     11,     48,     25,      0,      0,      0,      0,      0,      0,      0,      0,    45.6,    70.3,    61.8,    84.7,    45.6,    64.1,    59.2,    75.3,    45.6,    70.3,    61.8,    84.7,    45.6,    64.1,    59.2,    75.3,     0.0,     0.0,     0.0,     0.0,     0.0,     0.0,     0.0,     0.0,"(1,000 California carbon allowances)",0063DB,IFED,006 
CALIF CARBON CURRENT AUCTION - ICE FUTURES ENERGY DIV,260825,2026-08-25,0063DB,IFED,01,006 ,   66710,   18802,   28558,   11053,   36812,   27099,   66667,   66710,      43,       0,   66710,   18802,   28558,   11053,   36812,   27099,   66667,   66710,      43,       0,       0,       0,       0,       0,       0,       0,       0,       0,       0,       0,    1970,     124,   -1103,    2260,    -416,     813,    1968,    1970,       2,       0,  100.0,   28.2,   42.8,   16.6,   55.2,   40.6,   99.9,  100.0,    0.1,    0.0,  100.0,   28.2,   42.8,   16.6,   55.2,   40.6,   99.9,  100.0,    0.1,    0.0,    0.0,    0.0,    0.0,    0.0,    0.0,    0.0,    0.0,    0.0,    0.0,    0.0,     56,     19,     11,     13,     21,     13,     50,     28,     56,     19,     11,     13,     21,     13,     50,     28,      0,      0,      0,      0,      0,      0,      0,      0,    42.9,    70.0,    60.4,    84.2,    42.4,    60.9,    56.3,    71.6,    42.9,    70.0,    60.4,    84.2,    42.4,    60.9,    56.3,    71.6,     0.0,     0.0,     0.0,     0.0,     0.0,     0.0,     0.0,     0.0,"(1,000 California carbon allowances)",0063DB,IFED,006 
CALIF LOW CARBON FSC-OPIS - ICE FUTURES ENERGY DIV,260818,2026-08-18,0063CU,IFED,01,006 ,  120977,   72971,   24669,    1477,   46492,   94831,  120940,  120977,      37,       0,  120977,   72971,   24669,    1477,   46492,   94831,  120940,  120977,      37,       0,       0,       0,       0,       0,       0,       0,       0,       0,       0,       0,     -88,    -818,    -450,      40,     659,     322,    -119,     -88,      31,       0,  100.0,   60.3,   20.4,    1.2,   38.4,   78.4,  100.0,  100.0,    0.0,    0.0,  100.0,   60.3,   20.4,    1.2,   38.4,   78.4,  100.0,  100.0,    0.0,    0.0,    0.0,    0.0,    0.0,    0.0,    0.0,    0.0,    0.0,    0.0,    0.0,    0.0,     51,     25,      6,      2,     12,     11,     38,     18,     51,     25,      6,      2,     12,     11,     38,     18,      0,      0,      0,      0,      0,      0,      0,      0,    64.0,    81.1,    82.3,    95.3,    64.0,    80.5,    82.3,    94.7,    64.0,    81.1,    82.3,    95.3,    64.0,    80.5,    82.3,    94.7,     0.0,     0.0,     0.0,     0.0,     0.0,     0.0,     0.0,     0.0,(100 LCFS Credits- each of 1 MT),0063CU,IFED,006 
CALIF LOW CARBON FSC-OPIS - ICE FUTURES ENERGY DIV,260825,2026-08-25,0063CU,IFED,01,006 ,  121195,   71038,   25487,    1427,   48709,   94281,  121174,  121195,      21,       0,  121195,   71038,   25487,    1427,   48709,   94281,  121174,  121195,      21,       0,       0,       0,       0,       0,       0,       0,       0,       0,       0,       0,     218,   -1933,     818,     -50,    2217,    -550,     234,     218,     -16,       0,  100.0,   58.6,   21.0,    1.2,   40.2,   77.8,  100.0,  100.0,    0.0,    0.0,  100.0,   58.6,   21.0,    1.2,   40.2,   77.8,  100.0,  100.0,    0.0,    0.0,    0.0,    0.0,    0.0,    0.0,    0.0,    0.0,    0.0,    0.0,    0.0,    0.0,     52,     26,      5,      2,     13,     11,     40,     17,     52,     26,      5,      2,     13,     11,     40,     17,      0,      0,      0,      0,      0,      0,      0,      0,    65.4,    81.1,    81.2,    95.4,    65.4,    80.4,    81.2,    94.7,    65.4,    81.1,    81.2,    95.4,    65.4,    80.4,    81.2,    94.7,     0.0,     0.0,     0.0,     0.0,     0.0,     0.0,     0.0,     0.0,(100 LCFS Credits- each of 1 MT),0063CU,IFED,006 
CANADIAN DOLLAR - CHICAGO MERCANTILE EXCHANGE,260818,2026-08-18,090741,CME ,00,090 ,  359585,   22985,  181151,   12067,  292932,  131553,  327984,  324771,   31601,   34814,  359585,   22985,  181151,   12067,  292932,  131553,  327984,  324771,   31601,   34814,       0,       0,       0,       0,       0,       0,       0,       0,       0,       0,   -4519,   10131,   -5065,   -7842,   -7043,   11264,   -4754,   -1643,     235,   -2876,  100.0,    6.4,   50.4,    3.4,   81.5,   36.6,   91.2,   90.3,    8.8,    9.7,  100.0,    6.4,   50.4,    3.4,   81.5,   36.6,   91.2,   90.3,    8.8,    9.7,    0.0,    0.0,    0.0,    0.0,    0.0,    0.0,    0.0,    0.0,    0.0,    0.0,    130,     17,     45,     15,     47,     37,     74,     87,    130,     17,     45,     15,     47,     37,     74,     87,      0,      0,      0,      0,      0,      0,      0,      0,    61.8,    29.6,    73.3,    44.9,    58.7,    29.6,    68.8,    44.8,    61.8,    29.6,    73.3,    44.9,    58.7,    29.6,    68.8,    44.8,     0.0,     0.0,     0.0,     0.0,     0.0,     0.0,     0.0,     0.0,"(CONTRACTS OF CAD 100,000)",090741,CME ,090 
CANADIAN DOLLAR - CHICAGO MERCANTILE EXCHANGE,260825,2026-08-25,090741,CME ,00,090 ,  329544,   36266,  157788,    4146,  256449,  133218,  296861,  295152,   32683,   34392,  329544,   36266,  157788,    4146,  256449,  133218,  296861,  295152,   32683,   34392,       0,       0,       0,       0,       0,       0,       0,       0,       0,       0,  -30041,   13281,  -23363,   -7921,  -36483,    1665,  -31123,  -29619,    1082,    -422,  100.0,   11.0,   47.9,    1.3,   77.8,   40.4,   90.1,   89.6,    9.9,   10.4,  100.0,   11.0,   47.9,    1.3,   77.8,   40.4,   90.1,   89.6,    9.9,   10.4,    0.0,    0.0,    0.0,    0.0,    0.0,    0.0,    0.0,    0.0,    0.0,    0.0,    120,     19,     39,     14,     45,     30,     73,     74,    120,     19,     39,     14,     45,     30,     73,     74,      0,      0,      0,      0,      0,      0,      0,      0,    58.2,    30.8,    70.4,    47.7,    57.1,    30.8,    68.2,    47.7,    58.2,    30.8,    70.4,    47.7,    57.1,    30.8,    68.2,    47.7,     0.0,     0.0,     0.0,     0.0,     0.0,     0.0,     0.0,     0.0,"(CONTRACTS OF CAD 100,000)",090741,CME ,090 
CANOLA - ICE FUTURES U.S.,260818,2026-08-18,135731,ICUS,01,135 ,  339181,  143692,   57822,   41334,  150877,  236239,  335903,  335395,    3278,    3786,  334616,  143668,   58078,   40497,  147273,  232256,  331438,  330831,    3178,    3785,    4565,     813,     533,      48,    3604,    3983,    4465,    4564,     100,       1,   30709,   27833,  -10556,    1240,     635,   39092,   29708,   29776,    1001,     933,  100.0,   42.4,   17.0,   12.2,   44.5,   69.6,   99.0,   98.9,    1.0,    1.1,  100.0,   42.9,   17.4,   12.1,   44.0,   69.4,   99.1,   98.9,    0.9,    1.1,  100.0,   17.8,   11.7,    1.1,   78.9,   87.3,   97.8,  100.0,    2.2,    0.0,    347,    131,     99,     57,     40,     88,    208,    220,    346,    130,    104,     54,     38,     87,    203,    219,     34,     10,      5,      4,      8,     11,     19,     19,    26.7,    30.3,    44.2,    45.6,    21.4,    22.0,    36.1,    35.4,    26.2,    29.8,    44.0,    45.3,    21.4,    21.6,    36.3,    35.4,    81.1,    89.7,    92.4,    95.5,    80.2,    89.7,    91.5,    95.4,(20 Metric Tonnes),135731,ICUS,135 
CANOLA - ICE FUTURES U.S.,260825,2026-08-25,135731,ICUS,01,135 ,  336898,  138040,   57130,   41347,  155228,  235436,  334615,  333913,    2283,    2985,  332008,  138053,   56970,   40792,  150962,  231266,  329807,  329028,    2201,    2980,    4890,     486,     659,      56,    4266,    4170,    4808,    4885,      82,       5,   -2283,   -5652,    -692,      13,    4351,    -803,   -1288,   -1482,    -995,    -801,  100.0,   41.0,   17.0,   12.3,   46.1,   69.9,   99.3,   99.1,    0.7,    0.9,  100.0,   41.6,   17.2,   12.3,   45.5,   69.7,   99.3,   99.1,    0.7,    0.9,  100.0,    9.9,   13.5,    1.1,   87.2,   85.3,   98.3,   99.9,    1.7,    0.1,    341,    122,    106,     57,     43,     86,    204,    223,    340,    122,    110,     55,     41,     85,    200,    222,     39,     11,      6,      3,     11,     11,     22,     20,    28.7,    33.7,    45.6,    49.0,    21.9,    25.1,    36.1,    38.2,    28.5,    33.6,    45.2,    48.8,    21.9,    25.1,    36.3,    38.4,    82.2,    87.2,    92.2,    94.7,    82.2,    87.2,    91.1,    94.7,(20 Metric Tonnes),135731,ICUS,135 
"CARDONA - COINBASE DERIVATIVES, LLC",260818,2026-08-18,174LM1,FREX,00,174 ,    1014,     748,     861,      99,       0,       0,     847,     960,     167,      54,    1014,     748,     861,      99,       0,       0,     847,     960,     167,      54,       0,       0,       0,       0,       0,       0,       0,       0,       0,       0,.,.,.,.,.,.,.,.,.,.,  100.0,   73.8,   84.9,    9.8,    0.0,    0.0,   83.5,   94.7,   16.5,    5.3,  100.0,   73.8,   84.9,    9.8,    0.0,    0.0,   83.5,   94.7,   16.5,    5.3,    0.0,    0.0,    0.0,    0.0,    0.0,    0.0,    0.0,    0.0,    0.0,    0.0,     21,     14,      7,      2,      0,      0,     15,      8,     21,     14,      7,      2,      0,      0,     15,      8,      0,      0,      0,      0,      0,      0,      0,      0,    40.4,    80.7,    60.4,    94.7,    35.3,    75.3,    54.5,    84.9,    40.4,    80.7,    60.4,    94.7,    35.3,    75.3,    54.5,    84.9,     0.0,     0.0,     0.0,     0.0,     0.0,     0.0,     0.0,     0.0,"(1,000 Cardano)",174LM1,FREX,174 
"CARDONA PERP STYLE - COINBASE DERIVATIVES, LLC",260818,2026-08-18,174LM2,FREX,00,174 ,   11756,   10304,   11220,       0,       0,     140,   10304,   11360,    1452,     396,   11756,   10304,   11220,       0,       0,     140,   10304,   11360,    1452,     396,       0,       0,       0,       0,       0,       0,       0,       0,       0,       0,    1533,    1421,    1607,       0,       0,       0,    1421,    1607,     112,     -74,  100.0,   87.6,   95.4,    0.0,    0.0,    1.2,   87.6,   96.6,   12.4,    3.4,  100.0,   87.6,   95.4,    0.0,    0.0,    1.2,   87.6,   96.6,   12.4,    3.4,    0.0,    0.0,    0.0,    0.0,    0.0,    0.0,    0.0,    0.0,    0.0,    0.0,    119,     72,     46,      0,      0,      1,     72,     47,    119,     72,     46,      0,      0,      1,     72,     47,      0,      0,      0,      0,      0,      0,      0,      0,    40.2,    65.0,    47.0,    71.8,    40.2,    65.0,    47.0,    71.8,    40.2,    65.0,    47.0,    71.8,    40.2,    65.0,    47.0,    71.8,     0.0,     0.0,     0.0,     0.0,     0.0,     0.0,     0.0,     0.0,"(1,000 Cardano)",174LM2,FREX,174 
"CARDONA PERP STYLE - COINBASE DERIVATIVES, LLC",260825,2026-08-25,174LM2,FREX,00,174 ,   10802,    9485,   10266,       0,       0,     140,    9485,   10406,    1317,     396,   10802,    9485,   10266,       0,       0,     140,    9485,   10406,    1317,     396,       0,       0,       0,       0,       0,       0,       0,       0,       0,       0,    -954,    -819,    -954,       0,       0,       0,    -819,    -954,    -135,       0,  100.0,   87.8,   95.0,    0.0,    0.0,    1.3,   87.8,   96.3,   12.2,    3.7,  100.0,   87.8,   95.0,    0.0,    0.0,    1.3,   87.8,   96.3,   12.2,    3.7,    0.0,    0.0,    0.0,    0.0,    0.0,    0.0,    0.0,    0.0,    0.0,    0.0,     99,     67,     31,      0,      0,      1,     67,     32,     99,     67,     31,      0,      0,      1,     67,     32,      0,      0,      0,      0,      0,      0,      0,      0,    40.6,    76.2,    48.0,    81.7,    40.6,    76.2,    48.0,    81.7,    40.6,    76.2,    48.0,    81.7,    40.6,    76.2,    48.0,    81.7,     0.0,     0.0,     0.0,     0.0,     0.0,     0.0,     0.0,     0.0,"(1,000 Cardano)",174LM2,FREX,174 
CG Mainline Basis - ICE FUTURES ENERGY DIV,260818,2026-08-18,02339Y,IFED,01,023 ,  330867,    5603,   18361,    2892,  316172,  303827,  324667,  325080,    6200,    5787,  330867,    5603,   18361,    2892,  316172,  303827,  324667,  325080,    6200,    5787,       0,       0,       0,       0,       0,       0,       0,       0,       0,       0,    7546,     -87,    1313,    -651,    8224,    6334,    7486,    6996,      60,     550,  100.0,    1.7,    5.5,    0.9,   95.6,   91.8,   98.1,   98.3,    1.9,    1.7,  100.0,    1.7,    5.5,    0.9,   95.6,   91.8,   98.1,   98.3,    1.9,    1.7,    0.0,    0.0,    0.0,    0.0,    0.0,    0.0,    0.0,    0.0,    0.0,    0.0,     44,      3,      6,      3,     23,     26,     29,     32,     44,      3,      6,      3,     23,     26,     29,     32,      0,      0,      0,      0,      0,      0,      0,      0,    75.0,    68.1,    87.5,    80.3,    74.7,    68.0,    86.9,    79.1,    75.0,    68.1,    87.5,    80.3,    74.7,    68.0,    86.9,    79.1,     0.0,     0.0,     0.0,     0.0,     0.0,     0.0,     0.0,     0.0,2500 mmbtu,02339Y,IFED,023 
CG Mainline Basis - ICE FUTURES ENERGY DIV,260825,2026-08-25,02339Y,IFED,01,023 ,  342930,    6815,   18601,    3072,  326268,  316047,  336155,  337720,    6775,    5210,  342930,    6815,   18601,    3072,  326268,  316047,  336155,  337720,    6775,    5210,       0,       0,       0,       0,       0,       0,       0,       0,       0,       0,   12063,    1212,     240,     180,   10096,   12220,   11488,   12640,     575,    -577,  100.0,    2.0,    5.4,    0.9,   95.1,   92.2,   98.0,   98.5,    2.0,    1.5,  100.0,    2.0,    5.4,    0.9,   95.1,   92.2,   98.0,   98.5,    2.0,    1.5,    0.0,    0.0,    0.0,    0.0,    0.0,    0.0,    0.0,    0.0,    0.0,    0.0,     46,      3,      7,      4,     23,     26,     30,     33,     46,      3,      7,      4,     23,     26,     30,     33,      0,      0,      0,      0,      0,      0,      0,      0,    75.2,    66.0,    87.4,    79.2,    74.9,    65.9,    86.6,    78.1,    75.2,    66.0,    87.4,    79.2,    74.9,    65.9,    86.6,    78.1,     0.0,     0.0,     0.0,     0.0,     0.0,     0.0,     0.0,     0.0,2500 mmbtu,02339Y,IFED,023 
CG-MAINLINE FINANCIAL INDEX - ICE FUTURES ENERGY DIV,260818,2026-08-18,02339P,IFED,01,023 ,   34453,       0,    7760,       0,   34084,   25244,   34084,   33004,     369,    1449,   34453,       0,    7760,       0,   34084,   25244,   34084,   33004,     369,    1449,       0,       0,       0,       0,       0,       0,       0,       0,       0,       0,    2312,       0,     180,       0,    2618,    2132,    2618,    2312,    -306,       0,  100.0,    0.0,   22.5,    0.0,   98.9,   73.3,   98.9,   95.8,    1.1,    4.2,  100.0,    0.0,   22.5,    0.0,   98.9,   73.3,   98.9,   95.8,    1.1,    4.2,    0.0,    0.0,    0.0,    0.0,    0.0,    0.0,    0.0,    0.0,    0.0,    0.0,     29,      0,      3,      0,     15,     12,     15,     15,     29,      0,      3,      0,     15,     12,     15,     15,      0,      0,      0,      0,      0,      0,      0,      0,    64.5,    52.9,    86.2,    81.0,    64.5,    52.9,    86.2,    79.0,    64.5,    52.9,    86.2,    81.0,    64.5,    52.9,    86.2,    79.0,     0.0,     0.0,     0.0,     0.0,     0.0,     0.0,     0.0,     0.0,"(Contracts of 2,500  MMBTU'S)",02339P,IFED,023 
CG-MAINLINE FINANCIAL INDEX - ICE FUTURES ENERGY DIV,260825,2026-08-25,02339P,IFED,01,023 ,   40863,    3532,    9072,     496,   36650,   29544,   40678,   39112,     185,    1751,   40863,    3532,    9072,     496,   36650,   29544,   40678,   39112,     185,    1751,       0,       0,       0,       0,       0,       0,       0,       0,       0,       0,    6410,    3532,    1312,     496,    2566,    4300,    6594,    6108,    -184,     302,  100.0,    8.6,   22.2,    1.2,   89.7,   72.3,   99.5,   95.7,    0.5,    4.3,  100.0,    8.6,   22.2,    1.2,   89.7,   72.3,   99.5,   95.7,    0.5,    4.3,    0.0,    0.0,    0.0,    0.0,    0.0,    0.0,    0.0,    0.0,    0.0,    0.0,     32,      3,      2,      1,     16,     12,     19,     15,     32,      3,      2,      1,     16,     12,     19,     15,      0,      0,      0,      0,      0,      0,      0,      0,    59.6,    49.6,    80.5,    79.4,    59.6,    49.6,    79.3,    77.7,    59.6,    49.6,    80.5,    79.4,    59.6,    49.6,    79.3,    77.7,     0.0,     0.0,     0.0,     0.0,     0.0,     0.0,     0.0,     0.0,"(Contracts of 2,500  MMBTU'S)",02339P,IFED,023 
"CHAINLINK PERP STYLE - COINBASE DERIVATIVES, LLC",260818,2026-08-18,170LM2,FREX,00,180 ,    4950,    3753,    4514,       0,       0,       0,    3753,    4514,    1197,     436,    4950,    3753,    4514,       0,       0,       0,    3753,    4514,    1197,     436,       0,       0,       0,       0,       0,       0,       0,       0,       0,       0,    1071,     881,     886,       0,       0,       0,     881,     886,     190,     185,  100.0,   75.8,   91.2,    0.0,    0.0,    0.0,   75.8,   91.2,   24.2,    8.8,  100.0,   75.8,   91.2,    0.0,    0.0,    0.0,   75.8,   91.2,   24.2,    8.8,    0.0,    0.0,    0.0,    0.0,    0.0,    0.0,    0.0,    0.0,    0.0,    0.0,     85,     58,     27,      0,      0,      0,     58,     27,     85,     58,     27,      0,      0,      0,     58,     27,      0,      0,      0,      0,      0,      0,      0,      0,    19.0,    53.8,    28.9,    63.9,    19.0,    53.8,    28.9,    63.9,    19.0,    53.8,    28.9,    63.9,    19.0,    53.8,    28.9,    63.9,     0.0,     0.0,     0.0,     0.0,     0.0,     0.0,     0.0,     0.0,(50 Chainlink),170LM2,FREX,180 
"CHAINLINK PERP STYLE - COINBASE DERIVATIVES, LLC",260825,2026-08-25,170LM2,FREX,00,180 ,    4618,    3585,    4128,       0,       0,       0,    3585,    4128,    1033,     490,    4618,    3585,    4128,       0,       0,       0,    3585,    4128,    1033,     490,       0,       0,       0,       0,       0,       0,       0,       0,       0,       0,    -332,    -168,    -386,       0,       0,       0,    -168,    -386,    -164,      54,  100.0,   77.6,   89.4,    0.0,    0.0,    0.0,   77.6,   89.4,   22.4,   10.6,  100.0,   77.6,   89.4,    0.0,    0.0,    0.0,   77.6,   89.4,   22.4,   10.6,    0.0,    0.0,    0.0,    0.0,    0.0,    0.0,    0.0,    0.0,    0.0,    0.0,     74,     54,     20,      0,      0,      0,     54,     20,     74,     54,     20,      0,      0,      0,     54,     20,      0,      0,      0,      0,      0,      0,      0,      0,    26.0,    64.1,    34.6,    73.4,    26.0,    64.1,    34.6,    73.4,    26.0,    64.1,    34.6,    73.4,    26.0,    64.1,    34.6,    73.4,     0.0,     0.0,     0.0,     0.0,     0.0,     0.0,     0.0,     0.0,(50 Chainlink),170LM2,FREX,180 
CHEESE (CASH-SETTLED) - CHICAGO MERCANTILE EXCHANGE,260818,2026-08-18,063642,CME ,00,063 ,   30504,     573,    9356,    1774,   27126,   18999,   29473,   30129,    1031,     375,   30504,     573,    9356,    1774,   27126,   18999,   29473,   30129,    1031,     375,       0,       0,       0,       0,       0,       0,       0,       0,       0,       0,     373,     -98,     386,     -92,     569,     169,     379,     463,      -6,     -90,  100.0,    1.9,   30.7,    5.8,   88.9,   62.3,   96.6,   98.8,    3.4,    1.2,  100.0,    1.9,   30.7,    5.8,   88.9,   62.3,   96.6,   98.8,    3.4,    1.2,    0.0,    0.0,    0.0,    0.0,    0.0,    0.0,    0.0,    0.0,    0.0,    0.0,     74,      7,     26,     10,     28,     30,     42,     59,     74,      7,     26,     10,     28,     30,     42,     59,      0,      0,      0,      0,      0,      0,      0,      0,    51.9,    32.3,    70.0,    53.3,    51.3,    27.1,    68.1,    48.0,    51.9,    32.3,    70.0,    53.3,    51.3,    27.1,    68.1,    48.0,     0.0,     0.0,     0.0,     0.0,     0.0,     0.0,     0.0,     0.0,"(CONTRACTS OF 20,000 POUNDS)",063642,CME ,063 
CHEESE (CASH-SETTLED) - CHICAGO MERCANTILE EXCHANGE,260825,2026-08-25,063642,CME ,00,063 ,   31045,     573,   10080,    1797,   27661,   18759,   30031,   30636,    1014,     409,   31045,     573,   10080,    1797,   27661,   18759,   30031,   30636,    1014,     409,       0,       0,       0,       0,       0,       0,       0,       0,       0,       0,     541,       0,     724,      23,     535,    -240,     558,     507,     -17,      34,  100.0,    1.8,   32.5,    5.8,   89.1,   60.4,   96.7,   98.7,    3.3,    1.3,  100.0,    1.8,   32.5,    5.8,   89.1,   60.4,   96.7,   98.7,    3.3,    1.3,    0.0,    0.0,    0.0,    0.0,    0.0,    0.0,    0.0,    0.0,    0.0,    0.0,     76,      8,     27,     11,     27,     32,     42,     63,     76,      8,     27,     11,     27,     32,     42,     63,      0,      0,      0,      0,      0,      0,      0,      0,    51.5,    29.5,    70.3,    51.7,    50.8,    27.4,    68.3,    46.7,    51.5,    29.5,    70.3,    51.7,    50.8,    27.4,    68.3,    46.7,     0.0,     0.0,     0.0,     0.0,     0.0,     0.0,     0.0,     0.0,"(CONTRACTS OF 20,000 POUNDS)",063642,CME ,063 
CHICAGO CITYGATE (INDEX) - ICE FUTURES ENERGY DIV,260818,2026-08-18,02339Q,IFED,01,023 ,   92726,     310,    2858,     240,   90491,   88131,   91041,   91229,    1685,    1497,   92726,     310,    2858,     240,   90491,   88131,   91041,   91229,    1685,    1497,       0,       0,       0,       0,       0,       0,       0,       0,       0,       0,    6199,       0,    -240,     240,    5779,    6169,    6019,    6169,     180,      30,  100.0,    0.3,    3.1,    0.3,   97.6,   95.0,   98.2,   98.4,    1.8,    1.6,  100.0,    0.3,    3.1,    0.3,   97.6,   95.0,   98.2,   98.4,    1.8,    1.6,    0.0,    0.0,    0.0,    0.0,    0.0,    0.0,    0.0,    0.0,    0.0,    0.0,     37,      1,      2,      1,     28,     16,     30,     18,     37,      1,      2,      1,     28,     16,     30,     18,      0,      0,      0,      0,      0,      0,      0,      0,    55.0,    71.5,    75.2,    87.2,    54.2,    65.7,    69.2,    76.2,    55.0,    71.5,    75.2,    87.2,    54.2,    65.7,    69.2,    76.2,     0.0,     0.0,     0.0,     0.0,     0.0,     0.0,     0.0,     0.0,"(Contracts of 2,500  MMBTU'S)",02339Q,IFED,023 
CHICAGO CITYGATE (INDEX) - ICE FUTURES ENERGY DIV,260825,2026-08-25,02339Q,IFED,01,023 ,   98194,     550,    2348,     750,   94969,   93209,   96269,   96307,    1925,    1887,   98194,     550,    2348,     750,   94969,   93209,   96269,   96307,    1925,    1887,       0,       0,       0,       0,       0,       0,       0,       0,       0,       0,    5468,     240,    -510,     510,    4478,    5078,    5228,    5078,     240,     390,  100.0,    0.6,    2.4,    0.8,   96.7,   94.9,   98.0,   98.1,    2.0,    1.9,  100.0,    0.6,    2.4,    0.8,   96.7,   94.9,   98.0,   98.1,    2.0,    1.9,    0.0,    0.0,    0.0,    0.0,    0.0,    0.0,    0.0,    0.0,    0.0,    0.0,     40,      1,      2,      1,     30,     18,     32,     20,     40,      1,      2,      1,     30,     18,     32,     20,      0,      0,      0,      0,      0,      0,      0,      0,    52.4,    68.7,    72.3,    86.8,    51.5,    63.9,    66.2,    75.6,    52.4,    68.7,    72.3,    86.8,    51.5,    63.9,    66.2,    75.6,     0.0,     0.0,     0.0,     0.0,     0.0,     0.0,     0.0,     0.0,"(Contracts of 2,500  MMBTU'S)",02339Q,IFED,023 
CHICAGO FIN BASIS - ICE FUTURES ENERGY DIV,260818,2026-08-18,023397,IFED,01,023 ,  362157,    9958,    2768,    4859,  337512,  345566,  352329,  353193,    9828,    8964,  362157,    9958,    2768,    4859,  337512,  345566,  352329,  353193,    9828,    8964,       0,       0,       0,       0,       0,       0,       0,       0,       0,       0,   -5009,    1437,   -1475,   -1059,   -4558,   -2596,   -4180,   -5130,    -829,     121,  100.0,    2.7,    0.8,    1.3,   93.2,   95.4,   97.3,   97.5,    2.7,    2.5,  100.0,    2.7,    0.8,    1.3,   93.2,   95.4,   97.3,   97.5,    2.7,    2.5,    0.0,    0.0,    0.0,    0.0,    0.0,    0.0,    0.0,    0.0,    0.0,    0.0,     58,      7,      5,      6,     41,     33,     51,     41,     58,      7,      5,      6,     41,     33,     51,     41,      0,      0,      0,      0,      0,      0,      0,      0,    43.8,    41.5,    61.1,    65.0,    32.3,    33.5,    42.1,    44.2,    43.8,    41.5,    61.1,    65.0,    32.3,    33.5,    42.1,    44.2,     0.0,     0.0,     0.0,     0.0,     0.0,     0.0,     0.0,     0.0,"(Contracts of 2,500  MMBTU'S)",023397,IFED,023 
CHICAGO FIN BASIS - ICE FUTURES ENERGY DIV,260825,2026-08-25,023397,IFED,01,023 ,  368563,   13901,    3591,    5213,  340018,  350163,  359132,  358967,    9431,    9596,  368563,   13901,    3591,    5213,  340018,  350163,  359132,  358967,    9431,    9596,       0,       0,       0,       0,       0,       0,       0,       0,       0,       0,    6406,    3943,     823,     354,    2506,    4597,    6803,    5774,    -397,     632,  100.0,    3.8,    1.0,    1.4,   92.3,   95.0,   97.4,   97.4,    2.6,    2.6,  100.0,    3.8,    1.0,    1.4,   92.3,   95.0,   97.4,   97.4,    2.6,    2.6,    0.0,    0.0,    0.0,    0.0,    0.0,    0.0,    0.0,    0.0,    0.0,    0.0,     62,      8,      5,      6,     41,     36,     52,     44,     62,      8,      5,      6,     41,     36,     52,     44,      0,      0,      0,      0,      0,      0,      0,      0,    43.2,    40.5,    59.9,    65.0,    32.7,    33.0,    42.2,    43.6,    43.2,    40.5,    59.9,    65.0,    32.7,    33.0,    42.2,    43.6,     0.0,     0.0,     0.0,     0.0,     0.0,     0.0,     0.0,     0.0,"(Contracts of 2,500  MMBTU'S)",023397,IFED,023 
CIG ROCKIES BASIS - ICE FUTURES ENERGY DIV,260818,2026-08-18,02339U,IFED,01,023 ,  421180,   13289,   53701,    5262,  391196,  354211,  409747,  413174,   11433,    8006,  421180,   13289,   53701,    5262,  391196,  354211,  409747,  413174,   11433,    8006,       0,       0,       0,       0,       0,       0,       0,       0,       0,       0,   10629,    -954,    1518,      88,    7967,    7767,    7101,    9373,    3528,    1256,  100.0,    3.2,   12.8,    1.2,   92.9,   84.1,   97.3,   98.1,    2.7,    1.9,  100.0,    3.2,   12.8,    1.2,   92.9,   84.1,   97.3,   98.1,    2.7,    1.9,    0.0,    0.0,    0.0,    0.0,    0.0,    0.0,    0.0,    0.0,    0.0,    0.0,     58,      3,      8,      7,     39,     34,     48,     43,     58,      3,      8,      7,     39,     34,     48,     43,      0,      0,      0,      0,      0,      0,      0,      0,    46.9,    56.4,    62.9,    73.5,    34.4,    48.0,    48.4,    58.1,    46.9,    56.4,    62.9,    73.5,    34.4,    48.0,    48.4,    58.1,     0.0,     0.0,     0.0,     0.0,     0.0,     0.0,     0.0,     0.0,2500 mmbtu,02339U,IFED,023 
CIG ROCKIES BASIS - ICE FUTURES ENERGY DIV,260825,2026-08-25,02339U,IFED,01,023 ,  430458,   13858,   56460,    5011,  401113,  360037,  419982,  421508,   10476,    8950,  430458,   13858,   56460,    5011,  401113,  360037,  419982,  421508,   10476,    8950,       0,       0,       0,       0,       0,       0,       0,       0,       0,       0,    9278,     569,    2759,    -251,    9917,    5826,   10235,    8334,    -957,     944,  100.0,    3.2,   13.1,    1.2,   93.2,   83.6,   97.6,   97.9,    2.4,    2.1,  100.0,    3.2,   13.1,    1.2,   93.2,   83.6,   97.6,   97.9,    2.4,    2.1,    0.0,    0.0,    0.0,    0.0,    0.0,    0.0,    0.0,    0.0,    0.0,    0.0,     60,      4,      8,      7,     40,     34,     50,     43,     60,      4,      8,      7,     40,     34,     50,     43,      0,      0,      0,      0,      0,      0,      0,      0,    47.6,    55.5,    63.4,    73.6,    36.5,    48.2,    49.6,    58.0,    47.6,    55.5,    63.4,    73.6,    36.5,    48.2,    49.6,    58.0,     0.0,     0.0,     0.0,     0.0,     0.0,     0.0,     0.0,     0.0,2500 mmbtu,02339U,IFED,023 
CIG ROCKIES FINANCIAL INDEX - ICE FUTURES ENERGY DIV,260818,2026-08-18,02339S,IFED,01,023 ,   29868,     277,   17341,     338,   27630,   10786,   28245,   28465,    1623,    1403,   29868,     277,   17341,     338,   27630,   10786,   28245,   28465,    1623,    1403,       0,       0,       0,       0,       0,       0,       0,       0,       0,       0,    9730,      60,    4262,      90,    9702,    4996,    9852,    9348,    -122,     382,  100.0,    0.9,   58.1,    1.1,   92.5,   36.1,   94.6,   95.3,    5.4,    4.7,  100.0,    0.9,   58.1,    1.1,   92.5,   36.1,   94.6,   95.3,    5.4,    4.7,    0.0,    0.0,    0.0,    0.0,    0.0,    0.0,    0.0,    0.0,    0.0,    0.0,     29,      1,      5,      2,     19,     15,     22,     20,     29,      1,      5,      2,     19,     15,     22,     20,      0,      0,      0,      0,      0,      0,      0,      0,    58.5,    67.4,    76.2,    80.2,    41.6,    59.4,    58.5,    67.4,    58.5,    67.4,    76.2,    80.2,    41.6,    59.4,    58.5,    67.4,     0.0,     0.0,     0.0,     0.0,     0.0,     0.0,     0.0,     0.0,"(Contracts of 2,500 MMBTU'S)",02339S,IFED,023 
CIG ROCKIES FINANCIAL INDEX - ICE FUTURES ENERGY DIV,260825,2026-08-25,02339S,IFED,01,023 ,   31788,     427,   14371,     308,   28860,   15586,   29595,   30265,    2193,    1523,   31788,     427,   14371,     308,   28860,   15586,   29595,   30265,    2193,    1523,       0,       0,       0,       0,       0,       0,       0,       0,       0,       0,    1920,     150,   -2970,     -30,    1230,    4800,    1350,    1800,     570,     120,  100.0,    1.3,   45.2,    1.0,   90.8,   49.0,   93.1,   95.2,    6.9,    4.8,  100.0,    1.3,   45.2,    1.0,   90.8,   49.0,   93.1,   95.2,    6.9,    4.8,    0.0,    0.0,    0.0,    0.0,    0.0,    0.0,    0.0,    0.0,    0.0,    0.0,     31,      1,      5,      2,     19,     18,     22,     23,     31,      1,      5,      2,     19,     18,     22,     23,      0,      0,      0,      0,      0,      0,      0,      0,    53.8,    62.2,    73.9,    77.4,    34.0,    49.6,    51.1,    58.8,    53.8,    62.2,    73.9,    77.4,    34.0,    49.6,    51.1,    58.8,     0.0,     0.0,     0.0,     0.0,     0.0,     0.0,     0.0,     0.0,"(Contracts of 2,500 MMBTU'S)",02339S,IFED,023 
CME MILK IV - CHICAGO MERCANTILE EXCHANGE,260818,2026-08-18,052644,CME ,00,052 ,    8827,    2738,    1726,     277,    5627,    6085,    8642,    8088,     185,     739,    8827,    2738,    1726,     277,    5627,    6085,    8642,    8088,     185,     739,       0,       0,       0,       0,       0,       0,       0,       0,       0,       0,     884,     917,    -297,     -69,      39,    1111,     887,     745,      -3,     139,  100.0,   31.0,   19.6,    3.1,   63.7,   68.9,   97.9,   91.6,    2.1,    8.4,  100.0,   31.0,   19.6,    3.1,   63.7,   68.9,   97.9,   91.6,    2.1,    8.4,    0.0,    0.0,    0.0,    0.0,    0.0,    0.0,    0.0,    0.0,    0.0,    0.0,     32,      4,      6,      6,     10,     15,     17,     24,     32,      4,      6,      6,     10,     15,     17,     24,      0,      0,      0,      0,      0,      0,      0,      0,    76.7,    50.8,    92.1,    73.6,    76.6,    49.6,    91.2,    71.3,    76.7,    50.8,    92.1,    73.6,    76.6,    49.6,    91.2,    71.3,     0.0,     0.0,     0.0,     0.0,     0.0,     0.0,     0.0,     0.0,"(CONTRACTS OF 200,000 POUNDS)",052644,CME ,052 
CME MILK IV - CHICAGO MERCANTILE EXCHANGE,260825,2026-08-25,052644,CME ,00,052 ,    9099,    2917,    1761,     292,    5706,    6241,    8915,    8294,     184,     805,    9099,    2917,    1761,     292,    5706,    6241,    8915,    8294,     184,     805,       0,       0,       0,       0,       0,       0,       0,       0,       0,       0,     272,     179,      35,      15,      79,     156,     273,     206,      -1,      66,  100.0,   32.1,   19.4,    3.2,   62.7,   68.6,   98.0,   91.2,    2.0,    8.8,  100.0,   32.1,   19.4,    3.2,   62.7,   68.6,   98.0,   91.2,    2.0,    8.8,    0.0,    0.0,    0.0,    0.0,    0.0,    0.0,    0.0,    0.0,    0.0,    0.0,     32,      4,      6,      6,     11,     15,     18,     24,     32,      4,      6,      6,     11,     15,     18,     24,      0,      0,      0,      0,      0,      0,      0,      0,    75.4,    51.1,    91.7,    73.8,    75.1,    49.9,    90.9,    71.6,    75.4,    51.1,    91.7,    73.8,    75.1,    49.9,    90.9,    71.6,     0.0,     0.0,     0.0,     0.0,     0.0,     0.0,     0.0,     0.0,"(CONTRACTS OF 200,000 POUNDS)",052644,CME ,052 
COBALT - COMMODITY EXCHANGE INC.,260818,2026-08-18,188691,CMX ,01,188 ,   14867,    4931,    4844,    2414,    7001,    6738,   14346,   13996,     521,     871,   14867,    4931,    4844,    2414,    7001,    6738,   14346,   13996,     521,     871,       0,       0,       0,       0,       0,       0,       0,       0,       0,       0,     291,     118,    -125,      21,     110,     403,     249,     299,      42,      -8,  100.0,   33.2,   32.6,   16.2,   47.1,   45.3,   96.5,   94.1,    3.5,    5.9,  100.0,   33.2,   32.6,   16.2,   47.1,   45.3,   96.5,   94.1,    3.5,    5.9,    0.0,    0.0,    0.0,    0.0,    0.0,    0.0,    0.0,    0.0,    0.0,    0.0,     39,      9,      9,      9,     15,     18,     29,     31,     39,      9,      9,      9,     15,     18,     29,     31,      0,      0,      0,      0,      0,      0,      0,      0,    46.1,    47.8,    75.5,    69.6,    41.0,    46.4,    63.9,    61.1,    46.1,    47.8,    75.5,    69.6,    41.0,    46.4,    63.9,    61.1,     0.0,     0.0,     0.0,     0.0,     0.0,     0.0,     0.0,     0.0,"2,204.62 pounds (1 Metric Ton)",188691,CMX ,188 
COBALT - COMMODITY EXCHANGE INC.,260825,2026-08-25,188691,CMX ,01,188 ,   15268,    5040,    5214,    2491,    7203,    6865,   14734,   14570,     534,     698,   15268,    5040,    5214,    2491,    7203,    6865,   14734,   14570,     534,     698,       0,       0,       0,       0,       0,       0,       0,       0,       0,       0,     401,     109,     370,      77,     202,     127,     388,     574,      13,    -173,  100.0,   33.0,   34.1,   16.3,   47.2,   45.0,   96.5,   95.4,    3.5,    4.6,  100.0,   33.0,   34.1,   16.3,   47.2,   45.0,   96.5,   95.4,    3.5,    4.6,    0.0,    0.0,    0.0,    0.0,    0.0,    0.0,    0.0,    0.0,    0.0,    0.0,     40,      8,     11,     10,     15,     18,     29,     33,     40,      8,     11,     10,     15,     18,     29,     33,      0,      0,      0,      0,      0,      0,      0,      0,    46.0,    47.2,    74.6,    69.3,    39.9,    45.1,    63.8,    59.4,    46.0,    47.2,    74.6,    69.3,    39.9,    45.1,    63.8,    59.4,     0.0,     0.0,     0.0,     0.0,     0.0,     0.0,     0.0,     0.0,"2,204.62 pounds (1 Metric Ton)",188691,CMX ,188 
COCOA - ICE FUTURES U.S.,260818,2026-08-18,073732,ICUS,01,073 ,  175361,   33849,   39574,   37311,   93980,   91520,  165140,  168405,   10221,    6956,    6707,    2924,    2947,       8,    3245,    3234,    6177,    6189,     530,     518,  168654,   34482,   40184,   33746,   90735,   88286,  158963,  162216,    9691,    6438,  -15530,   -1145,     107,  -10575,   -3167,   -3293,  -14887,  -13761,    -643,   -1769,  100.0,   19.3,   22.6,   21.3,   53.6,   52.2,   94.2,   96.0,    5.8,    4.0,  100.0,   43.6,   43.9,    0.1,   48.4,   48.2,   92.1,   92.3,    7.9,    7.7,  100.0,   20.4,   23.8,   20.0,   53.8,   52.3,   94.3,   96.2,    5.7,    3.8,    199,     64,     70,     78,     51,     43,    163,    150,     70,     18,     18,      3,     22,     13,     42,     33,    198,     61,     72,     74,     50,     39,    159,    144,    18.3,    17.6,    29.9,    29.3,    14.6,    14.2,    23.4,    23.5,    42.0,    39.0,    59.5,    60.9,    41.4,    39.0,    58.8,    60.9,    18.7,    18.2,    30.7,    29.8,    15.1,    14.4,    24.2,    23.8,(CONTRACTS OF 10 METRIC TONS),073732,ICUS,073 
COCOA - ICE FUTURES U.S.,260825,2026-08-25,073732,ICUS,01,073 ,  172846,   33973,   41646,   31640,   95732,   92153,  161345,  165439,   11501,    7407,     705,      52,     264,       0,     653,     386,     705,     650,       0,      55,  172141,   33973,   41434,   31588,   95079,   91767,  160640,  164789,   11501,    7352,   -2515,     124,    2072,   -5671,    1752,     633,   -3795,   -2966,    1280,     451,  100.0,   19.7,   24.1,   18.3,   55.4,   53.3,   93.3,   95.7,    6.7,    4.3,  100.0,    7.4,   37.4,    0.0,   92.6,   54.8,  100.0,   92.2,    0.0,    7.8,  100.0,   19.7,   24.1,   18.4,   55.2,   53.3,   93.3,   95.7,    6.7,    4.3,    203,     65,     72,     76,     51,     43,    166,    148,     11,      1,      1,      0,      4,      5,      5,      6,    203,     65,     72,     76,     51,     43,    166,    148,    18.7,    17.4,    30.4,    29.5,    14.8,    14.1,    23.6,    23.9,    95.0,    91.9,   100.0,    92.2,    95.0,    91.9,   100.0,    92.2,    18.7,    17.4,    30.6,    29.6,    14.8,    14.3,    23.7,    24.2,(CONTRACTS OF 10 METRIC TONS),073732,ICUS,073 
COFFEE C - ICE FUTURES U.S.,260818,2026-08-18,083731,ICUS,01,083 ,  163299,   52026,   21661,   39070,   63889,   96693,  154985,  157424,    8314,    5875,    6131,     572,    1045,      52,    5207,    3906,    5831,    5003,     300,    1128,  157168,   51983,   21145,   38489,   58682,   92787,  149154,  152421,    8014,    4747,  -10540,    -662,   -3848,   -3990,   -5663,   -2286,  -10315,  -10124,    -225,    -416,  100.0,   31.9,   13.3,   23.9,   39.1,   59.2,   94.9,   96.4,    5.1,    3.6,  100.0,    9.3,   17.0,    0.8,   84.9,   63.7,   95.1,   81.6,    4.9,   18.4,  100.0,   33.1,   13.5,   24.5,   37.3,   59.0,   94.9,   97.0,    5.1,    3.0,    339,    120,     74,     92,    102,    117,    265,    250,    123,     17,     18,      1,     17,     74,     35,     93,    338,    122,     73,     85,     98,    110,    258,    238,    12.9,    17.8,    22.2,    28.2,    10.9,    13.6,    17.4,    19.6,    80.9,    21.3,    87.3,    34.8,    80.9,    21.3,    87.3,    34.8,    13.4,    18.2,    23.0,    29.0,    11.3,    16.0,    18.1,    22.5,"(CONTRACTS OF 37,500 POUNDS)",083731,ICUS,083 
COFFEE C - ICE FUTURES U.S.,260825,2026-08-25,083731,ICUS,01,083 ,  160035,   51857,   21385,   38050,   61725,   95434,  151632,  154869,    8403,    5166,     228,       0,       0,       0,     190,     111,     190,     111,      38,     117,  159807,   51857,   21385,   38050,   61535,   95323,  151442,  154758,    8365,    5049,   -3264,    -169,    -276,   -1020,   -2164,   -1259,   -3353,   -2555,      89,    -709,  100.0,   32.4,   13.4,   23.8,   38.6,   59.6,   94.7,   96.8,    5.3,    3.2,  100.0,    0.0,    0.0,    0.0,   83.3,   48.7,   83.3,   48.7,   16.7,   51.3,  100.0,   32.4,   13.4,   23.8,   38.5,   59.6,   94.8,   96.8,    5.2,    3.2,    334,    115,     73,     90,     99,    110,    260,    238,      9,      0,      0,      0,      2,      7,      2,      7,    333,    115,     73,     90,     98,    110,    259,    238,    14.7,    17.8,    24.8,    27.5,    12.0,    14.8,    18.6,    20.9,    83.3,    45.6,    83.3,    48.7,    83.3,    45.6,    83.3,    48.7,    14.7,    17.8,    24.8,    27.5,    12.0,    14.9,    18.6,    20.9,"(CONTRACTS OF 37,500 POUNDS)",083731,ICUS,083 
CONDENSATE DIF-TMX C5 1A INDEX - ICE FUTURES ENERGY DIV,260818,2026-08-18,06743A,IFED,01,067 ,   15085,       0,     120,       0,   15085,   14815,   15085,   14935,       0,     150,   15085,       0,     120,       0,   15085,   14815,   15085,   14935,       0,     150,       0,       0,       0,       0,       0,       0,       0,       0,       0,       0,     -15,       0,       0,       0,     -15,     -45,     -15,     -45,       0,      30,  100.0,    0.0,    0.8,    0.0,  100.0,   98.2,  100.0,   99.0,    0.0,    1.0,  100.0,    0.0,    0.8,    0.0,  100.0,   98.2,  100.0,   99.0,    0.0,    1.0,    0.0,    0.0,    0.0,    0.0,    0.0,    0.0,    0.0,    0.0,    0.0,    0.0,     28,      0,      1,      0,     20,     18,     20,     19,     28,      0,      1,      0,     20,     18,     20,     19,      0,      0,      0,      0,      0,      0,      0,      0,    63.1,    72.5,    87.2,    88.4,    49.7,    61.9,    63.7,    66.9,    63.1,    72.5,    87.2,    88.4,    49.7,    61.9,    63.7,    66.9,     0.0,     0.0,     0.0,     0.0,     0.0,     0.0,     0.0,     0.0,1000 BARRELS,06743A,IFED,067 
CONDENSATE DIF-TMX C5 1A INDEX - ICE FUTURES ENERGY DIV,260825,2026-08-25,06743A,IFED,01,067 ,   13590,       0,       0,       0,   13515,   13500,   13515,   13500,      75,      90,   13590,       0,       0,       0,   13515,   13500,   13515,   13500,      75,      90,       0,       0,       0,       0,       0,       0,       0,       0,       0,       0,   -1495,       0,    -120,       0,   -1570,   -1315,   -1570,   -1435,      75,     -60,  100.0,    0.0,    0.0,    0.0,   99.4,   99.3,   99.4,   99.3,    0.6,    0.7,  100.0,    0.0,    0.0,    0.0,   99.4,   99.3,   99.4,   99.3,    0.6,    0.7,    0.0,    0.0,    0.0,    0.0,    0.0,    0.0,    0.0,    0.0,    0.0,    0.0,     26,      0,      0,      0,     15,     17,     15,     17,     26,      0,      0,      0,     15,     17,     15,     17,      0,      0,      0,      0,      0,      0,      0,      0,    68.0,    77.5,    93.1,    90.7,    57.7,    64.7,    68.6,    70.2,    68.0,    77.5,    93.1,    90.7,    57.7,    64.7,    68.6,    70.2,     0.0,     0.0,     0.0,     0.0,     0.0,     0.0,     0.0,     0.0,1000 BARRELS,06743A,IFED,067 
CONWAY PROPANE (OPIS) - NEW YORK MERCANTILE EXCHANGE,260818,2026-08-18,06665T,NYME,01,066 ,   21307,     605,    1091,    1511,   18255,   18347,   20371,   20949,     936,     358,   21307,     605,    1091,    1511,   18255,   18347,   20371,   20949,     936,     358,       0,       0,       0,       0,       0,       0,       0,       0,       0,       0,     771,      23,     181,     -60,     808,     645,     771,     766,       0,       5,  100.0,    2.8,    5.1,    7.1,   85.7,   86.1,   95.6,   98.3,    4.4,    1.7,  100.0,    2.8,    5.1,    7.1,   85.7,   86.1,   95.6,   98.3,    4.4,    1.7,    0.0,    0.0,    0.0,    0.0,    0.0,    0.0,    0.0,    0.0,    0.0,    0.0,     55,      4,      7,      6,     34,     35,     42,     44,     55,      4,      7,      6,     34,     35,     42,     44,      0,      0,      0,      0,      0,      0,      0,      0,    50.5,    40.6,    63.8,    64.0,    46.1,    34.6,    57.2,    52.6,    50.5,    40.6,    63.8,    64.0,    46.1,    34.6,    57.2,    52.6,     0.0,     0.0,     0.0,     0.0,     0.0,     0.0,     0.0,     0.0,"(CONTRACTS OF 42,000 GALLONS)",06665T,NYME,066 
CONWAY PROPANE (OPIS) - NEW YORK MERCANTILE EXCHANGE,260825,2026-08-25,06665T,NYME,01,066 ,   21610,     671,    1148,    1512,   18512,   18635,   20695,   21295,     915,     315,   21610,     671,    1148,    1512,   18512,   18635,   20695,   21295,     915,     315,       0,       0,       0,       0,       0,       0,       0,       0,       0,       0,     303,      66,      57,       1,     257,     288,     324,     346,     -21,     -43,  100.0,    3.1,    5.3,    7.0,   85.7,   86.2,   95.8,   98.5,    4.2,    1.5,  100.0,    3.1,    5.3,    7.0,   85.7,   86.2,   95.8,   98.5,    4.2,    1.5,    0.0,    0.0,    0.0,    0.0,    0.0,    0.0,    0.0,    0.0,    0.0,    0.0,     55,      5,      7,      7,     33,     34,     42,     44,     55,      5,      7,      7,     33,     34,     42,     44,      0,      0,      0,      0,      0,      0,      0,      0,    49.5,    41.5,    62.8,    65.9,    45.4,    35.9,    56.9,    54.5,    49.5,    41.5,    62.8,    65.9,    45.4,    35.9,    56.9,    54.5,     0.0,     0.0,     0.0,     0.0,     0.0,     0.0,     0.0,     0.0,"(CONTRACTS OF 42,000 GALLONS)",06665T,NYME,066 
COPPER- #1 - COMMODITY EXCHANGE INC.,260818,2026-08-18,085692,CMX ,01,085 ,  281563,  111399,   31651,   60333,   89723,  179863,  261455,  271847,   20108,    9716,  281563,  111399,   31651,   60333,   89723,  179863,  261455,  271847,   20108,    9716,       0,       0,       0,       0,       0,       0,       0,       0,       0,       0,  -15484,   -3063,   -2423,   -8333,   -2872,   -3978,  -14268,  -14734,   -1216,    -750,  100.0,   39.6,   11.2,   21.4,   31.9,   63.9,   92.9,   96.5,    7.1,    3.5,  100.0,   39.6,   11.2,   21.4,   31.9,   63.9,   92.9,   96.5,    7.1,    3.5,    0.0,    0.0,    0.0,    0.0,    0.0,    0.0,    0.0,    0.0,    0.0,    0.0,    279,    147,     58,     89,     57,     55,    246,    165,    279,    147,     58,     89,     57,     55,    246,    165,      0,      0,      0,      0,      0,      0,      0,      0,    16.3,    30.3,    25.8,    43.5,    15.7,    28.2,    23.8,    39.7,    16.3,    30.3,    25.8,    43.5,    15.7,    28.2,    23.8,    39.7,     0.0,     0.0,     0.0,     0.0,     0.0,     0.0,     0.0,     0.0,"(CONTRACTS OF 25,000 POUNDS)",085692,CMX ,085 
COPPER- #1 - COMMODITY EXCHANGE INC.,260825,2026-08-25,085692,CMX ,01,085 ,  283299,  121419,   36153,   53954,   88423,  183472,  263796,  273579,   19503,    9720,  283299,  121419,   36153,   53954,   88423,  183472,  263796,  273579,   19503,    9720,       0,       0,       0,       0,       0,       0,       0,       0,       0,       0,    1736,   10020,    4502,   -6379,   -1300,    3609,    2341,    1732,    -605,       4,  100.0,   42.9,   12.8,   19.0,   31.2,   64.8,   93.1,   96.6,    6.9,    3.4,  100.0,   42.9,   12.8,   19.0,   31.2,   64.8,   93.1,   96.6,    6.9,    3.4,    0.0,    0.0,    0.0,    0.0,    0.0,    0.0,    0.0,    0.0,    0.0,    0.0,    294,    151,     60,     86,     62,     60,    257,    170,    294,    151,     60,     86,     62,     60,    257,    170,      0,      0,      0,      0,      0,      0,      0,      0,    16.3,    31.5,    25.5,    43.5,    16.0,    29.2,    23.9,    40.2,    16.3,    31.5,    25.5,    43.5,    16.0,    29.2,    23.9,    40.2,     0.0,     0.0,     0.0,     0.0,     0.0,     0.0,     0.0,     0.0,"(CONTRACTS OF 25,000 POUNDS)",085692,CMX ,085 
CORN - CHICAGO BOARD OF TRADE,260818,2026-08-18,002602,CBT ,00,002 , 1728003,  509795,  207653,  378328,  710588,  956188, 1598711, 1542169,  129292,  185834,  254242,   97918,  136374,    3707,  123267,   96015,  224892,  236096,   29350,   18146, 1473761,  536175,  195577,  250323,  587321,  860173, 1373819, 1306073,   99942,  167688,   43938,   23523,  -33707,   18860,    8969,   56441,   51352,   41594,   -7414,    2344,  100.0,   29.5,   12.0,   21.9,   41.1,   55.3,   92.5,   89.2,    7.5,   10.8,  100.0,   38.5,   53.6,    1.5,   48.5,   37.8,   88.5,   92.9,   11.5,    7.1,  100.0,   36.4,   13.3,   17.0,   39.9,   58.4,   93.2,   88.6,    6.8,   11.4,    835,    189,    140,    176,    352,    380,    634,    621,    532,     89,     74,     14,    221,    198,    316,    280,    815,    185,    144,    149,    261,    368,    515,    599,    12.7,    11.9,    20.8,    19.5,    11.2,    10.0,    18.0,    16.4,    17.6,    34.7,    25.1,    42.9,    17.6,    34.7,    25.0,    42.9,    13.4,    12.0,    22.6,    19.4,    12.6,    11.6,    21.5,    18.8,"(CONTRACTS OF 5,000 BUSHELS)",002602,CBT ,002 
CORN - CHICAGO BOARD OF TRADE,260825,2026-08-25,002602,CBT ,00,002 , 1707706,  593012,  152097,  314008,  669606, 1044214, 1576626, 1510319,  131080,  197387,   93539,   16491,   35181,     249,   61617,   47279,   78357,   82709,   15182,   10830, 1614167,  610140,  150535,  280140,  607989,  996935, 1498269, 1427610,  115898,  186557,  -20297,   83217,  -55556,  -64320,  -40982,   88026,  -22085,  -31850,    1788,   11553,  100.0,   34.7,    8.9,   18.4,   39.2,   61.1,   92.3,   88.4,    7.7,   11.6,  100.0,   17.6,   37.6,    0.3,   65.9,   50.5,   83.8,   88.4,   16.2,   11.6,  100.0,   37.8,    9.3,   17.4,   37.7,   61.8,   92.8,   88.4,    7.2,   11.6,    869,    228,    136,    172,    325,    387,    635,    629,    416,     43,     53,      6,    163,    196,    210,    251,    864,    232,    137,    164,    261,    377,    565,    616,    10.4,    11.5,    18.0,    18.9,    10.2,    11.0,    17.5,    18.0,    14.5,    22.0,    26.4,    32.5,    14.5,    22.0,    26.2,    32.3,    11.0,    11.7,    19.0,    19.5,    10.7,    11.4,    18.5,    18.8,"(CONTRACTS OF 5,000 BUSHELS)",002602,CBT ,002 
COTTON NO. 2 - ICE FUTURES U.S.,260818,2026-08-18,033661,ICUS,01,033 ,  361871,  149398,   41750,   65218,  127884,  247085,  342500,  354053,   19371,    7818,  334669,  143239,   40775,   61397,  111752,  224787,  316388,  326959,   18281,    7710,   27202,    9681,    4497,     299,   16132,   22298,   26112,   27094,    1090,     108,   12501,    5671,    1278,     877,    4236,    9911,   10784,   12066,    1717,     435,  100.0,   41.3,   11.5,   18.0,   35.3,   68.3,   94.6,   97.8,    5.4,    2.2,  100.0,   42.8,   12.2,   18.3,   33.4,   67.2,   94.5,   97.7,    5.5,    2.3,  100.0,   35.6,   16.5,    1.1,   59.3,   82.0,   96.0,   99.6,    4.0,    0.4,    357,    190,     59,    103,     70,     76,    292,    213,    354,    186,     64,    100,     64,     73,    285,    207,     94,     29,     12,      5,     23,     35,     53,     51,     8.7,    29.5,    15.0,    40.2,     7.2,    27.0,    12.3,    35.9,     8.6,    30.3,    14.7,    40.4,     6.9,    28.6,    12.5,    37.5,    45.1,    43.2,    62.4,    65.7,    45.0,    43.1,    62.3,    65.6,"(CONTRACTS OF 50,000 POUNDS)",033661,ICUS,033 
COTTON NO. 2 - ICE FUTURES U.S.,260825,2026-08-25,033661,ICUS,01,033 ,  374859,  159332,   36429,   69175,  127389,  260837,  355896,  366441,   18963,    8418,  345108,  153554,   35954,   64865,  108990,  236004,  327409,  336823,   17699,    8285,   29751,    9896,    4593,     192,   18399,   24833,   28487,   29618,    1264,     133,   12988,    9934,   -5321,    3957,    -495,   13752,   13396,   12388,    -408,     600,  100.0,   42.5,    9.7,   18.5,   34.0,   69.6,   94.9,   97.8,    5.1,    2.2,  100.0,   44.5,   10.4,   18.8,   31.6,   68.4,   94.9,   97.6,    5.1,    2.4,  100.0,   33.3,   15.4,    0.6,   61.8,   83.5,   95.8,   99.6,    4.2,    0.4,    358,    181,     65,    110,     68,     77,    292,    221,    357,    178,     71,    105,     61,     76,    282,    217,     97,     30,     14,      7,     23,     35,     55,     54,     9.1,    29.4,    15.2,    40.1,     7.3,    27.4,    12.3,    36.3,     9.1,    30.3,    15.2,    40.3,     7.1,    28.7,    12.7,    37.7,    44.0,    43.3,    60.7,    64.0,    43.9,    43.3,    60.6,    64.0,"(CONTRACTS OF 50,000 POUNDS)",033661,ICUS,033 
CRUDE DIFF-TMX SW 1A INDEX - ICE FUTURES ENERGY DIV,260818,2026-08-18,06742T,IFED,01,067 ,   13607,     330,    1845,      60,   13217,   11567,   13607,   13472,       0,     135,   13607,     330,    1845,      60,   13217,   11567,   13607,   13472,       0,     135,       0,       0,       0,       0,       0,       0,       0,       0,       0,       0,     -90,       0,     120,       0,     -90,    -345,     -90,    -225,       0,     135,  100.0,    2.4,   13.6,    0.4,   97.1,   85.0,  100.0,   99.0,    0.0,    1.0,  100.0,    2.4,   13.6,    0.4,   97.1,   85.0,  100.0,   99.0,    0.0,    1.0,    0.0,    0.0,    0.0,    0.0,    0.0,    0.0,    0.0,    0.0,    0.0,    0.0,     31,      1,      4,      1,     14,     20,     15,     25,     31,      1,      4,      1,     14,     20,     15,     25,      0,      0,      0,      0,      0,      0,      0,      0,    72.4,    55.3,    88.5,    73.0,    67.8,    53.6,    78.6,    63.2,    72.4,    55.3,    88.5,    73.0,    67.8,    53.6,    78.6,    63.2,     0.0,     0.0,     0.0,     0.0,     0.0,     0.0,     0.0,     0.0,1000 BARRELS,06742T,IFED,067 
CRUDE DIFF-TMX SW 1A INDEX - ICE FUTURES ENERGY DIV,260825,2026-08-25,06742T,IFED,01,067 ,   10553,     330,    2235,      60,   10163,    8258,   10553,   10553,       0,       0,   10553,     330,    2235,      60,   10163,    8258,   10553,   10553,       0,       0,       0,       0,       0,       0,       0,       0,       0,       0,       0,       0,   -3054,       0,     390,       0,   -3054,   -3309,   -3054,   -2919,       0,    -135,  100.0,    3.1,   21.2,    0.6,   96.3,   78.3,  100.0,  100.0,    0.0,    0.0,  100.0,    3.1,   21.2,    0.6,   96.3,   78.3,  100.0,  100.0,    0.0,    0.0,    0.0,    0.0,    0.0,    0.0,    0.0,    0.0,    0.0,    0.0,    0.0,    0.0,     26,      1,      4,      1,     10,     16,     11,     21,     26,      1,      4,      1,     10,     16,     11,     21,      0,      0,      0,      0,      0,      0,      0,      0,    79.2,    60.1,    95.3,    76.7,    75.2,    59.9,    87.6,    73.4,    79.2,    60.1,    95.3,    76.7,    75.2,    59.9,    87.6,    73.4,     0.0,     0.0,     0.0,     0.0,     0.0,     0.0,     0.0,     0.0,1000 BARRELS,06742T,IFED,067 
CRUDE DIFF-TMX WCS 1A INDEX - ICE FUTURES ENERGY DIV,260818,2026-08-18,06742G,IFED,01,067 ,   69229,     345,   17406,      90,   67509,   51266,   67944,   68762,    1285,     467,   69229,     345,   17406,      90,   67509,   51266,   67944,   68762,    1285,     467,       0,       0,       0,       0,       0,       0,       0,       0,       0,       0,    4080,       0,    1745,     -60,    2875,    1931,    2815,    3616,    1265,     464,  100.0,    0.5,   25.1,    0.1,   97.5,   74.1,   98.1,   99.3,    1.9,    0.7,  100.0,    0.5,   25.1,    0.1,   97.5,   74.1,   98.1,   99.3,    1.9,    0.7,    0.0,    0.0,    0.0,    0.0,    0.0,    0.0,    0.0,    0.0,    0.0,    0.0,     44,      2,      4,      2,     25,     28,     29,     32,     44,      2,      4,      2,     25,     28,     29,     32,      0,      0,      0,      0,      0,      0,      0,      0,    63.9,    52.5,    82.4,    71.3,    58.7,    52.4,    72.8,    68.6,    63.9,    52.5,    82.4,    71.3,    58.7,    52.4,    72.8,    68.6,     0.0,     0.0,     0.0,     0.0,     0.0,     0.0,     0.0,     0.0,1000 BARRELS,06742G,IFED,067 
CRUDE DIFF-TMX WCS 1A INDEX - ICE FUTURES ENERGY DIV,260825,2026-08-25,06742G,IFED,01,067 ,   64113,     270,   18825,     360,   63388,   44893,   64018,   64078,      95,      35,   64113,     270,   18825,     360,   63388,   44893,   64018,   64078,      95,      35,       0,       0,       0,       0,       0,       0,       0,       0,       0,       0,   -5116,     -75,    1419,     270,   -4121,   -6373,   -3926,   -4684,   -1190,    -432,  100.0,    0.4,   29.4,    0.6,   98.9,   70.0,   99.9,   99.9,    0.1,    0.1,  100.0,    0.4,   29.4,    0.6,   98.9,   70.0,   99.9,   99.9,    0.1,    0.1,    0.0,    0.0,    0.0,    0.0,    0.0,    0.0,    0.0,    0.0,    0.0,    0.0,     40,      1,      5,      3,     21,     26,     25,     31,     40,      1,      5,      3,     21,     26,     25,     31,      0,      0,      0,      0,      0,      0,      0,      0,    69.2,    55.2,    88.0,    72.2,    60.2,    54.9,    75.9,    68.4,    69.2,    55.2,    88.0,    72.2,    60.2,    54.9,    75.9,    68.4,     0.0,     0.0,     0.0,     0.0,     0.0,     0.0,     0.0,     0.0,1000 BARRELS,06742G,IFED,067 
CRUDE DIFF-WCS HOUSTON/WTI 1ST - ICE FUTURES ENERGY DIV,260818,2026-08-18,06739C,IFED,01,067 ,   61397,   14814,      60,     620,   45953,   60692,   61387,   61372,      10,      25,   61397,   14814,      60,     620,   45953,   60692,   61387,   61372,      10,      25,       0,       0,       0,       0,       0,       0,       0,       0,       0,       0,    5403,    1270,    -985,    -235,    4443,    6708,    5478,    5488,     -75,     -85,  100.0,   24.1,    0.1,    1.0,   74.8,   98.9,  100.0,  100.0,    0.0,    0.0,  100.0,   24.1,    0.1,    1.0,   74.8,   98.9,  100.0,  100.0,    0.0,    0.0,    0.0,    0.0,    0.0,    0.0,    0.0,    0.0,    0.0,    0.0,    0.0,    0.0,     43,      5,      1,      2,     29,     24,     34,     27,     43,      5,      1,      2,     29,     24,     34,     27,      0,      0,      0,      0,      0,      0,      0,      0,    51.9,    64.2,    71.0,    86.0,    34.8,    49.8,    51.1,    63.2,    51.9,    64.2,    71.0,    86.0,    34.8,    49.8,    51.1,    63.2,     0.0,     0.0,     0.0,     0.0,     0.0,     0.0,     0.0,     0.0,(1000 Barrels),06739C,IFED,067 
CRUDE DIFF-WCS HOUSTON/WTI 1ST - ICE FUTURES ENERGY DIV,260825,2026-08-25,06739C,IFED,01,067 ,   66472,   14519,     810,     750,   51183,   64897,   66452,   66457,      20,      15,   66472,   14519,     810,     750,   51183,   64897,   66452,   66457,      20,      15,       0,       0,       0,       0,       0,       0,       0,       0,       0,       0,    5075,    -295,     750,     130,    5230,    4205,    5065,    5085,      10,     -10,  100.0,   21.8,    1.2,    1.1,   77.0,   97.6,  100.0,  100.0,    0.0,    0.0,  100.0,   21.8,    1.2,    1.1,   77.0,   97.6,  100.0,  100.0,    0.0,    0.0,    0.0,    0.0,    0.0,    0.0,    0.0,    0.0,    0.0,    0.0,    0.0,    0.0,     44,      3,      3,      3,     29,     24,     34,     29,     44,      3,      3,      3,     29,     24,     34,     29,      0,      0,      0,      0,      0,      0,      0,      0,    53.1,    66.4,    73.6,    84.7,    41.2,    57.7,    58.4,    66.9,    53.1,    66.4,    73.6,    84.7,    41.2,    57.7,    58.4,    66.9,     0.0,     0.0,     0.0,     0.0,     0.0,     0.0,     0.0,     0.0,(1000 Barrels),06739C,IFED,067 
"CRUDE OIL, LIGHT SWEET-WTI - ICE FUTURES EUROPE",260818,2026-08-18,067411,ICEU,01,067 ,  815351,   72230,   89681,  219112,  508879,  494192,  800221,  802985,   15130,   12366,  815351,   72230,   89681,  219112,  508879,  494192,  800221,  802985,   15130,   12366,       0,       0,       0,       0,       0,       0,       0,       0,       0,       0,   18193,   -3892,    7226,    6450,   18209,    7785,   20767,   21461,   -2574,   -3268,  100.0,    8.9,   11.0,   26.9,   62.4,   60.6,   98.1,   98.5,    1.9,    1.5,  100.0,    8.9,   11.0,   26.9,   62.4,   60.6,   98.1,   98.5,    1.9,    1.5,    0.0,    0.0,    0.0,    0.0,    0.0,    0.0,    0.0,    0.0,    0.0,    0.0,    117,     18,     36,     48,     53,     51,    104,    104,    117,     18,     36,     48,     53,     51,    104,    104,      0,      0,      0,      0,      0,      0,      0,      0,    36.0,    33.3,    54.3,    45.9,    28.8,    20.6,    39.1,    27.9,    36.0,    33.3,    54.3,    45.9,    28.8,    20.6,    39.1,    27.9,     0.0,     0.0,     0.0,     0.0,     0.0,     0.0,     0.0,     0.0,"(CONTRACTS OF 1,000 BARRELS)",067411,ICEU,067 
"CRUDE OIL, LIGHT SWEET-WTI - ICE FUTURES EUROPE",260825,2026-08-25,067411,ICEU,01,067 ,  778174,   70137,   85279,  213689,  479591,  467251,  763417,  766219,   14757,   11955,  778174,   70137,   85279,  213689,  479591,  467251,  763417,  766219,   14757,   11955,       0,       0,       0,       0,       0,       0,       0,       0,       0,       0,  -37177,   -2093,   -4402,   -5423,  -29288,  -26941,  -36804,  -36766,    -373,    -411,  100.0,    9.0,   11.0,   27.5,   61.6,   60.0,   98.1,   98.5,    1.9,    1.5,  100.0,    9.0,   11.0,   27.5,   61.6,   60.0,   98.1,   98.5,    1.9,    1.5,    0.0,    0.0,    0.0,    0.0,    0.0,    0.0,    0.0,    0.0,    0.0,    0.0,    112,     14,     34,     44,     52,     51,     99,    100,    112,     14,     34,     44,     52,     51,     99,    100,      0,      0,      0,      0,      0,      0,      0,      0,    36.1,    33.5,    53.9,    46.6,    28.1,    20.9,    38.3,    28.1,    36.1,    33.5,    53.9,    46.6,    28.1,    20.9,    38.3,    28.1,     0.0,     0.0,     0.0,     0.0,     0.0,     0.0,     0.0,     0.0,"(CONTRACTS OF 1,000 BARRELS)",067411,ICEU,067 
"CRYPTO HYPE PERP STYLE - COINBASE DERIVATIVES, LLC",260818,2026-08-18,183LM2,FREX,00,183 ,    8720,    7488,    7826,       0,      50,     478,    7538,    8304,    1182,     416,    8720,    7488,    7826,       0,      50,     478,    7538,    8304,    1182,     416,       0,       0,       0,       0,       0,       0,       0,       0,       0,       0,   -1234,   -1065,   -1195,       0,       0,    -198,   -1065,   -1393,    -169,     159,  100.0,   85.9,   89.7,    0.0,    0.6,    5.5,   86.4,   95.2,   13.6,    4.8,  100.0,   85.9,   89.7,    0.0,    0.6,    5.5,   86.4,   95.2,   13.6,    4.8,    0.0,    0.0,    0.0,    0.0,    0.0,    0.0,    0.0,    0.0,    0.0,    0.0,     78,     53,     22,      0,      1,      2,     54,     24,     78,     53,     22,      0,      1,      2,     54,     24,      0,      0,      0,      0,      0,      0,      0,      0,    55.1,    77.0,    59.7,    84.9,    55.1,    77.0,    59.7,    84.9,    55.1,    77.0,    59.7,    84.9,    55.1,    77.0,    59.7,    84.9,     0.0,     0.0,     0.0,     0.0,     0.0,     0.0,     0.0,     0.0,(10 x HYPE Index),183LM2,FREX,183 
"CRYPTO HYPE PERP STYLE - COINBASE DERIVATIVES, LLC",260825,2026-08-25,183LM2,FREX,00,183 ,    9844,    8267,    8317,       0,     200,    1008,    8467,    9325,    1377,     519,    9844,    8267,    8317,       0,     200,    1008,    8467,    9325,    1377,     519,       0,       0,       0,       0,       0,       0,       0,       0,       0,       0,    1124,     779,     491,       0,     150,     530,     929,    1021,     195,     103,  100.0,   84.0,   84.5,    0.0,    2.0,   10.2,   86.0,   94.7,   14.0,    5.3,  100.0,   84.0,   84.5,    0.0,    2.0,   10.2,   86.0,   94.7,   14.0,    5.3,    0.0,    0.0,    0.0,    0.0,    0.0,    0.0,    0.0,    0.0,    0.0,    0.0,     87,     56,     29,      0,      1,      1,     57,     30,     87,     56,     29,      0,      1,      1,     57,     30,      0,      0,      0,      0,      0,      0,      0,      0,    52.1,    74.5,    60.2,    82.2,    52.1,    74.5,    60.2,    82.2,    52.1,    74.5,    60.2,    82.2,    52.1,    74.5,    60.2,    82.2,     0.0,     0.0,     0.0,     0.0,     0.0,     0.0,     0.0,     0.0,(10 x HYPE Index),183LM2,FREX,183 
CT RECs CLASS 1 - ICE FUTURES ENERGY DIV,260818,2026-08-18,0063DK,IFED,01,006 ,    8775,    2450,    1854,       0,    6325,    6921,    8775,    8775,       0,       0,    8775,    2450,    1854,       0,    6325,    6921,    8775,    8775,       0,       0,       0,       0,       0,       0,       0,       0,       0,       0,       0,       0,       0,       0,       0,       0,       0,       0,       0,       0,       0,       0,  100.0,   27.9,   21.1,    0.0,   72.1,   78.9,  100.0,  100.0,    0.0,    0.0,  100.0,   27.9,   21.1,    0.0,   72.1,   78.9,  100.0,  100.0,    0.0,    0.0,    0.0,    0.0,    0.0,    0.0,    0.0,    0.0,    0.0,    0.0,    0.0,    0.0,     20,      1,      4,      0,      8,      9,      9,     13,     20,      1,      4,      0,      8,      9,      9,     13,      0,      0,      0,      0,      0,      0,      0,      0,    73.5,    62.6,    97.7,    90.9,    69.0,    62.6,    92.3,    88.3,    73.5,    62.6,    97.7,    90.9,    69.0,    62.6,    92.3,    88.3,     0.0,     0.0,     0.0,     0.0,     0.0,     0.0,     0.0,     0.0,(100 MWh of Class 1 Renewable Energy Cer,0063DK,IFED,006 
CT RECs CLASS 1 - ICE FUTURES ENERGY DIV,260825,2026-08-25,0063DK,IFED,01,006 ,    8775,    2450,    1854,       0,    6325,    6921,    8775,    8775,       0,       0,    8775,    2450,    1854,       0,    6325,    6921,    8775,    8775,       0,       0,       0,       0,       0,       0,       0,       0,       0,       0,       0,       0,       0,       0,       0,       0,       0,       0,       0,       0,       0,       0,  100.0,   27.9,   21.1,    0.0,   72.1,   78.9,  100.0,  100.0,    0.0,    0.0,  100.0,   27.9,   21.1,    0.0,   72.1,   78.9,  100.0,  100.0,    0.0,    0.0,    0.0,    0.0,    0.0,    0.0,    0.0,    0.0,    0.0,    0.0,    0.0,    0.0,     20,      1,      4,      0,      8,      9,      9,     13,     20,      1,      4,      0,      8,      9,      9,     13,      0,      0,      0,      0,      0,      0,      0,      0,    73.5,    62.6,    97.7,    90.9,    69.0,    62.6,    92.3,    88.3,    73.5,    62.6,    97.7,    90.9,    69.0,    62.6,    92.3,    88.3,     0.0,     0.0,     0.0,     0.0,     0.0,     0.0,     0.0,     0.0,(100 MWh of Class 1 Renewable Energy Cer,0063DK,IFED,006 
D4 BIODIESEL RINs OPIS CURR YR - ICE FUTURES ENERGY DIV,260818,2026-08-18,0063DG,IFED,01,006 ,   16473,    7448,    3744,    4124,    4634,    8467,   16206,   16335,     267,     138,   16473,    7448,    3744,    4124,    4634,    8467,   16206,   16335,     267,     138,       0,       0,       0,       0,       0,       0,       0,       0,       0,       0,     896,     540,     853,     -20,     284,      14,     804,     847,      92,      49,  100.0,   45.2,   22.7,   25.0,   28.1,   51.4,   98.4,   99.2,    1.6,    0.8,  100.0,   45.2,   22.7,   25.0,   28.1,   51.4,   98.4,   99.2,    1.6,    0.8,    0.0,    0.0,    0.0,    0.0,    0.0,    0.0,    0.0,    0.0,    0.0,    0.0,     57,     24,     12,      8,     16,     13,     42,     31,     57,     24,     12,      8,     16,     13,     42,     31,      0,      0,      0,      0,      0,      0,      0,      0,    46.4,    45.5,    64.7,    67.3,    31.1,    38.6,    45.9,    54.9,    46.4,    45.5,    64.7,    67.3,    31.1,    38.6,    45.9,    54.9,     0.0,     0.0,     0.0,     0.0,     0.0,     0.0,     0.0,     0.0,"(50,000 RINs)",0063DG,IFED,006 
D4 BIODIESEL RINs OPIS CURR YR - ICE FUTURES ENERGY DIV,260825,2026-08-25,0063DG,IFED,01,006 ,   16411,    6780,    2780,    4416,    4953,    9104,   16149,   16300,     262,     111,   16411,    6780,    2780,    4416,    4953,    9104,   16149,   16300,     262,     111,       0,       0,       0,       0,       0,       0,       0,       0,       0,       0,     -62,    -668,    -964,     292,     319,     637,     -57,     -35,      -5,     -27,  100.0,   41.3,   16.9,   26.9,   30.2,   55.5,   98.4,   99.3,    1.6,    0.7,  100.0,   41.3,   16.9,   26.9,   30.2,   55.5,   98.4,   99.3,    1.6,    0.7,    0.0,    0.0,    0.0,    0.0,    0.0,    0.0,    0.0,    0.0,    0.0,    0.0,     63,     26,     14,     10,     16,     13,     47,     34,     63,     26,     14,     10,     16,     13,     47,     34,      0,      0,      0,      0,      0,      0,      0,      0,    44.8,    54.3,    61.5,    71.5,    26.5,    43.9,    39.8,    56.5,    44.8,    54.3,    61.5,    71.5,    26.5,    43.9,    39.8,    56.5,     0.0,     0.0,     0.0,     0.0,     0.0,     0.0,     0.0,     0.0,"(50,000 RINs)",0063DG,IFED,006 
D6 RINs OPIS CURRENT YEAR - ICE FUTURES ENERGY DIV,260818,2026-08-18,0063CW,IFED,01,006 ,   31482,   13193,    9331,   11021,    7126,   10821,   31340,   31173,     142,     309,   31482,   13193,    9331,   11021,    7126,   10821,   31340,   31173,     142,     309,       0,       0,       0,       0,       0,       0,       0,       0,       0,       0,   -2619,    -345,   -1075,    -193,   -2097,   -1443,   -2635,   -2711,      16,      92,  100.0,   41.9,   29.6,   35.0,   22.6,   34.4,   99.5,   99.0,    0.5,    1.0,  100.0,   41.9,   29.6,   35.0,   22.6,   34.4,   99.5,   99.0,    0.5,    1.0,    0.0,    0.0,    0.0,    0.0,    0.0,    0.0,    0.0,    0.0,    0.0,    0.0,     73,     25,     25,     18,     11,     19,     46,     52,     73,     25,     25,     18,     11,     19,     46,     52,      0,      0,      0,      0,      0,      0,      0,      0,    54.8,    44.7,    77.4,    61.8,    35.5,    27.7,    49.3,    39.4,    54.8,    44.7,    77.4,    61.8,    35.5,    27.7,    49.3,    39.4,     0.0,     0.0,     0.0,     0.0,     0.0,     0.0,     0.0,     0.0,"(50,000 RINs)",0063CW,IFED,006 
D6 RINs OPIS CURRENT YEAR - ICE FUTURES ENERGY DIV,260825,2026-08-25,0063CW,IFED,01,006 ,   30939,   14227,   10702,    9266,    7342,   10705,   30835,   30673,     104,     266,   30939,   14227,   10702,    9266,    7342,   10705,   30835,   30673,     104,     266,       0,       0,       0,       0,       0,       0,       0,       0,       0,       0,    -543,    1034,    1371,   -1755,     216,    -116,    -505,    -500,     -38,     -43,  100.0,   46.0,   34.6,   29.9,   23.7,   34.6,   99.7,   99.1,    0.3,    0.9,  100.0,   46.0,   34.6,   29.9,   23.7,   34.6,   99.7,   99.1,    0.3,    0.9,    0.0,    0.0,    0.0,    0.0,    0.0,    0.0,    0.0,    0.0,    0.0,    0.0,     78,     27,     28,     18,      9,     18,     46,     55,     78,     27,     28,     18,      9,     18,     46,     55,      0,      0,      0,      0,      0,      0,      0,      0,    54.5,    40.9,    75.9,    61.7,    40.4,    30.3,    54.7,    42.6,    54.5,    40.9,    75.9,    61.7,    40.4,    30.3,    54.7,    42.6,     0.0,     0.0,     0.0,     0.0,     0.0,     0.0,     0.0,     0.0,"(50,000 RINs)",0063CW,IFED,006 
DJIA Consolidated - CHICAGO BOARD OF TRADE,260818,2026-08-18,12460+,CBT ,00,124 ,   94439,   27244,    7624,    2658,   46423,   73479,   76325,   83760,   18113,   10678,   94439,   27244,    7624,    2658,   46423,   73479,   76325,   83760,   18113,   10678,       0,       0,       0,       0,       0,       0,       0,       0,       0,       0,    4595,    -169,   -1314,    2292,     488,    2734,    2611,    3711,    1983,     883,  100.0,   28.8,    8.1,    2.8,   49.2,   77.8,   80.8,   88.7,   19.2,   11.3,  100.0,   28.8,    8.1,    2.8,   49.2,   77.8,   80.8,   88.7,   19.2,   11.3,    0.0,    0.0,    0.0,    0.0,    0.0,    0.0,    0.0,    0.0,    0.0,    0.0,     98,     30,     20,     12,     29,     26,     66,     51,     98,     30,     20,     12,     29,     26,     66,     51,      0,      0,      0,      0,      0,      0,      0,      0,    49.2,    44.5,    58.1,    61.3,    49.0,    44.1,    57.8,    60.6,    49.2,    44.5,    58.1,    61.3,    49.0,    44.1,    57.8,    60.6,     0.0,     0.0,     0.0,     0.0,     0.0,     0.0,     0.0,     0.0,($5 X DJIA INDEX),12460+,CBT ,124 
DJIA Consolidated - CHICAGO BOARD OF TRADE,260825,2026-08-25,12460+,CBT ,00,124 ,   88454,   25680,   10123,     645,   46333,   67503,   72658,   78271,   15796,   10183,   88454,   25680,   10123,     645,   46333,   67503,   72658,   78271,   15796,   10183,       0,       0,       0,       0,       0,       0,       0,       0,       0,       0,   -5985,   -1564,    2499,   -2013,     -90,   -5976,   -3667,   -5489,   -2317,    -495,  100.0,   29.0,   11.4,    0.7,   52.4,   76.3,   82.1,   88.5,   17.9,   11.5,  100.0,   29.0,   11.4,    0.7,   52.4,   76.3,   82.1,   88.5,   17.9,   11.5,    0.0,    0.0,    0.0,    0.0,    0.0,    0.0,    0.0,    0.0,    0.0,    0.0,     77,     17,     15,      4,     28,     22,     46,     40,     77,     17,     15,      4,     28,     22,     46,     40,      0,      0,      0,      0,      0,      0,      0,      0,    52.5,    41.9,    62.9,    60.8,    52.5,    41.6,    62.9,    60.2,    52.5,    41.9,    62.9,    60.8,    52.5,    41.6,    62.9,    60.2,     0.0,     0.0,     0.0,     0.0,     0.0,     0.0,     0.0,     0.0,($5 X DJIA INDEX),12460+,CBT ,124 
DJIA x $5 - CHICAGO BOARD OF TRADE,260818,2026-08-18,124603,CBT ,00,124 ,   90072,   26832,    9151,     563,   46390,   70412,   73785,   80126,   16287,    9946,   90072,   26832,    9151,     563,   46390,   70412,   73785,   80126,   16287,    9946,       0,       0,       0,       0,       0,       0,       0,       0,       0,       0,     228,    -581,     213,     197,     455,    -333,      71,      77,     157,     151,  100.0,   29.8,   10.2,    0.6,   51.5,   78.2,   81.9,   89.0,   18.1,   11.0,  100.0,   29.8,   10.2,    0.6,   51.5,   78.2,   81.9,   89.0,   18.1,   11.0,    0.0,    0.0,    0.0,    0.0,    0.0,    0.0,    0.0,    0.0,    0.0,    0.0,     84,     22,     15,      4,     28,     26,     51,     44,     84,     22,     15,      4,     28,     26,     51,     44,      0,      0,      0,      0,      0,      0,      0,      0,    51.6,    43.3,    60.9,    60.9,    51.4,    42.9,    60.6,    60.1,    51.6,    43.3,    60.9,    60.9,    51.4,    42.9,    60.6,    60.1,     0.0,     0.0,     0.0,     0.0,     0.0,     0.0,     0.0,     0.0,($5 X DJIA INDEX),124603,CBT ,124 
DJIA x $5 - CHICAGO BOARD OF TRADE,260825,2026-08-25,124603,CBT ,00,124 ,   88454,   25680,   10123,     645,   46333,   67503,   72658,   78271,   15796,   10183,   88454,   25680,   10123,     645,   46333,   67503,   72658,   78271,   15796,   10183,       0,       0,       0,       0,       0,       0,       0,       0,       0,       0,   -1618,   -1152,     972,      82,     -57,   -2909,   -1127,   -1855,    -491,     237,  100.0,   29.0,   11.4,    0.7,   52.4,   76.3,   82.1,   88.5,   17.9,   11.5,  100.0,   29.0,   11.4,    0.7,   52.4,   76.3,   82.1,   88.5,   17.9,   11.5,    0.0,    0.0,    0.0,    0.0,    0.0,    0.0,    0.0,    0.0,    0.0,    0.0,     77,     17,     15,      4,     28,     22,     46,     40,     77,     17,     15,      4,     28,     22,     46,     40,      0,      0,      0,      0,      0,      0,      0,      0,    52.5,    41.9,    62.9,    60.8,    52.5,    41.6,    62.9,    60.2,    52.5,    41.9,    62.9,    60.8,    52.5,    41.6,    62.9,    60.2,     0.0,     0.0,     0.0,     0.0,     0.0,     0.0,     0.0,     0.0,($5 X DJIA INDEX),124603,CBT ,124 
"DOGECOIN - COINBASE DERIVATIVES, LLC",260818,2026-08-18,168DC1,FREX,00,180 ,   23075,   22907,   21582,      28,       0,       0,   22935,   21610,     140,    1465,   23075,   22907,   21582,      28,       0,       0,   22935,   21610,     140,    1465,       0,       0,       0,       0,       0,       0,       0,       0,       0,       0,.,.,.,.,.,.,.,.,.,.,  100.0,   99.3,   93.5,    0.1,    0.0,    0.0,   99.4,   93.7,    0.6,    6.3,  100.0,   99.3,   93.5,    0.1,    0.0,    0.0,   99.4,   93.7,    0.6,    6.3,    0.0,    0.0,    0.0,    0.0,    0.0,    0.0,    0.0,    0.0,    0.0,    0.0,     20,     12,      8,      2,      0,      0,     13,      9,     20,     12,      8,      2,      0,      0,     13,      9,      0,      0,      0,      0,      0,      0,      0,      0,    97.9,    91.7,    98.8,    93.6,    97.8,    91.7,    98.8,    93.5,    97.9,    91.7,    98.8,    93.6,    97.8,    91.7,    98.8,    93.5,     0.0,     0.0,     0.0,     0.0,     0.0,     0.0,     0.0,     0.0,"(5,000 Dogecoin X $0.12 = Contract $600)",168DC1,FREX,180 
"DOGECOIN PERP STYLE - COINBASE DERIVATIVES, LLC",260818,2026-08-18,168LM2,FREX,00,168 ,    2968,    2087,    2848,       0,       0,       0,    2087,    2848,     881,     120,    2968,    2087,    2848,       0,       0,       0,    2087,    2848,     881,     120,       0,       0,       0,       0,       0,       0,       0,       0,       0,       0,   -1800,   -1775,   -1769,       0,       0,       0,   -1775,   -1769,     -25,     -31,  100.0,   70.3,   96.0,    0.0,    0.0,    0.0,   70.3,   96.0,   29.7,    4.0,  100.0,   70.3,   96.0,    0.0,    0.0,    0.0,   70.3,   96.0,   29.7,    4.0,    0.0,    0.0,    0.0,    0.0,    0.0,    0.0,    0.0,    0.0,    0.0,    0.0,     39,     29,     10,      0,      0,      0,     29,     10,     39,     29,     10,      0,      0,      0,     29,     10,      0,      0,      0,      0,      0,      0,      0,      0,    20.2,    83.1,    34.0,    93.3,    20.2,    83.1,    34.0,    93.3,    20.2,    83.1,    34.0,    93.3,    20.2,    83.1,    34.0,    93.3,     0.0,     0.0,     0.0,     0.0,     0.0,     0.0,     0.0,     0.0,"(5,000 Dogecoin)",168LM2,FREX,168 
"DOGECOIN PERP STYLE - COINBASE DERIVATIVES, LLC",260825,2026-08-25,168LM2,FREX,00,168 ,    2365,    1360,    2216,       0,       0,       0,    1360,    2216,    1005,     149,    2365,    1360,    2216,       0,       0,       0,    1360,    2216,    1005,     149,       0,       0,       0,       0,       0,       0,       0,       0,       0,       0,    -603,    -727,    -632,       0,       0,       0,    -727,    -632,     124,      29,  100.0,   57.5,   93.7,    0.0,    0.0,    0.0,   57.5,   93.7,   42.5,    6.3,  100.0,   57.5,   93.7,    0.0,    0.0,    0.0,   57.5,   93.7,   42.5,    6.3,    0.0,    0.0,    0.0,    0.0,    0.0,    0.0,    0.0,    0.0,    0.0,    0.0,     28,     18,     10,      0,      0,      0,     18,     10,     28,     18,     10,      0,      0,      0,     18,     10,      0,      0,      0,      0,      0,      0,      0,      0,    25.0,    82.4,    40.0,    91.2,    25.0,    82.4,    40.0,    91.2,    25.0,    82.4,    40.0,    91.2,    25.0,    82.4,    40.0,    91.2,     0.0,     0.0,     0.0,     0.0,     0.0,     0.0,     0.0,     0.0,"(5,000 Dogecoin)",168LM2,FREX,168 
DOMINION - SOUTH POINT (BASIS) - ICE FUTURES ENERGY DIV,260818,2026-08-18,0233A3,IFED,01,023 ,  771441,   45149,   56527,   25368,  682199,  681070,  752716,  762965,   18725,    8476,  771441,   45149,   56527,   25368,  682199,  681070,  752716,  762965,   18725,    8476,       0,       0,       0,       0,       0,       0,       0,       0,       0,       0,   13272,   -2858,    4872,    1777,   15431,    4223,   14350,   10872,   -1078,    2400,  100.0,    5.9,    7.3,    3.3,   88.4,   88.3,   97.6,   98.9,    2.4,    1.1,  100.0,    5.9,    7.3,    3.3,   88.4,   88.3,   97.6,   98.9,    2.4,    1.1,    0.0,    0.0,    0.0,    0.0,    0.0,    0.0,    0.0,    0.0,    0.0,    0.0,     88,      7,     17,     12,     52,     51,     67,     72,     88,      7,     17,     12,     52,     51,     67,     72,      0,      0,      0,      0,      0,      0,      0,      0,    33.5,    37.7,    48.9,    54.3,    32.9,    33.6,    44.8,    50.0,    33.5,    37.7,    48.9,    54.3,    32.9,    33.6,    44.8,    50.0,     0.0,     0.0,     0.0,     0.0,     0.0,     0.0,     0.0,     0.0,2500 mmbtu,0233A3,IFED,023 
DOMINION - SOUTH POINT (BASIS) - ICE FUTURES ENERGY DIV,260825,2026-08-25,0233A3,IFED,01,023 ,  774614,   43161,   57144,   27518,  685240,  681852,  755919,  766514,   18695,    8100,  774614,   43161,   57144,   27518,  685240,  681852,  755919,  766514,   18695,    8100,       0,       0,       0,       0,       0,       0,       0,       0,       0,       0,    3173,   -1988,     617,    2150,    3041,     782,    3203,    3549,     -30,    -376,  100.0,    5.6,    7.4,    3.6,   88.5,   88.0,   97.6,   99.0,    2.4,    1.0,  100.0,    5.6,    7.4,    3.6,   88.5,   88.0,   97.6,   99.0,    2.4,    1.0,    0.0,    0.0,    0.0,    0.0,    0.0,    0.0,    0.0,    0.0,    0.0,    0.0,     93,      7,     20,     13,     55,     53,     71,     77,     93,      7,     20,     13,     55,     53,     71,     77,      0,      0,      0,      0,      0,      0,      0,      0,    33.7,    37.4,    49.2,    53.8,    33.0,    33.3,    45.1,    49.4,    33.7,    37.4,    49.2,    53.8,    33.0,    33.3,    45.1,    49.4,     0.0,     0.0,     0.0,     0.0,     0.0,     0.0,     0.0,     0.0,2500 mmbtu,0233A3,IFED,023 
DOMINION - SOUTH POINT - ICE FUTURES ENERGY DIV,260818,2026-08-18,0233A2,IFED,01,023 ,   44954,   10597,    3157,     787,   30384,   37958,   41768,   41902,    3186,    3052,   44954,   10597,    3157,     787,   30384,   37958,   41768,   41902,    3186,    3052,       0,       0,       0,       0,       0,       0,       0,       0,       0,       0,    1980,       0,    1590,       0,    1890,    -120,    1890,    1470,      90,     510,  100.0,   23.6,    7.0,    1.8,   67.6,   84.4,   92.9,   93.2,    7.1,    6.8,  100.0,   23.6,    7.0,    1.8,   67.6,   84.4,   92.9,   93.2,    7.1,    6.8,    0.0,    0.0,    0.0,    0.0,    0.0,    0.0,    0.0,    0.0,    0.0,    0.0,     33,      4,      2,      2,     17,     17,     22,     20,     33,      4,      2,      2,     17,     17,     22,     20,      0,      0,      0,      0,      0,      0,      0,      0,    55.1,    46.8,    73.0,    74.6,    55.1,    42.5,    72.4,    64.8,    55.1,    46.8,    73.0,    74.6,    55.1,    42.5,    72.4,    64.8,     0.0,     0.0,     0.0,     0.0,     0.0,     0.0,     0.0,     0.0,2500 mmbtu,0233A2,IFED,023 
DOMINION - SOUTH POINT - ICE FUTURES ENERGY DIV,260825,2026-08-25,0233A2,IFED,01,023 ,   48592,   10657,    4714,     697,   34172,   40761,   45526,   46172,    3066,    2420,   48592,   10657,    4714,     697,   34172,   40761,   45526,   46172,    3066,    2420,       0,       0,       0,       0,       0,       0,       0,       0,       0,       0,    3638,      60,    1557,     -90,    3788,    2803,    3758,    4270,    -120,    -632,  100.0,   21.9,    9.7,    1.4,   70.3,   83.9,   93.7,   95.0,    6.3,    5.0,  100.0,   21.9,    9.7,    1.4,   70.3,   83.9,   93.7,   95.0,    6.3,    5.0,    0.0,    0.0,    0.0,    0.0,    0.0,    0.0,    0.0,    0.0,    0.0,    0.0,     37,      4,      2,      2,     19,     21,     24,     24,     37,      4,      2,      2,     19,     21,     24,     24,      0,      0,      0,      0,      0,      0,      0,      0,    52.0,    42.7,    68.3,    70.1,    52.0,    37.1,    67.2,    57.9,    52.0,    42.7,    68.3,    70.1,    52.0,    37.1,    67.2,    57.9,     0.0,     0.0,     0.0,     0.0,     0.0,     0.0,     0.0,     0.0,2500 mmbtu,0233A2,IFED,023 
DOW JONES U.S. REAL ESTATE IDX - CHICAGO BOARD OF TRADE,260818,2026-08-18,124606,CBT ,00,124 ,   61723,    5067,    1657,       0,   54260,   58980,   59327,   60637,    2396,    1086,   61723,    5067,    1657,       0,   54260,   58980,   59327,   60637,    2396,    1086,       0,       0,       0,       0,       0,       0,       0,       0,       0,       0,     884,    -458,     882,       0,    1905,    -209,    1447,     673,    -563,     211,  100.0,    8.2,    2.7,    0.0,   87.9,   95.6,   96.1,   98.2,    3.9,    1.8,  100.0,    8.2,    2.7,    0.0,   87.9,   95.6,   96.1,   98.2,    3.9,    1.8,    0.0,    0.0,    0.0,    0.0,    0.0,    0.0,    0.0,    0.0,    0.0,    0.0,     52,      5,      3,      0,     32,     14,     37,     17,     52,      5,      3,      0,     32,     14,     37,     17,      0,      0,      0,      0,      0,      0,      0,      0,    46.5,    73.3,    61.4,    87.2,    44.8,    73.3,    58.8,    85.8,    46.5,    73.3,    61.4,    87.2,    44.8,    73.3,    58.8,    85.8,     0.0,     0.0,     0.0,     0.0,     0.0,     0.0,     0.0,     0.0,($100 X DJ US REAL ESTATE INDEX),124606,CBT ,124 
DOW JONES U.S. REAL ESTATE IDX - CHICAGO BOARD OF TRADE,260825,2026-08-25,124606,CBT ,00,124 ,   64464,    5554,    4466,       0,   55916,   58960,   61470,   63426,    2994,    1038,   64464,    5554,    4466,       0,   55916,   58960,   61470,   63426,    2994,    1038,       0,       0,       0,       0,       0,       0,       0,       0,       0,       0,    2741,     487,    2809,       0,    1656,     -20,    2143,    2789,     598,     -48,  100.0,    8.6,    6.9,    0.0,   86.7,   91.5,   95.4,   98.4,    4.6,    1.6,  100.0,    8.6,    6.9,    0.0,   86.7,   91.5,   95.4,   98.4,    4.6,    1.6,    0.0,    0.0,    0.0,    0.0,    0.0,    0.0,    0.0,    0.0,    0.0,    0.0,     52,      6,      2,      0,     32,     14,     38,     16,     52,      6,      2,      0,     32,     14,     38,     16,      0,      0,      0,      0,      0,      0,      0,      0,    45.4,    70.0,    60.4,    87.1,    43.6,    70.0,    57.7,    86.3,    45.4,    70.0,    60.4,    87.1,    43.6,    70.0,    57.7,    86.3,     0.0,     0.0,     0.0,     0.0,     0.0,     0.0,     0.0,     0.0,($100 X DJ US REAL ESTATE INDEX),124606,CBT ,124 
E-MINI S&P 400 STOCK INDEX - CHICAGO MERCANTILE EXCHANGE,260818,2026-08-18,33874A,CME ,00,138 ,   38602,    6408,    4194,      50,   21678,   29830,   28136,   34074,   10466,    4528,   38602,    6408,    4194,      50,   21678,   29830,   28136,   34074,   10466,    4528,       0,       0,       0,       0,       0,       0,       0,       0,       0,       0,    1686,    1514,    -247,      21,    -121,    1288,    1414,    1062,     272,     624,  100.0,   16.6,   10.9,    0.1,   56.2,   77.3,   72.9,   88.3,   27.1,   11.7,  100.0,   16.6,   10.9,    0.1,   56.2,   77.3,   72.9,   88.3,   27.1,   11.7,    0.0,    0.0,    0.0,    0.0,    0.0,    0.0,    0.0,    0.0,    0.0,    0.0,     74,     10,      9,      3,     36,     27,     47,     38,     74,     10,      9,      3,     36,     27,     47,     38,      0,      0,      0,      0,      0,      0,      0,      0,    17.1,    36.2,    27.8,    54.2,    17.0,    36.1,    27.6,    54.1,    17.1,    36.2,    27.8,    54.2,    17.0,    36.1,    27.6,    54.1,     0.0,     0.0,     0.0,     0.0,     0.0,     0.0,     0.0,     0.0,(S&P 400 INDEX X $100),33874A,CME ,138 
E-MINI S&P 400 STOCK INDEX - CHICAGO MERCANTILE EXCHANGE,260825,2026-08-25,33874A,CME ,00,138 ,   39343,    7137,    4322,      66,   22228,   30516,   29431,   34904,    9912,    4439,   39343,    7137,    4322,      66,   22228,   30516,   29431,   34904,    9912,    4439,       0,       0,       0,       0,       0,       0,       0,       0,       0,       0,     741,     729,     128,      16,     550,     686,    1295,     830,    -554,     -89,  100.0,   18.1,   11.0,    0.2,   56.5,   77.6,   74.8,   88.7,   25.2,   11.3,  100.0,   18.1,   11.0,    0.2,   56.5,   77.6,   74.8,   88.7,   25.2,   11.3,    0.0,    0.0,    0.0,    0.0,    0.0,    0.0,    0.0,    0.0,    0.0,    0.0,     73,      9,      9,      3,     37,     26,     47,     37,     73,      9,      9,      3,     37,     26,     47,     37,      0,      0,      0,      0,      0,      0,      0,      0,    18.6,    36.8,    30.4,    55.3,    18.5,    36.8,    30.2,    55.3,    18.6,    36.8,    30.4,    55.3,    18.5,    36.8,    30.2,    55.3,     0.0,     0.0,     0.0,     0.0,     0.0,     0.0,     0.0,     0.0,(S&P 400 INDEX X $100),33874A,CME ,138 
E-MINI S&P 500 - CHICAGO MERCANTILE EXCHANGE,260818,2026-08-18,13874A,CME ,00,138 , 2072358,  275315,  285875,   45644, 1482869, 1596422, 1803828, 1927941,  268530,  144417, 2072358,  275315,  285875,   45644, 1482869, 1596422, 1803828, 1927941,  268530,  144417,       0,       0,       0,       0,       0,       0,       0,       0,       0,       0,  -47148,  -16392,    5448,   -4611,  -22112,  -50999,  -43115,  -50162,   -4033,    3014,  100.0,   13.3,   13.8,    2.2,   71.6,   77.0,   87.0,   93.0,   13.0,    7.0,  100.0,   13.3,   13.8,    2.2,   71.6,   77.0,   87.0,   93.0,   13.0,    7.0,    0.0,    0.0,    0.0,    0.0,    0.0,    0.0,    0.0,    0.0,    0.0,    0.0,    437,     79,     62,     45,    245,    168,    350,    250,    437,     79,     62,     45,    245,    168,    350,    250,      0,      0,      0,      0,      0,      0,      0,      0,     9.9,    29.1,    17.2,    43.1,     9.8,    28.8,    16.5,    42.6,     9.9,    29.1,    17.2,    43.1,     9.8,    28.8,    16.5,    42.6,     0.0,     0.0,     0.0,     0.0,     0.0,     0.0,     0.0,     0.0,($50 X S&P 500 INDEX),13874A,CME ,138 
E-MINI S&P 500 - CHICAGO MERCANTILE EXCHANGE,260825,2026-08-25,13874A,CME ,00,138 , 2045669,  241495,  309489,   40332, 1493154, 1557219, 1774981, 1907040,  270688,  138629, 2045669,  241495,  309489,   40332, 1493154, 1557219, 1774981, 1907040,  270688,  138629,       0,       0,       0,       0,       0,       0,       0,       0,       0,       0,  -26689,  -33820,   23614,   -5312,   10285,  -39203,  -28847,  -20901,    2158,   -5788,  100.0,   11.8,   15.1,    2.0,   73.0,   76.1,   86.8,   93.2,   13.2,    6.8,  100.0,   11.8,   15.1,    2.0,   73.0,   76.1,   86.8,   93.2,   13.2,    6.8,    0.0,    0.0,    0.0,    0.0,    0.0,    0.0,    0.0,    0.0,    0.0,    0.0,    435,     80,     59,     45,    244,    166,    348,    247,    435,     80,     59,     45,    244,    166,    348,    247,      0,      0,      0,      0,      0,      0,      0,      0,     9.3,    29.8,    16.8,    43.5,     9.2,    29.4,    16.1,    42.8,     9.3,    29.8,    16.8,    43.5,     9.2,    29.4,    16.1,    42.8,     0.0,     0.0,     0.0,     0.0,     0.0,     0.0,     0.0,     0.0,($50 X S&P 500 INDEX),13874A,CME ,138 
E-MINI S&P COMMUNICATION INDEX - CHICAGO MERCANTILE EXCHANGE,260818,2026-08-18,13874P,CME ,00,138 ,   16934,    2524,       0,       0,   12992,   16368,   15516,   16368,    1418,     566,   16934,    2524,       0,       0,   12992,   16368,   15516,   16368,    1418,     566,       0,       0,       0,       0,       0,       0,       0,       0,       0,       0,    -144,    -275,       0,       0,     -44,    -296,    -319,    -296,     175,     152,  100.0,   14.9,    0.0,    0.0,   76.7,   96.7,   91.6,   96.7,    8.4,    3.3,  100.0,   14.9,    0.0,    0.0,   76.7,   96.7,   91.6,   96.7,    8.4,    3.3,    0.0,    0.0,    0.0,    0.0,    0.0,    0.0,    0.0,    0.0,    0.0,    0.0,     24,      2,      0,      0,     13,     11,     15,     11,     24,      2,      0,      0,     13,     11,     15,     11,      0,      0,      0,      0,      0,      0,      0,      0,    51.6,    73.7,    75.7,    92.9,    50.4,    73.7,    74.2,    92.9,    51.6,    73.7,    75.7,    92.9,    50.4,    73.7,    74.2,    92.9,     0.0,     0.0,     0.0,     0.0,     0.0,     0.0,     0.0,     0.0,($250 x S&P Select Sector Communication,13874P,CME ,138 
E-MINI S&P COMMUNICATION INDEX - CHICAGO MERCANTILE EXCHANGE,260825,2026-08-25,13874P,CME ,00,138 ,   17522,    3387,       0,       0,   12865,   17268,   16252,   17268,    1270,     254,   17522,    3387,       0,       0,   12865,   17268,   16252,   17268,    1270,     254,       0,       0,       0,       0,       0,       0,       0,       0,       0,       0,     588,     863,       0,       0,    -127,     900,     736,     900,    -148,    -312,  100.0,   19.3,    0.0,    0.0,   73.4,   98.6,   92.8,   98.6,    7.2,    1.4,  100.0,   19.3,    0.0,    0.0,   73.4,   98.6,   92.8,   98.6,    7.2,    1.4,    0.0,    0.0,    0.0,    0.0,    0.0,    0.0,    0.0,    0.0,    0.0,    0.0,     25,      3,      0,      0,     13,     11,     16,     11,     25,      3,      0,      0,     13,     11,     16,     11,      0,      0,      0,      0,      0,      0,      0,      0,    49.5,    70.4,    73.5,    94.7,    48.7,    70.4,    72.1,    94.7,    49.5,    70.4,    73.5,    94.7,    48.7,    70.4,    72.1,    94.7,     0.0,     0.0,     0.0,     0.0,     0.0,     0.0,     0.0,     0.0,($250 x S&P Select Sector Communication,13874P,CME ,138 
E-MINI S&P CONSU STAPLES INDEX - CHICAGO MERCANTILE EXCHANGE,260818,2026-08-18,138748,CME ,00,138 ,   20213,     609,    1865,       0,   17244,   16089,   17853,   17954,    2360,    2259,   20213,     609,    1865,       0,   17244,   16089,   17853,   17954,    2360,    2259,       0,       0,       0,       0,       0,       0,       0,       0,       0,       0,    1027,     276,      39,       0,    2373,     -19,    2649,      20,   -1622,    1007,  100.0,    3.0,    9.2,    0.0,   85.3,   79.6,   88.3,   88.8,   11.7,   11.2,  100.0,    3.0,    9.2,    0.0,   85.3,   79.6,   88.3,   88.8,   11.7,   11.2,    0.0,    0.0,    0.0,    0.0,    0.0,    0.0,    0.0,    0.0,    0.0,    0.0,     24,      2,      2,      0,     11,     10,     13,     12,     24,      2,      2,      0,     11,     10,     13,     12,      0,      0,      0,      0,      0,      0,      0,      0,    60.0,    49.4,    81.2,    76.2,    60.0,    49.4,    81.2,    76.2,    60.0,    49.4,    81.2,    76.2,    60.0,    49.4,    81.2,    76.2,     0.0,     0.0,     0.0,     0.0,     0.0,     0.0,     0.0,     0.0,($100 x S&P Select Sector Consumer Stapl,138748,CME ,138 
E-MINI S&P CONSU STAPLES INDEX - CHICAGO MERCANTILE EXCHANGE,260825,2026-08-25,138748,CME ,00,138 ,   19439,     205,    1851,       0,   16757,   15928,   16962,   17779,    2477,    1660,   19439,     205,    1851,       0,   16757,   15928,   16962,   17779,    2477,    1660,       0,       0,       0,       0,       0,       0,       0,       0,       0,       0,    -774,    -404,     -14,       0,    -487,    -161,    -891,    -175,     117,    -599,  100.0,    1.1,    9.5,    0.0,   86.2,   81.9,   87.3,   91.5,   12.7,    8.5,  100.0,    1.1,    9.5,    0.0,   86.2,   81.9,   87.3,   91.5,   12.7,    8.5,    0.0,    0.0,    0.0,    0.0,    0.0,    0.0,    0.0,    0.0,    0.0,    0.0,     22,      1,      2,      0,     10,     10,     11,     12,     22,      1,      2,      0,     10,     10,     11,     12,      0,      0,      0,      0,      0,      0,      0,      0,    70.3,    50.7,    83.8,    78.4,    70.3,    50.7,    83.8,    78.4,    70.3,    50.7,    83.8,    78.4,    70.3,    50.7,    83.8,    78.4,     0.0,     0.0,     0.0,     0.0,     0.0,     0.0,     0.0,     0.0,($100 x S&P Select Sector Consumer Stapl,138748,CME ,138 
E-MINI S&P ENERGY INDEX - CHICAGO MERCANTILE EXCHANGE,260818,2026-08-18,138749,CME ,00,138 ,   26335,    1647,    2432,     298,   21552,   22991,   23497,   25721,    2838,     614,   26335,    1647,    2432,     298,   21552,   22991,   23497,   25721,    2838,     614,       0,       0,       0,       0,       0,       0,       0,       0,       0,       0,    2517,      54,     601,      78,    2785,    1735,    2917,    2414,    -400,     103,  100.0,    6.3,    9.2,    1.1,   81.8,   87.3,   89.2,   97.7,   10.8,    2.3,  100.0,    6.3,    9.2,    1.1,   81.8,   87.3,   89.2,   97.7,   10.8,    2.3,    0.0,    0.0,    0.0,    0.0,    0.0,    0.0,    0.0,    0.0,    0.0,    0.0,     39,      3,      5,      1,     17,     14,     21,     19,     39,      3,      5,      1,     17,     14,     21,     19,      0,      0,      0,      0,      0,      0,      0,      0,    57.2,    54.8,    70.9,    76.6,    57.2,    54.8,    70.9,    75.6,    57.2,    54.8,    70.9,    76.6,    57.2,    54.8,    70.9,    75.6,     0.0,     0.0,     0.0,     0.0,     0.0,     0.0,     0.0,     0.0,($100 x S&P Select Sector Energy Index p,138749,CME ,138 
E-MINI S&P ENERGY INDEX - CHICAGO MERCANTILE EXCHANGE,260825,2026-08-25,138749,CME ,00,138 ,   27460,    1612,    2203,     298,   22387,   24323,   24297,   26824,    3163,     636,   27460,    1612,    2203,     298,   22387,   24323,   24297,   26824,    3163,     636,       0,       0,       0,       0,       0,       0,       0,       0,       0,       0,    1125,     -35,    -229,       0,     835,    1332,     800,    1103,     325,      22,  100.0,    5.9,    8.0,    1.1,   81.5,   88.6,   88.5,   97.7,   11.5,    2.3,  100.0,    5.9,    8.0,    1.1,   81.5,   88.6,   88.5,   97.7,   11.5,    2.3,    0.0,    0.0,    0.0,    0.0,    0.0,    0.0,    0.0,    0.0,    0.0,    0.0,     38,      3,      4,      1,     17,     14,     21,     18,     38,      3,      4,      1,     17,     14,     21,     18,      0,      0,      0,      0,      0,      0,      0,      0,    57.9,    53.7,    71.5,    76.0,    57.9,    53.7,    71.5,    76.0,    57.9,    53.7,    71.5,    76.0,    57.9,    53.7,    71.5,    76.0,     0.0,     0.0,     0.0,     0.0,     0.0,     0.0,     0.0,     0.0,($100 x S&P Select Sector Energy Index p,138749,CME ,138 
E-MINI S&P FINANCIAL INDEX - CHICAGO MERCANTILE EXCHANGE,260818,2026-08-18,13874C,CME ,00,138 ,   69181,    2458,    1245,       0,   64023,   66718,   66481,   67963,    2700,    1218,   69181,    2458,    1245,       0,   64023,   66718,   66481,   67963,    2700,    1218,       0,       0,       0,       0,       0,       0,       0,       0,       0,       0,   -2322,   -1510,     -82,       0,    -862,   -2641,   -2372,   -2723,      50,     401,  100.0,    3.6,    1.8,    0.0,   92.5,   96.4,   96.1,   98.2,    3.9,    1.8,  100.0,    3.6,    1.8,    0.0,   92.5,   96.4,   96.1,   98.2,    3.9,    1.8,    0.0,    0.0,    0.0,    0.0,    0.0,    0.0,    0.0,    0.0,    0.0,    0.0,     44,      5,      2,      0,     20,     17,     25,     19,     44,      5,      2,      0,     20,     17,     25,     19,      0,      0,      0,      0,      0,      0,      0,      0,    63.4,    66.6,    82.4,    87.9,    63.4,    66.6,    82.4,    87.9,    63.4,    66.6,    82.4,    87.9,    63.4,    66.6,    82.4,    87.9,     0.0,     0.0,     0.0,     0.0,     0.0,     0.0,     0.0,     0.0,($250 x S&P Select Sector Financial Inde,13874C,CME ,138 
E-MINI S&P FINANCIAL INDEX - CHICAGO MERCANTILE EXCHANGE,260825,2026-08-25,13874C,CME ,00,138 ,   66950,    2014,     970,       0,   61851,   65368,   63865,   66338,    3085,     612,   66950,    2014,     970,       0,   61851,   65368,   63865,   66338,    3085,     612,       0,       0,       0,       0,       0,       0,       0,       0,       0,       0,   -2231,    -444,    -275,       0,   -2172,   -1350,   -2616,   -1625,     385,    -606,  100.0,    3.0,    1.4,    0.0,   92.4,   97.6,   95.4,   99.1,    4.6,    0.9,  100.0,    3.0,    1.4,    0.0,   92.4,   97.6,   95.4,   99.1,    4.6,    0.9,    0.0,    0.0,    0.0,    0.0,    0.0,    0.0,    0.0,    0.0,    0.0,    0.0,     42,      3,      2,      0,     20,     17,     23,     19,     42,      3,      2,      0,     20,     17,     23,     19,      0,      0,      0,      0,      0,      0,      0,      0,    63.3,    68.8,    82.8,    88.8,    63.3,    68.8,    82.8,    88.8,    63.3,    68.8,    82.8,    88.8,    63.3,    68.8,    82.8,    88.8,     0.0,     0.0,     0.0,     0.0,     0.0,     0.0,     0.0,     0.0,($250 x S&P Select Sector Financial Inde,13874C,CME ,138 
E-MINI S&P HEALTH CARE INDEX - CHICAGO MERCANTILE EXCHANGE,260818,2026-08-18,13874E,CME ,00,138 ,   16805,    4340,       0,       0,    9502,   15546,   13842,   15546,    2963,    1259,   16805,    4340,       0,       0,    9502,   15546,   13842,   15546,    2963,    1259,       0,       0,       0,       0,       0,       0,       0,       0,       0,       0,     166,      24,       0,       0,     331,      27,     355,      27,    -189,     139,  100.0,   25.8,    0.0,    0.0,   56.5,   92.5,   82.4,   92.5,   17.6,    7.5,  100.0,   25.8,    0.0,    0.0,   56.5,   92.5,   82.4,   92.5,   17.6,    7.5,    0.0,    0.0,    0.0,    0.0,    0.0,    0.0,    0.0,    0.0,    0.0,    0.0,     26,      6,      0,      0,     11,      9,     17,      9,     26,      6,      0,      0,     11,      9,     17,      9,      0,      0,      0,      0,      0,      0,      0,      0,    37.7,    76.4,    58.5,    91.2,    37.7,    76.4,    58.5,    91.2,    37.7,    76.4,    58.5,    91.2,    37.7,    76.4,    58.5,    91.2,     0.0,     0.0,     0.0,     0.0,     0.0,     0.0,     0.0,     0.0,($100 x S&P Select Sector Health Care In,13874E,CME ,138 
E-MINI S&P HEALTH CARE INDEX - CHICAGO MERCANTILE EXCHANGE,260825,2026-08-25,13874E,CME ,00,138 ,   16810,    4315,       0,       0,    9671,   15525,   13986,   15525,    2824,    1285,   16810,    4315,       0,       0,    9671,   15525,   13986,   15525,    2824,    1285,       0,       0,       0,       0,       0,       0,       0,       0,       0,       0,       5,     -25,       0,       0,     169,     -21,     144,     -21,    -139,      26,  100.0,   25.7,    0.0,    0.0,   57.5,   92.4,   83.2,   92.4,   16.8,    7.6,  100.0,   25.7,    0.0,    0.0,   57.5,   92.4,   83.2,   92.4,   16.8,    7.6,    0.0,    0.0,    0.0,    0.0,    0.0,    0.0,    0.0,    0.0,    0.0,    0.0,     26,      6,      0,      0,     11,      9,     17,      9,     26,      6,      0,      0,     11,      9,     17,      9,      0,      0,      0,      0,      0,      0,      0,      0,    37.7,    75.9,    57.8,    91.1,    37.7,    75.9,    57.8,    91.1,    37.7,    75.9,    57.8,    91.1,    37.7,    75.9,    57.8,    91.1,     0.0,     0.0,     0.0,     0.0,     0.0,     0.0,     0.0,     0.0,($100 x S&P Select Sector Health Care In,13874E,CME ,138 
E-MINI S&P INDUSTRIAL INDEX - CHICAGO MERCANTILE EXCHANGE,260818,2026-08-18,13874F,CME ,00,138 ,   15208,     715,    1828,       0,   12528,   12048,   13243,   13876,    1965,    1332,   15208,     715,    1828,       0,   12528,   12048,   13243,   13876,    1965,    1332,       0,       0,       0,       0,       0,       0,       0,       0,       0,       0,     465,     114,      77,       0,     222,     527,     336,     604,     129,    -139,  100.0,    4.7,   12.0,    0.0,   82.4,   79.2,   87.1,   91.2,   12.9,    8.8,  100.0,    4.7,   12.0,    0.0,   82.4,   79.2,   87.1,   91.2,   12.9,    8.8,    0.0,    0.0,    0.0,    0.0,    0.0,    0.0,    0.0,    0.0,    0.0,    0.0,     22,      1,      3,      0,     10,      8,     11,     11,     22,      1,      3,      0,     10,      8,     11,     11,      0,      0,      0,      0,      0,      0,      0,      0,    63.2,    64.9,    81.9,    84.4,    63.2,    64.9,    81.9,    84.4,    63.2,    64.9,    81.9,    84.4,    63.2,    64.9,    81.9,    84.4,     0.0,     0.0,     0.0,     0.0,     0.0,     0.0,     0.0,     0.0,($100 x S&P Select Sector Industrial Ind,13874F,CME ,138 
E-MINI S&P INDUSTRIAL INDEX - CHICAGO MERCANTILE EXCHANGE,260825,2026-08-25,13874F,CME ,00,138 ,   15483,     653,    2057,       0,   12929,   12655,   13582,   14712,    1901,     771,   15483,     653,    2057,       0,   12929,   12655,   13582,   14712,    1901,     771,       0,       0,       0,       0,       0,       0,       0,       0,       0,       0,     275,     -62,     229,       0,     401,     607,     339,     836,     -64,    -561,  100.0,    4.2,   13.3,    0.0,   83.5,   81.7,   87.7,   95.0,   12.3,    5.0,  100.0,    4.2,   13.3,    0.0,   83.5,   81.7,   87.7,   95.0,   12.3,    5.0,    0.0,    0.0,    0.0,    0.0,    0.0,    0.0,    0.0,    0.0,    0.0,    0.0,     26,      1,      4,      0,     10,     11,     11,     15,     26,      1,      4,      0,     10,     11,     11,     15,      0,      0,      0,      0,      0,      0,      0,      0,    63.3,    59.7,    82.6,    80.2,    63.3,    59.7,    82.6,    80.2,    63.3,    59.7,    82.6,    80.2,    63.3,    59.7,    82.6,    80.2,     0.0,     0.0,     0.0,     0.0,     0.0,     0.0,     0.0,     0.0,($100 x S&P Select Sector Industrial Ind,13874F,CME ,138 
E-MINI S&P TECHNOLOGY INDEX - CHICAGO MERCANTILE EXCHANGE,260818,2026-08-18,13874I,CME ,00,138 ,   12537,    1359,       0,       0,    8671,   12064,   10030,   12064,    2507,     473,   12537,    1359,       0,       0,    8671,   12064,   10030,   12064,    2507,     473,       0,       0,       0,       0,       0,       0,       0,       0,       0,       0,    -167,       9,       0,       0,     -42,     -45,     -33,     -45,    -134,    -122,  100.0,   10.8,    0.0,    0.0,   69.2,   96.2,   80.0,   96.2,   20.0,    3.8,  100.0,   10.8,    0.0,    0.0,   69.2,   96.2,   80.0,   96.2,   20.0,    3.8,    0.0,    0.0,    0.0,    0.0,    0.0,    0.0,    0.0,    0.0,    0.0,    0.0,     20,      2,      0,      0,     10,      9,     12,      9,     20,      2,      0,      0,     10,      9,     12,      9,      0,      0,      0,      0,      0,      0,      0,      0,    56.5,    83.8,    72.1,    96.0,    56.5,    83.8,    71.9,    96.0,    56.5,    83.8,    72.1,    96.0,    56.5,    83.8,    71.9,    96.0,     0.0,     0.0,     0.0,     0.0,     0.0,     0.0,     0.0,     0.0,($100 x S&P Select Sector Technology Ind,13874I,CME ,138 
E-MINI S&P TECHNOLOGY INDEX - CHICAGO MERCANTILE EXCHANGE,260825,2026-08-25,13874I,CME ,00,138 ,   12436,    1336,       0,       0,    8668,   12225,   10004,   12225,    2432,     211,   12436,    1336,       0,       0,    8668,   12225,   10004,   12225,    2432,     211,       0,       0,       0,       0,       0,       0,       0,       0,       0,       0,    -101,     -23,       0,       0,      -3,     161,     -26,     161,     -75,    -262,  100.0,   10.7,    0.0,    0.0,   69.7,   98.3,   80.4,   98.3,   19.6,    1.7,  100.0,   10.7,    0.0,    0.0,   69.7,   98.3,   80.4,   98.3,   19.6,    1.7,    0.0,    0.0,    0.0,    0.0,    0.0,    0.0,    0.0,    0.0,    0.0,    0.0,     21,      2,      0,      0,     10,     10,     12,     10,     21,      2,      0,      0,     10,     10,     12,     10,      0,      0,      0,      0,      0,      0,      0,      0,    57.2,    84.0,    73.0,    96.4,    57.2,    84.0,    72.8,    96.4,    57.2,    84.0,    73.0,    96.4,    57.2,    84.0,    72.8,    96.4,     0.0,     0.0,     0.0,     0.0,     0.0,     0.0,     0.0,     0.0,($100 x S&P Select Sector Technology Ind,13874I,CME ,138 
E-MINI S&P UTILITIES INDEX - CHICAGO MERCANTILE EXCHANGE,260818,2026-08-18,13874J,CME ,00,138 ,   21946,    2290,     807,       0,   17200,   19495,   19490,   20302,    2456,    1644,   21946,    2290,     807,       0,   17200,   19495,   19490,   20302,    2456,    1644,       0,       0,       0,       0,       0,       0,       0,       0,       0,       0,    -353,     302,       0,       0,    -241,    -359,      61,    -359,    -414,       6,  100.0,   10.4,    3.7,    0.0,   78.4,   88.8,   88.8,   92.5,   11.2,    7.5,  100.0,   10.4,    3.7,    0.0,   78.4,   88.8,   88.8,   92.5,   11.2,    7.5,    0.0,    0.0,    0.0,    0.0,    0.0,    0.0,    0.0,    0.0,    0.0,    0.0,     32,      3,      1,      0,     15,     13,     18,     14,     32,      3,      1,      0,     15,     13,     18,     14,      0,      0,      0,      0,      0,      0,      0,      0,    46.5,    58.3,    67.5,    78.7,    46.5,    58.3,    67.5,    78.7,    46.5,    58.3,    67.5,    78.7,    46.5,    58.3,    67.5,    78.7,     0.0,     0.0,     0.0,     0.0,     0.0,     0.0,     0.0,     0.0,($100 x S&P Select Sector Utilities Inde,13874J,CME ,138 
E-MINI S&P UTILITIES INDEX - CHICAGO MERCANTILE EXCHANGE,260825,2026-08-25,13874J,CME ,00,138 ,   21795,    2460,     807,       0,   16905,   19518,   19365,   20325,    2430,    1470,   21795,    2460,     807,       0,   16905,   19518,   19365,   20325,    2430,    1470,       0,       0,       0,       0,       0,       0,       0,       0,       0,       0,    -151,     170,       0,       0,    -295,      23,    -125,      23,     -26,    -174,  100.0,   11.3,    3.7,    0.0,   77.6,   89.6,   88.9,   93.3,   11.1,    6.7,  100.0,   11.3,    3.7,    0.0,   77.6,   89.6,   88.9,   93.3,   11.1,    6.7,    0.0,    0.0,    0.0,    0.0,    0.0,    0.0,    0.0,    0.0,    0.0,    0.0,     31,      3,      1,      0,     14,     13,     17,     14,     31,      3,      1,      0,     14,     13,     17,     14,      0,      0,      0,      0,      0,      0,      0,      0,    47.1,    58.5,    68.7,    79.1,    47.1,    58.5,    68.7,    79.1,    47.1,    58.5,    68.7,    79.1,    47.1,    58.5,    68.7,    79.1,     0.0,     0.0,     0.0,     0.0,     0.0,     0.0,     0.0,     0.0,($100 x S&P Select Sector Utilities Inde,13874J,CME ,138 
EMINI RUSSELL 1000 VALUE INDEX - CHICAGO MERCANTILE EXCHANGE,260818,2026-08-18,239744,CME ,00,239 ,   30755,    2322,   12161,       0,   25958,   17522,   28280,   29683,    2475,    1072,   30755,    2322,   12161,       0,   25958,   17522,   28280,   29683,    2475,    1072,       0,       0,       0,       0,       0,       0,       0,       0,       0,       0,    -734,      -5,       0,       0,   -1037,   -1201,   -1042,   -1201,     308,     467,  100.0,    7.5,   39.5,    0.0,   84.4,   57.0,   92.0,   96.5,    8.0,    3.5,  100.0,    7.5,   39.5,    0.0,   84.4,   57.0,   92.0,   96.5,    8.0,    3.5,    0.0,    0.0,    0.0,    0.0,    0.0,    0.0,    0.0,    0.0,    0.0,    0.0,     25,      2,      1,      0,     12,     10,     14,     11,     25,      2,      1,      0,     12,     10,     14,     11,      0,      0,      0,      0,      0,      0,      0,      0,    69.2,    79.2,    85.6,    93.9,    69.2,    79.2,    85.6,    93.9,    69.2,    79.2,    85.6,    93.9,    69.2,    79.2,    85.6,    93.9,     0.0,     0.0,     0.0,     0.0,     0.0,     0.0,     0.0,     0.0,(RUSSELL 1000 VALUE INDEX x $50),239744,CME ,239 
EMINI RUSSELL 1000 VALUE INDEX - CHICAGO MERCANTILE EXCHANGE,260825,2026-08-25,239744,CME ,00,239 ,   31240,    2322,   12161,       0,   26672,   18229,   28994,   30390,    2246,     850,   31240,    2322,   12161,       0,   26672,   18229,   28994,   30390,    2246,     850,       0,       0,       0,       0,       0,       0,       0,       0,       0,       0,     485,       0,       0,       0,     714,     707,     714,     707,    -229,    -222,  100.0,    7.4,   38.9,    0.0,   85.4,   58.4,   92.8,   97.3,    7.2,    2.7,  100.0,    7.4,   38.9,    0.0,   85.4,   58.4,   92.8,   97.3,    7.2,    2.7,    0.0,    0.0,    0.0,    0.0,    0.0,    0.0,    0.0,    0.0,    0.0,    0.0,     25,      2,      1,      0,     12,     10,     14,     11,     25,      2,      1,      0,     12,     10,     14,     11,      0,      0,      0,      0,      0,      0,      0,      0,    70.8,    78.3,    86.5,    94.7,    70.8,    78.3,    86.5,    94.7,    70.8,    78.3,    86.5,    94.7,    70.8,    78.3,    86.5,    94.7,     0.0,     0.0,     0.0,     0.0,     0.0,     0.0,     0.0,     0.0,(RUSSELL 1000 VALUE INDEX x $50),239744,CME ,239 
EP SAN JUAN BASIS - ICE FUTURES ENERGY DIV,260818,2026-08-18,0233A8,IFED,01,023 ,  270779,    3851,    7205,    2086,  251256,  255076,  257193,  264367,   13586,    6412,  270779,    3851,    7205,    2086,  251256,  255076,  257193,  264367,   13586,    6412,       0,       0,       0,       0,       0,       0,       0,       0,       0,       0,   17900,   -3875,       0,     145,   19715,   14719,   15985,   14864,    1915,    3036,  100.0,    1.4,    2.7,    0.8,   92.8,   94.2,   95.0,   97.6,    5.0,    2.4,  100.0,    1.4,    2.7,    0.8,   92.8,   94.2,   95.0,   97.6,    5.0,    2.4,    0.0,    0.0,    0.0,    0.0,    0.0,    0.0,    0.0,    0.0,    0.0,    0.0,     34,      3,      2,      3,     25,     19,     29,     23,     34,      3,      2,      3,     25,     19,     29,     23,      0,      0,      0,      0,      0,      0,      0,      0,    46.4,    76.7,    74.6,    87.8,    37.1,    58.3,    57.6,    66.6,    46.4,    76.7,    74.6,    87.8,    37.1,    58.3,    57.6,    66.6,     0.0,     0.0,     0.0,     0.0,     0.0,     0.0,     0.0,     0.0,2500 mmbtu,0233A8,IFED,023 
EP SAN JUAN BASIS - ICE FUTURES ENERGY DIV,260825,2026-08-25,0233A8,IFED,01,023 ,  272256,    3758,    7085,    2086,  250166,  257535,  256010,  266706,   16246,    5550,  272256,    3758,    7085,    2086,  250166,  257535,  256010,  266706,   16246,    5550,       0,       0,       0,       0,       0,       0,       0,       0,       0,       0,    1477,     -93,    -120,       0,   -1090,    2459,   -1183,    2339,    2660,    -862,  100.0,    1.4,    2.6,    0.8,   91.9,   94.6,   94.0,   98.0,    6.0,    2.0,  100.0,    1.4,    2.6,    0.8,   91.9,   94.6,   94.0,   98.0,    6.0,    2.0,    0.0,    0.0,    0.0,    0.0,    0.0,    0.0,    0.0,    0.0,    0.0,    0.0,     35,      3,      2,      3,     23,     23,     27,     27,     35,      3,      2,      3,     23,     23,     27,     27,      0,      0,      0,      0,      0,      0,      0,      0,    48.7,    74.6,    74.1,    86.4,    36.7,    56.1,    56.3,    65.6,    48.7,    74.6,    74.1,    86.4,    36.7,    56.1,    56.3,    65.6,     0.0,     0.0,     0.0,     0.0,     0.0,     0.0,     0.0,     0.0,2500 mmbtu,0233A8,IFED,023 
ERCOT - NORTH MONTHLY OFF-PEAK - ICE FUTURES ENERGY DIV,260818,2026-08-18,0643A8,IFED,01,064 ,  117481,    6160,   13546,    5460,  105302,   97679,  116922,  116685,     559,     796,  117481,    6160,   13546,    5460,  105302,   97679,  116922,  116685,     559,     796,       0,       0,       0,       0,       0,       0,       0,       0,       0,       0,    4531,     450,     -63,    -295,    4376,    4889,    4531,    4531,       0,       0,  100.0,    5.2,   11.5,    4.6,   89.6,   83.1,   99.5,   99.3,    0.5,    0.7,  100.0,    5.2,   11.5,    4.6,   89.6,   83.1,   99.5,   99.3,    0.5,    0.7,    0.0,    0.0,    0.0,    0.0,    0.0,    0.0,    0.0,    0.0,    0.0,    0.0,     48,      5,     12,      7,     25,     26,     36,     39,     48,      5,     12,      7,     25,     26,     36,     39,      0,      0,      0,      0,      0,      0,      0,      0,    46.3,    43.7,    73.0,    61.9,    42.0,    40.6,    62.8,    54.7,    46.3,    43.7,    73.0,    61.9,    42.0,    40.6,    62.8,    54.7,     0.0,     0.0,     0.0,     0.0,     0.0,     0.0,     0.0,     0.0,1 Mw per Off-Peak Hour,0643A8,IFED,064 
ERCOT - NORTH MONTHLY OFF-PEAK - ICE FUTURES ENERGY DIV,260825,2026-08-25,0643A8,IFED,01,064 ,  120365,    6279,   14309,    5206,  108321,   99994,  119806,  119509,     559,     856,  120365,    6279,   14309,    5206,  108321,   99994,  119806,  119509,     559,     856,       0,       0,       0,       0,       0,       0,       0,       0,       0,       0,    2884,     119,     763,    -254,    3019,    2315,    2884,    2824,       0,      60,  100.0,    5.2,   11.9,    4.3,   90.0,   83.1,   99.5,   99.3,    0.5,    0.7,  100.0,    5.2,   11.9,    4.3,   90.0,   83.1,   99.5,   99.3,    0.5,    0.7,    0.0,    0.0,    0.0,    0.0,    0.0,    0.0,    0.0,    0.0,    0.0,    0.0,     50,      6,     11,      7,     27,     26,     38,     39,     50,      6,     11,      7,     27,     26,     38,     39,      0,      0,      0,      0,      0,      0,      0,      0,    45.3,    43.7,    71.5,    61.4,    41.1,    39.6,    62.6,    54.6,    45.3,    43.7,    71.5,    61.4,    41.1,    39.6,    62.6,    54.6,     0.0,     0.0,     0.0,     0.0,     0.0,     0.0,     0.0,     0.0,1 Mw per Off-Peak Hour,0643A8,IFED,064 
ERCOT HOUSTON 345KV RT PK FIX - ICE FUTURES ENERGY DIV,260818,2026-08-18,06439N,IFED,01,064 ,   43820,   11372,     725,    1330,   30444,   41645,   43146,   43700,     674,     120,   43820,   11372,     725,    1330,   30444,   41645,   43146,   43700,     674,     120,       0,       0,       0,       0,       0,       0,       0,       0,       0,       0,     180,       2,       0,       0,     174,     180,     176,     180,       4,       0,  100.0,   26.0,    1.7,    3.0,   69.5,   95.0,   98.5,   99.7,    1.5,    0.3,  100.0,   26.0,    1.7,    3.0,   69.5,   95.0,   98.5,   99.7,    1.5,    0.3,    0.0,    0.0,    0.0,    0.0,    0.0,    0.0,    0.0,    0.0,    0.0,    0.0,     33,      6,      2,      5,     20,     19,     27,     25,     33,      6,      2,      5,     20,     19,     27,     25,      0,      0,      0,      0,      0,      0,      0,      0,    38.0,    69.0,    59.4,    85.5,    35.7,    69.0,    54.4,    75.9,    38.0,    69.0,    59.4,    85.5,    35.7,    69.0,    54.4,    75.9,     0.0,     0.0,     0.0,     0.0,     0.0,     0.0,     0.0,     0.0,(Contracts of about 352 MWh),06439N,IFED,064 
ERCOT HOUSTON 345KV RT PK FIX - ICE FUTURES ENERGY DIV,260825,2026-08-25,06439N,IFED,01,064 ,   43880,   11371,     725,    1330,   30324,   41825,   43025,   43880,     855,       0,   43880,   11371,     725,    1330,   30324,   41825,   43025,   43880,     855,       0,       0,       0,       0,       0,       0,       0,       0,       0,       0,       0,      60,      -1,       0,       0,    -120,     180,    -121,     180,     181,    -120,  100.0,   25.9,    1.7,    3.0,   69.1,   95.3,   98.1,  100.0,    1.9,    0.0,  100.0,   25.9,    1.7,    3.0,   69.1,   95.3,   98.1,  100.0,    1.9,    0.0,    0.0,    0.0,    0.0,    0.0,    0.0,    0.0,    0.0,    0.0,    0.0,    0.0,     33,      6,      2,      5,     20,     18,     27,     24,     33,      6,      2,      5,     20,     18,     27,     24,      0,      0,      0,      0,      0,      0,      0,      0,    35.0,    69.9,    56.3,    84.9,    32.3,    69.8,    51.1,    76.4,    35.0,    69.9,    56.3,    84.9,    32.3,    69.8,    51.1,    76.4,     0.0,     0.0,     0.0,     0.0,     0.0,     0.0,     0.0,     0.0,(Contracts of about 352 MWh),06439N,IFED,064 
ERCOT Houston 345KV Hub RT 7x8 - ICE FUTURES ENERGY DIV,260818,2026-08-18,0643IL,IFED,01,064 ,   13935,     125,       0,       0,   13810,   13815,   13935,   13815,       0,     120,   13935,     125,       0,       0,   13810,   13815,   13935,   13815,       0,     120,       0,       0,       0,       0,       0,       0,       0,       0,       0,       0,.,.,.,.,.,.,.,.,.,.,  100.0,    0.9,    0.0,    0.0,   99.1,   99.1,  100.0,   99.1,    0.0,    0.9,  100.0,    0.9,    0.0,    0.0,   99.1,   99.1,  100.0,   99.1,    0.0,    0.9,    0.0,    0.0,    0.0,    0.0,    0.0,    0.0,    0.0,    0.0,    0.0,    0.0,     20,      1,      0,      0,     12,     10,     13,     10,     20,      1,      0,      0,     12,     10,     13,     10,      0,      0,      0,      0,      0,      0,      0,      0,    78.1,    57.4,    95.2,    90.7,    72.8,    57.4,    89.8,    90.0,    78.1,    57.4,    95.2,    90.7,    72.8,    57.4,    89.8,    90.0,     0.0,     0.0,     0.0,     0.0,     0.0,     0.0,     0.0,     0.0,(1MW for about 352 Hours),0643IL,IFED,064 
ERCOT Houston 345KV Hub RT 7x8 - ICE FUTURES ENERGY DIV,260825,2026-08-25,0643IL,IFED,01,064 ,   15315,     125,       0,       0,   15190,   15195,   15315,   15195,       0,     120,   15315,     125,       0,       0,   15190,   15195,   15315,   15195,       0,     120,       0,       0,       0,       0,       0,       0,       0,       0,       0,       0,    1380,       0,       0,       0,    1380,    1380,    1380,    1380,       0,       0,  100.0,    0.8,    0.0,    0.0,   99.2,   99.2,  100.0,   99.2,    0.0,    0.8,  100.0,    0.8,    0.0,    0.0,   99.2,   99.2,  100.0,   99.2,    0.0,    0.8,    0.0,    0.0,    0.0,    0.0,    0.0,    0.0,    0.0,    0.0,    0.0,    0.0,     20,      1,      0,      0,     12,     10,     13,     10,     20,      1,      0,      0,     12,     10,     13,     10,      0,      0,      0,      0,      0,      0,      0,      0,    80.1,    57.3,    95.6,    91.6,    75.3,    57.3,    90.7,    90.9,    80.1,    57.3,    95.6,    91.6,    75.3,    57.3,    90.7,    90.9,     0.0,     0.0,     0.0,     0.0,     0.0,     0.0,     0.0,     0.0,(1MW for about 352 Hours),0643IL,IFED,064 
ERCOT Houston 345KV RT OFF FIX - ICE FUTURES ENERGY DIV,260818,2026-08-18,06439Q,IFED,01,064 ,   41830,   11742,     250,    1210,   28279,   40250,   41231,   41710,     599,     120,   41830,   11742,     250,    1210,   28279,   40250,   41231,   41710,     599,     120,       0,       0,       0,       0,       0,       0,       0,       0,       0,       0,     180,       2,       0,       0,     174,     180,     176,     180,       4,       0,  100.0,   28.1,    0.6,    2.9,   67.6,   96.2,   98.6,   99.7,    1.4,    0.3,  100.0,   28.1,    0.6,    2.9,   67.6,   96.2,   98.6,   99.7,    1.4,    0.3,    0.0,    0.0,    0.0,    0.0,    0.0,    0.0,    0.0,    0.0,    0.0,    0.0,     33,      7,      1,      4,     19,     17,     26,     22,     33,      7,      1,      4,     19,     17,     26,     22,      0,      0,      0,      0,      0,      0,      0,      0,    34.8,    70.2,    57.0,    87.4,    32.7,    69.9,    52.4,    76.7,    34.8,    70.2,    57.0,    87.4,    32.7,    69.9,    52.4,    76.7,     0.0,     0.0,     0.0,     0.0,     0.0,     0.0,     0.0,     0.0,(Contracts of about 352 MWh),06439Q,IFED,064 
ERCOT Houston 345KV RT OFF FIX - ICE FUTURES ENERGY DIV,260825,2026-08-25,06439Q,IFED,01,064 ,   42020,   11741,     250,    1210,   28289,   40560,   41240,   42020,     780,       0,   42020,   11741,     250,    1210,   28289,   40560,   41240,   42020,     780,       0,       0,       0,       0,       0,       0,       0,       0,       0,       0,       0,     190,      -1,       0,       0,      10,     310,       9,     310,     181,    -120,  100.0,   27.9,    0.6,    2.9,   67.3,   96.5,   98.1,  100.0,    1.9,    0.0,  100.0,   27.9,    0.6,    2.9,   67.3,   96.5,   98.1,  100.0,    1.9,    0.0,    0.0,    0.0,    0.0,    0.0,    0.0,    0.0,    0.0,    0.0,    0.0,    0.0,     33,      7,      1,      4,     19,     17,     26,     22,     33,      7,      1,      4,     19,     17,     26,     22,      0,      0,      0,      0,      0,      0,      0,      0,    34.8,    70.9,    55.9,    86.6,    33.6,    70.5,    51.3,    77.0,    34.8,    70.9,    55.9,    86.6,    33.6,    70.5,    51.3,    77.0,     0.0,     0.0,     0.0,     0.0,     0.0,     0.0,     0.0,     0.0,(Contracts of about 352 MWh),06439Q,IFED,064 
ERCOT N 345KV REAL T PK 2x16 - ICE FUTURES ENERGY DIV,260818,2026-08-18,0643ID,IFED,01,064 ,  132027,   18136,   11021,    3342,  110227,  117253,  131705,  131616,     322,     411,  132027,   18136,   11021,    3342,  110227,  117253,  131705,  131616,     322,     411,       0,       0,       0,       0,       0,       0,       0,       0,       0,       0,    3533,      50,      30,     358,    3129,    3113,    3537,    3501,      -4,      32,  100.0,   13.7,    8.3,    2.5,   83.5,   88.8,   99.8,   99.7,    0.2,    0.3,  100.0,   13.7,    8.3,    2.5,   83.5,   88.8,   99.8,   99.7,    0.2,    0.3,    0.0,    0.0,    0.0,    0.0,    0.0,    0.0,    0.0,    0.0,    0.0,    0.0,     59,      9,     11,     12,     36,     29,     51,     46,     59,      9,     11,     12,     36,     29,     51,     46,      0,      0,      0,      0,      0,      0,      0,      0,    45.5,    36.1,    63.8,    61.0,    39.4,    27.2,    54.4,    45.7,    45.5,    36.1,    63.8,    61.0,    39.4,    27.2,    54.4,    45.7,     0.0,     0.0,     0.0,     0.0,     0.0,     0.0,     0.0,     0.0,(1MW for about 352 Hours),0643ID,IFED,064 
ERCOT N 345KV REAL T PK 2x16 - ICE FUTURES ENERGY DIV,260825,2026-08-25,0643ID,IFED,01,064 ,  132124,   18093,   10781,    3423,  110283,  117474,  131799,  131678,     325,     446,  132124,   18093,   10781,    3423,  110283,  117474,  131799,  131678,     325,     446,       0,       0,       0,       0,       0,       0,       0,       0,       0,       0,      97,     -43,    -240,      81,      56,     221,      94,      62,       3,      35,  100.0,   13.7,    8.2,    2.6,   83.5,   88.9,   99.8,   99.7,    0.2,    0.3,  100.0,   13.7,    8.2,    2.6,   83.5,   88.9,   99.8,   99.7,    0.2,    0.3,    0.0,    0.0,    0.0,    0.0,    0.0,    0.0,    0.0,    0.0,    0.0,    0.0,     60,     10,      9,     12,     36,     30,     52,     46,     60,     10,      9,     12,     36,     30,     52,     46,      0,      0,      0,      0,      0,      0,      0,      0,    45.6,    36.3,    63.8,    61.0,    39.3,    27.2,    54.4,    45.8,    45.6,    36.3,    63.8,    61.0,    39.3,    27.2,    54.4,    45.8,     0.0,     0.0,     0.0,     0.0,     0.0,     0.0,     0.0,     0.0,(1MW for about 352 Hours),0643ID,IFED,064 
ERCOT N 345KV REAL T PK DALY M - ICE FUTURES ENERGY DIV,260818,2026-08-18,0643IB,IFED,01,064 ,   16330,    5985,    5280,    2735,    6900,    7250,   15620,   15265,     710,    1065,   16330,    5985,    5280,    2735,    6900,    7250,   15620,   15265,     710,    1065,       0,       0,       0,       0,       0,       0,       0,       0,       0,       0,    1540,    1295,    -655,     740,    -405,    1285,    1630,    1370,     -90,     170,  100.0,   36.7,   32.3,   16.7,   42.3,   44.4,   95.7,   93.5,    4.3,    6.5,  100.0,   36.7,   32.3,   16.7,   42.3,   44.4,   95.7,   93.5,    4.3,    6.5,    0.0,    0.0,    0.0,    0.0,    0.0,    0.0,    0.0,    0.0,    0.0,    0.0,     57,     13,     16,     15,     23,     21,     43,     45,     57,     13,     16,     15,     23,     21,     43,     45,      0,      0,      0,      0,      0,      0,      0,      0,    36.9,    32.5,    53.5,    49.6,    32.5,    32.5,    44.2,    44.7,    36.9,    32.5,    53.5,    49.6,    32.5,    32.5,    44.2,    44.7,     0.0,     0.0,     0.0,     0.0,     0.0,     0.0,     0.0,     0.0,(240 MW = 15 Hours X 16 MWh),0643IB,IFED,064 
ERCOT N 345KV REAL T PK DALY M - ICE FUTURES ENERGY DIV,260825,2026-08-25,0643IB,IFED,01,064 ,   17601,    6101,    5530,    1896,    8780,    9285,   16777,   16711,     824,     890,   17601,    6101,    5530,    1896,    8780,    9285,   16777,   16711,     824,     890,       0,       0,       0,       0,       0,       0,       0,       0,       0,       0,    1271,     116,     250,    -839,    1880,    2035,    1157,    1446,     114,    -175,  100.0,   34.7,   31.4,   10.8,   49.9,   52.8,   95.3,   94.9,    4.7,    5.1,  100.0,   34.7,   31.4,   10.8,   49.9,   52.8,   95.3,   94.9,    4.7,    5.1,    0.0,    0.0,    0.0,    0.0,    0.0,    0.0,    0.0,    0.0,    0.0,    0.0,     60,     12,     12,     14,     29,     28,     48,     47,     60,     12,     12,     14,     29,     28,     48,     47,      0,      0,      0,      0,      0,      0,      0,      0,    36.7,    30.9,    55.1,    49.6,    33.1,    30.2,    46.9,    43.5,    36.7,    30.9,    55.1,    49.6,    33.1,    30.2,    46.9,    43.5,     0.0,     0.0,     0.0,     0.0,     0.0,     0.0,     0.0,     0.0,(240 MW = 15 Hours X 16 MWh),0643IB,IFED,064 
ERCOT NORTH 345K RT OFFPK DLY - ICE FUTURES ENERGY DIV,260825,2026-08-25,0643A7,IFED,01,064 ,    5416,    1784,    1168,      48,    2944,    3536,    4776,    4752,     640,     664,    5416,    1784,    1168,      48,    2944,    3536,    4776,    4752,     640,     664,       0,       0,       0,       0,       0,       0,       0,       0,       0,       0,.,.,.,.,.,.,.,.,.,.,  100.0,   32.9,   21.6,    0.9,   54.4,   65.3,   88.2,   87.7,   11.8,   12.3,  100.0,   32.9,   21.6,    0.9,   54.4,   65.3,   88.2,   87.7,   11.8,   12.3,    0.0,    0.0,    0.0,    0.0,    0.0,    0.0,    0.0,    0.0,    0.0,    0.0,     24,      6,      3,      2,     12,     10,     18,     15,     24,      6,      3,      2,     12,     10,     18,     15,      0,      0,      0,      0,      0,      0,      0,      0,    60.7,    57.6,    73.9,    77.5,    60.1,    55.2,    73.0,    73.1,    60.7,    57.6,    73.9,    77.5,    60.1,    55.2,    73.0,    73.1,     0.0,     0.0,     0.0,     0.0,     0.0,     0.0,     0.0,     0.0,50MWh,0643A7,IFED,064 
ERCOT NORTH 345KV DA PK DLY FI - ICE FUTURES ENERGY DIV,260818,2026-08-18,0643A5,IFED,01,064 ,   16000,    2550,    6550,     550,   12900,    8900,   16000,   16000,       0,       0,   16000,    2550,    6550,     550,   12900,    8900,   16000,   16000,       0,       0,       0,       0,       0,       0,       0,       0,       0,       0,       0,       0,.,.,.,.,.,.,.,.,.,.,  100.0,   15.9,   40.9,    3.4,   80.6,   55.6,  100.0,  100.0,    0.0,    0.0,  100.0,   15.9,   40.9,    3.4,   80.6,   55.6,  100.0,  100.0,    0.0,    0.0,    0.0,    0.0,    0.0,    0.0,    0.0,    0.0,    0.0,    0.0,    0.0,    0.0,     23,      5,      6,      3,      6,      9,     14,     15,     23,      5,      6,      3,      6,      9,     14,     15,      0,      0,      0,      0,      0,      0,      0,      0,    90.6,    68.4,    96.3,    91.9,    72.2,    54.4,    75.0,    70.6,    90.6,    68.4,    96.3,    91.9,    72.2,    54.4,    75.0,    70.6,     0.0,     0.0,     0.0,     0.0,     0.0,     0.0,     0.0,     0.0,Megawatt Hours (MWh),0643A5,IFED,064 
ERCOT NORTH 345KV DA PK DLY FI - ICE FUTURES ENERGY DIV,260825,2026-08-25,0643A5,IFED,01,064 ,   24400,    2800,   11000,     550,   21050,   12700,   24400,   24250,       0,     150,   24400,    2800,   11000,     550,   21050,   12700,   24400,   24250,       0,     150,       0,       0,       0,       0,       0,       0,       0,       0,       0,       0,    8400,     250,    4450,       0,    8150,    3800,    8400,    8250,       0,     150,  100.0,   11.5,   45.1,    2.3,   86.3,   52.0,  100.0,   99.4,    0.0,    0.6,  100.0,   11.5,   45.1,    2.3,   86.3,   52.0,  100.0,   99.4,    0.0,    0.6,    0.0,    0.0,    0.0,    0.0,    0.0,    0.0,    0.0,    0.0,    0.0,    0.0,     29,      3,     10,      3,     11,     11,     16,     22,     29,      3,     10,      3,     11,     11,     16,     22,      0,      0,      0,      0,      0,      0,      0,      0,    93.4,    61.1,    97.1,    89.1,    78.3,    58.0,    80.5,    75.0,    93.4,    61.1,    97.1,    89.1,    78.3,    58.0,    80.5,    75.0,     0.0,     0.0,     0.0,     0.0,     0.0,     0.0,     0.0,     0.0,Megawatt Hours (MWh),0643A5,IFED,064 
ERCOT NORTH 345KV RT PK FIX - ICE FUTURES ENERGY DIV,260818,2026-08-18,06439R,IFED,01,064 ,  269828,   87994,   20855,   34880,  145791,  213398,  268665,  269133,    1163,     695,  269828,   87994,   20855,   34880,  145791,  213398,  268665,  269133,    1163,     695,       0,       0,       0,       0,       0,       0,       0,       0,       0,       0,   10950,    -369,    -640,     925,   10538,   10649,   11094,   10934,    -144,      16,  100.0,   32.6,    7.7,   12.9,   54.0,   79.1,   99.6,   99.7,    0.4,    0.3,  100.0,   32.6,    7.7,   12.9,   54.0,   79.1,   99.6,   99.7,    0.4,    0.3,    0.0,    0.0,    0.0,    0.0,    0.0,    0.0,    0.0,    0.0,    0.0,    0.0,    115,     29,     26,     32,     50,     50,     92,     97,    115,     29,     26,     32,     50,     50,     92,     97,      0,      0,      0,      0,      0,      0,      0,      0,    32.3,    33.4,    51.0,    51.8,    23.3,    27.2,    37.9,    38.5,    32.3,    33.4,    51.0,    51.8,    23.3,    27.2,    37.9,    38.5,     0.0,     0.0,     0.0,     0.0,     0.0,     0.0,     0.0,     0.0,(1 Mw per Peak Hour),06439R,IFED,064 
ERCOT NORTH 345KV RT PK FIX - ICE FUTURES ENERGY DIV,260825,2026-08-25,06439R,IFED,01,064 ,  271035,   89079,   22167,   34133,  146589,  214016,  269801,  270316,    1234,     719,  271035,   89079,   22167,   34133,  146589,  214016,  269801,  270316,    1234,     719,       0,       0,       0,       0,       0,       0,       0,       0,       0,       0,    1207,    1085,    1312,    -747,     798,     618,    1136,    1183,      71,      24,  100.0,   32.9,    8.2,   12.6,   54.1,   79.0,   99.5,   99.7,    0.5,    0.3,  100.0,   32.9,    8.2,   12.6,   54.1,   79.0,   99.5,   99.7,    0.5,    0.3,    0.0,    0.0,    0.0,    0.0,    0.0,    0.0,    0.0,    0.0,    0.0,    0.0,    115,     28,     27,     33,     51,     49,     94,     96,    115,     28,     27,     33,     51,     49,     94,     96,      0,      0,      0,      0,      0,      0,      0,      0,    32.4,    33.9,    50.5,    51.8,    23.4,    27.3,    37.9,    37.9,    32.4,    33.9,    50.5,    51.8,    23.4,    27.3,    37.9,    37.9,     0.0,     0.0,     0.0,     0.0,     0.0,     0.0,     0.0,     0.0,(1 Mw per Peak Hour),06439R,IFED,064 
ERCOT North 345KV Hub RT 10x17 - ICE FUTURES ENERGY DIV,260818,2026-08-18,064ED7,IFED,01,064 ,    6679,     655,    2320,       0,    5808,    3743,    6463,    6063,     216,     616,    6679,     655,    2320,       0,    5808,    3743,    6463,    6063,     216,     616,       0,       0,       0,       0,       0,       0,       0,       0,       0,       0,     150,      45,       0,       0,     105,     150,     150,     150,       0,       0,  100.0,    9.8,   34.7,    0.0,   87.0,   56.0,   96.8,   90.8,    3.2,    9.2,  100.0,    9.8,   34.7,    0.0,   87.0,   56.0,   96.8,   90.8,    3.2,    9.2,    0.0,    0.0,    0.0,    0.0,    0.0,    0.0,    0.0,    0.0,    0.0,    0.0,     20,      3,      2,      0,     12,      8,     15,     10,     20,      3,      2,      0,     12,      8,     15,     10,      0,      0,      0,      0,      0,      0,      0,      0,    67.5,    81.6,    86.8,    89.7,    64.8,    80.7,    83.9,    86.6,    67.5,    81.6,    86.8,    89.7,    64.8,    80.7,    83.9,    86.6,     0.0,     0.0,     0.0,     0.0,     0.0,     0.0,     0.0,     0.0,(1MW for about 352 Hours),064ED7,IFED,064 
ERCOT North 345KV Hub RT 10x17 - ICE FUTURES ENERGY DIV,260825,2026-08-25,064ED7,IFED,01,064 ,    6679,     690,    2320,       0,    5773,    3743,    6463,    6063,     216,     616,    6679,     690,    2320,       0,    5773,    3743,    6463,    6063,     216,     616,       0,       0,       0,       0,       0,       0,       0,       0,       0,       0,       0,      35,       0,       0,     -35,       0,       0,       0,       0,       0,  100.0,   10.3,   34.7,    0.0,   86.4,   56.0,   96.8,   90.8,    3.2,    9.2,  100.0,   10.3,   34.7,    0.0,   86.4,   56.0,   96.8,   90.8,    3.2,    9.2,    0.0,    0.0,    0.0,    0.0,    0.0,    0.0,    0.0,    0.0,    0.0,    0.0,     20,      3,      2,      0,     12,      8,     15,     10,     20,      3,      2,      0,     12,      8,     15,     10,      0,      0,      0,      0,      0,      0,      0,      0,    67.0,    81.6,    87.3,    89.7,    64.3,    80.7,    84.3,    86.6,    67.0,    81.6,    87.3,    89.7,    64.3,    80.7,    84.3,    86.6,     0.0,     0.0,     0.0,     0.0,     0.0,     0.0,     0.0,     0.0,(1MW for about 352 Hours),064ED7,IFED,064 
ERCOT North 345KV Hub RT 7x16 - ICE FUTURES ENERGY DIV,260818,2026-08-18,064IBM,IFED,01,064 ,   17159,     375,    2655,     400,   16124,   13864,   16899,   16919,     260,     240,   17159,     375,    2655,     400,   16124,   13864,   16899,   16919,     260,     240,       0,       0,       0,       0,       0,       0,       0,       0,       0,       0,     120,       0,       0,       0,     120,       0,     120,       0,       0,     120,  100.0,    2.2,   15.5,    2.3,   94.0,   80.8,   98.5,   98.6,    1.5,    1.4,  100.0,    2.2,   15.5,    2.3,   94.0,   80.8,   98.5,   98.6,    1.5,    1.4,    0.0,    0.0,    0.0,    0.0,    0.0,    0.0,    0.0,    0.0,    0.0,    0.0,     29,      3,      4,      4,     20,     17,     24,     24,     29,      3,      4,      4,     20,     17,     24,     24,      0,      0,      0,      0,      0,      0,      0,      0,    44.3,    50.2,    69.2,    71.5,    24.9,    31.0,    35.1,    40.1,    44.3,    50.2,    69.2,    71.5,    24.9,    31.0,    35.1,    40.1,     0.0,     0.0,     0.0,     0.0,     0.0,     0.0,     0.0,     0.0,(1MW for about 352 Hours),064IBM,IFED,064 
ERCOT North 345KV Hub RT 7x16 - ICE FUTURES ENERGY DIV,260825,2026-08-25,064IBM,IFED,01,064 ,   17279,     375,    2655,     400,   16244,   13984,   17019,   17039,     260,     240,   17279,     375,    2655,     400,   16244,   13984,   17019,   17039,     260,     240,       0,       0,       0,       0,       0,       0,       0,       0,       0,       0,     120,       0,       0,       0,     120,     120,     120,     120,       0,       0,  100.0,    2.2,   15.4,    2.3,   94.0,   80.9,   98.5,   98.6,    1.5,    1.4,  100.0,    2.2,   15.4,    2.3,   94.0,   80.9,   98.5,   98.6,    1.5,    1.4,    0.0,    0.0,    0.0,    0.0,    0.0,    0.0,    0.0,    0.0,    0.0,    0.0,     29,      3,      4,      4,     20,     17,     24,     24,     29,      3,      4,      4,     20,     17,     24,     24,      0,      0,      0,      0,      0,      0,      0,      0,    43.9,    49.8,    69.4,    71.4,    24.7,    31.5,    34.9,    40.5,    43.9,    49.8,    69.4,    71.4,    24.7,    31.5,    34.9,    40.5,     0.0,     0.0,     0.0,     0.0,     0.0,     0.0,     0.0,     0.0,(1MW for about 352 Hours),064IBM,IFED,064 
ERCOT North 345KV Hub RT 7x8 - ICE FUTURES ENERGY DIV,260818,2026-08-18,0643IK,IFED,01,064 ,  253434,  120260,    7730,   18439,  113769,  227048,  252468,  253217,     966,     217,  253434,  120260,    7730,   18439,  113769,  227048,  252468,  253217,     966,     217,       0,       0,       0,       0,       0,       0,       0,       0,       0,       0,    5477,    1226,    -465,    -100,    4358,    6042,    5484,    5477,      -7,       0,  100.0,   47.5,    3.1,    7.3,   44.9,   89.6,   99.6,   99.9,    0.4,    0.1,  100.0,   47.5,    3.1,    7.3,   44.9,   89.6,   99.6,   99.9,    0.4,    0.1,    0.0,    0.0,    0.0,    0.0,    0.0,    0.0,    0.0,    0.0,    0.0,    0.0,     66,     16,     10,     18,     30,     34,     54,     54,     66,     16,     10,     18,     30,     34,     54,     54,      0,      0,      0,      0,      0,      0,      0,      0,    56.5,    45.0,    69.7,    65.9,    49.5,    42.8,    58.7,    57.6,    56.5,    45.0,    69.7,    65.9,    49.5,    42.8,    58.7,    57.6,     0.0,     0.0,     0.0,     0.0,     0.0,     0.0,     0.0,     0.0,(1MW for about 352 Hours),0643IK,IFED,064 
ERCOT North 345KV Hub RT 7x8 - ICE FUTURES ENERGY DIV,260825,2026-08-25,0643IK,IFED,01,064 ,  261121,  124751,    6759,   18676,  116842,  235449,  260269,  260884,     852,     237,  261121,  124751,    6759,   18676,  116842,  235449,  260269,  260884,     852,     237,       0,       0,       0,       0,       0,       0,       0,       0,       0,       0,    7687,    4491,    -971,     237,    3073,    8401,    7801,    7667,    -114,      20,  100.0,   47.8,    2.6,    7.2,   44.7,   90.2,   99.7,   99.9,    0.3,    0.1,  100.0,   47.8,    2.6,    7.2,   44.7,   90.2,   99.7,   99.9,    0.3,    0.1,    0.0,    0.0,    0.0,    0.0,    0.0,    0.0,    0.0,    0.0,    0.0,    0.0,     66,     16,     10,     18,     32,     33,     56,     53,     66,     16,     10,     18,     32,     33,     56,     53,      0,      0,      0,      0,      0,      0,      0,      0,    56.3,    46.0,    69.2,    66.6,    49.5,    43.5,    58.5,    58.5,    56.3,    46.0,    69.2,    66.6,    49.5,    43.5,    58.5,    58.5,     0.0,     0.0,     0.0,     0.0,     0.0,     0.0,     0.0,     0.0,(1MW for about 352 Hours),0643IK,IFED,064 
ERCOT SOUTH 345 KV RT PEAK FIX - ICE FUTURES ENERGY DIV,260818,2026-08-18,06439S,IFED,01,064 ,   30092,    1025,    3375,     425,   28372,   25843,   29822,   29643,     270,     449,   30092,    1025,    3375,     425,   28372,   25843,   29822,   29643,     270,     449,       0,       0,       0,       0,       0,       0,       0,       0,       0,       0,     175,       0,       0,       0,     175,     175,     175,     175,       0,       0,  100.0,    3.4,   11.2,    1.4,   94.3,   85.9,   99.1,   98.5,    0.9,    1.5,  100.0,    3.4,   11.2,    1.4,   94.3,   85.9,   99.1,   98.5,    0.9,    1.5,    0.0,    0.0,    0.0,    0.0,    0.0,    0.0,    0.0,    0.0,    0.0,    0.0,     25,      2,      1,      1,     16,     12,     19,     14,     25,      2,      1,      1,     16,     12,     19,     14,      0,      0,      0,      0,      0,      0,      0,      0,    49.6,    50.8,    74.4,    86.8,    49.6,    50.8,    71.4,    84.5,    49.6,    50.8,    74.4,    86.8,    49.6,    50.8,    71.4,    84.5,     0.0,     0.0,     0.0,     0.0,     0.0,     0.0,     0.0,     0.0,(1 Mw per Peak Hour),06439S,IFED,064 
ERCOT SOUTH 345 KV RT PEAK FIX - ICE FUTURES ENERGY DIV,260825,2026-08-25,06439S,IFED,01,064 ,   30167,    1025,    3450,     350,   28522,   25918,   29897,   29718,     270,     449,   30167,    1025,    3450,     350,   28522,   25918,   29897,   29718,     270,     449,       0,       0,       0,       0,       0,       0,       0,       0,       0,       0,      75,       0,      75,     -75,     150,      75,      75,      75,       0,       0,  100.0,    3.4,   11.4,    1.2,   94.5,   85.9,   99.1,   98.5,    0.9,    1.5,  100.0,    3.4,   11.4,    1.2,   94.5,   85.9,   99.1,   98.5,    0.9,    1.5,    0.0,    0.0,    0.0,    0.0,    0.0,    0.0,    0.0,    0.0,    0.0,    0.0,     26,      2,      2,      1,     16,     13,     19,     15,     26,      2,      2,      1,     16,     13,     19,     15,      0,      0,      0,      0,      0,      0,      0,      0,    49.4,    50.7,    74.7,    86.6,    49.4,    50.7,    71.8,    84.3,    49.4,    50.7,    74.7,    86.6,    49.4,    50.7,    71.8,    84.3,     0.0,     0.0,     0.0,     0.0,     0.0,     0.0,     0.0,     0.0,(1 Mw per Peak Hour),06439S,IFED,064 
ERCOT WEST 345K RT OFF-PEAK - ICE FUTURES ENERGY DIV,260818,2026-08-18,06439W,IFED,01,064 ,   32311,     622,    3078,    1079,   30252,   27671,   31953,   31828,     358,     483,   32311,     622,    3078,    1079,   30252,   27671,   31953,   31828,     358,     483,       0,       0,       0,       0,       0,       0,       0,       0,       0,       0,     150,    -252,      95,    -108,     270,      55,     -90,      42,     240,     108,  100.0,    1.9,    9.5,    3.3,   93.6,   85.6,   98.9,   98.5,    1.1,    1.5,  100.0,    1.9,    9.5,    3.3,   93.6,   85.6,   98.9,   98.5,    1.1,    1.5,    0.0,    0.0,    0.0,    0.0,    0.0,    0.0,    0.0,    0.0,    0.0,    0.0,     27,      2,      3,      3,     19,     14,     23,     18,     27,      2,      3,      3,     19,     14,     23,     18,      0,      0,      0,      0,      0,      0,      0,      0,    55.7,    64.3,    74.1,    87.0,    54.6,    59.9,    66.7,    76.9,    55.7,    64.3,    74.1,    87.0,    54.6,    59.9,    66.7,    76.9,     0.0,     0.0,     0.0,     0.0,     0.0,     0.0,     0.0,     0.0,(1 MW per Off-Peak Hour),06439W,IFED,064 
ERCOT WEST 345K RT OFF-PEAK - ICE FUTURES ENERGY DIV,260825,2026-08-25,06439W,IFED,01,064 ,   33532,     622,    3078,    1079,   31653,   28892,   33354,   33049,     178,     483,   33532,     622,    3078,    1079,   31653,   28892,   33354,   33049,     178,     483,       0,       0,       0,       0,       0,       0,       0,       0,       0,       0,    1221,       0,       0,       0,    1401,    1221,    1401,    1221,    -180,       0,  100.0,    1.9,    9.2,    3.2,   94.4,   86.2,   99.5,   98.6,    0.5,    1.4,  100.0,    1.9,    9.2,    3.2,   94.4,   86.2,   99.5,   98.6,    0.5,    1.4,    0.0,    0.0,    0.0,    0.0,    0.0,    0.0,    0.0,    0.0,    0.0,    0.0,     27,      2,      3,      3,     19,     14,     23,     18,     27,      2,      3,      3,     19,     14,     23,     18,      0,      0,      0,      0,      0,      0,      0,      0,    57.4,    64.5,    74.8,    87.2,    56.3,    57.7,    68.2,    77.2,    57.4,    64.5,    74.8,    87.2,    56.3,    57.7,    68.2,    77.2,     0.0,     0.0,     0.0,     0.0,     0.0,     0.0,     0.0,     0.0,(1 MW per Off-Peak Hour),06439W,IFED,064 
ERCOT WEST 345KV RT PEAK - ICE FUTURES ENERGY DIV,260818,2026-08-18,06439V,IFED,01,064 ,   32388,     622,    3078,    1079,   30329,   27748,   32030,   31905,     358,     483,   32388,     622,    3078,    1079,   30329,   27748,   32030,   31905,     358,     483,       0,       0,       0,       0,       0,       0,       0,       0,       0,       0,     150,    -252,      95,    -108,     270,      55,     -90,      42,     240,     108,  100.0,    1.9,    9.5,    3.3,   93.6,   85.7,   98.9,   98.5,    1.1,    1.5,  100.0,    1.9,    9.5,    3.3,   93.6,   85.7,   98.9,   98.5,    1.1,    1.5,    0.0,    0.0,    0.0,    0.0,    0.0,    0.0,    0.0,    0.0,    0.0,    0.0,     27,      2,      3,      3,     19,     14,     23,     18,     27,      2,      3,      3,     19,     14,     23,     18,      0,      0,      0,      0,      0,      0,      0,      0,    55.8,    64.1,    74.2,    86.8,    54.5,    59.7,    66.6,    76.6,    55.8,    64.1,    74.2,    86.8,    54.5,    59.7,    66.6,    76.6,     0.0,     0.0,     0.0,     0.0,     0.0,     0.0,     0.0,     0.0,(1 MW per peak hour),06439V,IFED,064 
ERCOT WEST 345KV RT PEAK - ICE FUTURES ENERGY DIV,260825,2026-08-25,06439V,IFED,01,064 ,   33609,     622,    3078,    1079,   31730,   28969,   33431,   33126,     178,     483,   33609,     622,    3078,    1079,   31730,   28969,   33431,   33126,     178,     483,       0,       0,       0,       0,       0,       0,       0,       0,       0,       0,    1221,       0,       0,       0,    1401,    1221,    1401,    1221,    -180,       0,  100.0,    1.9,    9.2,    3.2,   94.4,   86.2,   99.5,   98.6,    0.5,    1.4,  100.0,    1.9,    9.2,    3.2,   94.4,   86.2,   99.5,   98.6,    0.5,    1.4,    0.0,    0.0,    0.0,    0.0,    0.0,    0.0,    0.0,    0.0,    0.0,    0.0,     27,      2,      3,      3,     19,     14,     23,     18,     27,      2,      3,      3,     19,     14,     23,     18,      0,      0,      0,      0,      0,      0,      0,      0,    57.4,    64.3,    74.9,    87.0,    56.2,    57.5,    68.1,    77.0,    57.4,    64.3,    74.9,    87.0,    56.2,    57.5,    68.1,    77.0,     0.0,     0.0,     0.0,     0.0,     0.0,     0.0,     0.0,     0.0,(1 MW per peak hour),06439V,IFED,064 
ERCOT-SOUTH MONTHLY OFFPEAK - ICE FUTURES ENERGY DIV,260818,2026-08-18,06439U,IFED,01,064 ,   29055,     825,    3375,     360,   27600,   24881,   28785,   28616,     270,     439,   29055,     825,    3375,     360,   27600,   24881,   28785,   28616,     270,     439,       0,       0,       0,       0,       0,       0,       0,       0,       0,       0,     175,       0,       0,       0,     175,     175,     175,     175,       0,       0,  100.0,    2.8,   11.6,    1.2,   95.0,   85.6,   99.1,   98.5,    0.9,    1.5,  100.0,    2.8,   11.6,    1.2,   95.0,   85.6,   99.1,   98.5,    0.9,    1.5,    0.0,    0.0,    0.0,    0.0,    0.0,    0.0,    0.0,    0.0,    0.0,    0.0,     25,      3,      1,      1,     16,     12,     19,     14,     25,      3,      1,      1,     16,     12,     19,     14,      0,      0,      0,      0,      0,      0,      0,      0,    51.3,    52.3,    73.1,    87.2,    51.3,    52.3,    69.6,    83.8,    51.3,    52.3,    73.1,    87.2,    51.3,    52.3,    69.6,    83.8,     0.0,     0.0,     0.0,     0.0,     0.0,     0.0,     0.0,     0.0,(1 MW per off-peak hour),06439U,IFED,064 
ERCOT-SOUTH MONTHLY OFFPEAK - ICE FUTURES ENERGY DIV,260825,2026-08-25,06439U,IFED,01,064 ,   29130,     750,    3375,     360,   27750,   24956,   28860,   28691,     270,     439,   29130,     750,    3375,     360,   27750,   24956,   28860,   28691,     270,     439,       0,       0,       0,       0,       0,       0,       0,       0,       0,       0,      75,     -75,       0,       0,     150,      75,      75,      75,       0,       0,  100.0,    2.6,   11.6,    1.2,   95.3,   85.7,   99.1,   98.5,    0.9,    1.5,  100.0,    2.6,   11.6,    1.2,   95.3,   85.7,   99.1,   98.5,    0.9,    1.5,    0.0,    0.0,    0.0,    0.0,    0.0,    0.0,    0.0,    0.0,    0.0,    0.0,     26,      3,      1,      1,     16,     13,     19,     15,     26,      3,      1,      1,     16,     13,     19,     15,      0,      0,      0,      0,      0,      0,      0,      0,    51.1,    52.2,    73.3,    87.0,    51.1,    52.2,    69.9,    83.6,    51.1,    52.2,    73.3,    87.0,    51.1,    52.2,    69.9,    83.6,     0.0,     0.0,     0.0,     0.0,     0.0,     0.0,     0.0,     0.0,(1 MW per off-peak hour),06439U,IFED,064 
ERCOT.HB_NORTH_month_7x8_rtp - NODAL EXCHANGE,260818,2026-08-18,064GBD,NODX,01,064 ,   38805,    7200,    1400,    2350,   27215,   33195,   36765,   36945,    2040,    1860,   38805,    7200,    1400,    2350,   27215,   33195,   36765,   36945,    2040,    1860,       0,       0,       0,       0,       0,       0,       0,       0,       0,       0,       0,       0,       0,       0,       0,       0,       0,       0,       0,       0,  100.0,   18.6,    3.6,    6.1,   70.1,   85.5,   94.7,   95.2,    5.3,    4.8,  100.0,   18.6,    3.6,    6.1,   70.1,   85.5,   94.7,   95.2,    5.3,    4.8,    0.0,    0.0,    0.0,    0.0,    0.0,    0.0,    0.0,    0.0,    0.0,    0.0,     21,      1,      1,      1,     17,     14,     19,     15,     21,      1,      1,      1,     17,     14,     19,     15,      0,      0,      0,      0,      0,      0,      0,      0,    55.4,    61.6,    76.1,    84.9,    47.4,    46.9,    55.8,    58.7,    55.4,    61.6,    76.1,    84.9,    47.4,    46.9,    55.8,    58.7,     0.0,     0.0,     0.0,     0.0,     0.0,     0.0,     0.0,     0.0,Megawatt Hours (MWh),064GBD,NODX,064 
ERCOT.HB_NORTH_month_7x8_rtp - NODAL EXCHANGE,260825,2026-08-25,064GBD,NODX,01,064 ,   38805,    7200,    1400,    2350,   27215,   33195,   36765,   36945,    2040,    1860,   38805,    7200,    1400,    2350,   27215,   33195,   36765,   36945,    2040,    1860,       0,       0,       0,       0,       0,       0,       0,       0,       0,       0,       0,       0,       0,       0,       0,       0,       0,       0,       0,       0,  100.0,   18.6,    3.6,    6.1,   70.1,   85.5,   94.7,   95.2,    5.3,    4.8,  100.0,   18.6,    3.6,    6.1,   70.1,   85.5,   94.7,   95.2,    5.3,    4.8,    0.0,    0.0,    0.0,    0.0,    0.0,    0.0,    0.0,    0.0,    0.0,    0.0,     21,      1,      1,      1,     17,     14,     19,     15,     21,      1,      1,      1,     17,     14,     19,     15,      0,      0,      0,      0,      0,      0,      0,      0,    55.4,    61.6,    76.1,    84.9,    47.4,    46.9,    55.8,    58.7,    55.4,    61.6,    76.1,    84.9,    47.4,    46.9,    55.8,    58.7,     0.0,     0.0,     0.0,     0.0,     0.0,     0.0,     0.0,     0.0,Megawatt Hours (MWh),064GBD,NODX,064 
ERCOT.HB_NORTH_month_off_rtp - NODAL EXCHANGE,260818,2026-08-18,064FOL,NODX,01,064 ,   79575,       0,    1075,       0,   71045,   69885,   71045,   70960,    8530,    8615,   79575,       0,    1075,       0,   71045,   69885,   71045,   70960,    8530,    8615,       0,       0,       0,       0,       0,       0,       0,       0,       0,       0,     480,       0,       0,       0,     180,     180,     180,     180,     300,     300,  100.0,    0.0,    1.4,    0.0,   89.3,   87.8,   89.3,   89.2,   10.7,   10.8,  100.0,    0.0,    1.4,    0.0,   89.3,   87.8,   89.3,   89.2,   10.7,   10.8,    0.0,    0.0,    0.0,    0.0,    0.0,    0.0,    0.0,    0.0,    0.0,    0.0,     24,      0,      1,      0,     18,     21,     18,     22,     24,      0,      1,      0,     18,     21,     18,     22,      0,      0,      0,      0,      0,      0,      0,      0,    69.2,    48.9,    83.8,    70.2,    62.9,    46.2,    71.5,    63.6,    69.2,    48.9,    83.8,    70.2,    62.9,    46.2,    71.5,    63.6,     0.0,     0.0,     0.0,     0.0,     0.0,     0.0,     0.0,     0.0,Megawatt Hours (MWh),064FOL,NODX,064 
ERCOT.HB_NORTH_month_off_rtp - NODAL EXCHANGE,260825,2026-08-25,064FOL,NODX,01,064 ,   80055,       0,    1075,       0,   71525,   70365,   71525,   71440,    8530,    8615,   80055,       0,    1075,       0,   71525,   70365,   71525,   71440,    8530,    8615,       0,       0,       0,       0,       0,       0,       0,       0,       0,       0,     480,       0,       0,       0,     480,     480,     480,     480,       0,       0,  100.0,    0.0,    1.3,    0.0,   89.3,   87.9,   89.3,   89.2,   10.7,   10.8,  100.0,    0.0,    1.3,    0.0,   89.3,   87.9,   89.3,   89.2,   10.7,   10.8,    0.0,    0.0,    0.0,    0.0,    0.0,    0.0,    0.0,    0.0,    0.0,    0.0,     24,      0,      1,      0,     18,     21,     18,     22,     24,      0,      1,      0,     18,     21,     18,     22,      0,      0,      0,      0,      0,      0,      0,      0,    69.4,    48.6,    83.9,    69.7,    62.5,    45.9,    71.7,    63.2,    69.4,    48.6,    83.9,    69.7,    62.5,    45.9,    71.7,    63.2,     0.0,     0.0,     0.0,     0.0,     0.0,     0.0,     0.0,     0.0,Megawatt Hours (MWh),064FOL,NODX,064 
ERCOT.HB_NORTH_month_on_rtp - NODAL EXCHANGE,260818,2026-08-18,064FOK,NODX,01,064 ,   82790,    1875,    1975,      25,   70950,   70860,   72850,   72860,    9940,    9930,   82790,    1875,    1975,      25,   70950,   70860,   72850,   72860,    9940,    9930,       0,       0,       0,       0,       0,       0,       0,       0,       0,       0,     330,       0,       0,       0,      30,      30,      30,      30,     300,     300,  100.0,    2.3,    2.4,    0.0,   85.7,   85.6,   88.0,   88.0,   12.0,   12.0,  100.0,    2.3,    2.4,    0.0,   85.7,   85.6,   88.0,   88.0,   12.0,   12.0,    0.0,    0.0,    0.0,    0.0,    0.0,    0.0,    0.0,    0.0,    0.0,    0.0,     27,      1,      2,      1,     19,     21,     20,     24,     27,      1,      2,      1,     19,     21,     20,     24,      0,      0,      0,      0,      0,      0,      0,      0,    64.9,    46.8,    77.8,    68.5,    59.8,    44.1,    68.3,    60.4,    64.9,    46.8,    77.8,    68.5,    59.8,    44.1,    68.3,    60.4,     0.0,     0.0,     0.0,     0.0,     0.0,     0.0,     0.0,     0.0,Megawatt Hours (MWh),064FOK,NODX,064 
ERCOT.HB_NORTH_month_on_rtp - NODAL EXCHANGE,260825,2026-08-25,064FOK,NODX,01,064 ,   82910,    1875,    1975,      25,   71070,   70980,   72970,   72980,    9940,    9930,   82910,    1875,    1975,      25,   71070,   70980,   72970,   72980,    9940,    9930,       0,       0,       0,       0,       0,       0,       0,       0,       0,       0,     120,       0,       0,       0,     120,     120,     120,     120,       0,       0,  100.0,    2.3,    2.4,    0.0,   85.7,   85.6,   88.0,   88.0,   12.0,   12.0,  100.0,    2.3,    2.4,    0.0,   85.7,   85.6,   88.0,   88.0,   12.0,   12.0,    0.0,    0.0,    0.0,    0.0,    0.0,    0.0,    0.0,    0.0,    0.0,    0.0,     27,      1,      2,      1,     19,     21,     20,     24,     27,      1,      2,      1,     19,     21,     20,     24,      0,      0,      0,      0,      0,      0,      0,      0,    64.9,    46.7,    77.8,    67.9,    59.8,    44.0,    68.8,    60.3,    64.9,    46.7,    77.8,    67.9,    59.8,    44.0,    68.8,    60.3,     0.0,     0.0,     0.0,     0.0,     0.0,     0.0,     0.0,     0.0,Megawatt Hours (MWh),064FOK,NODX,064 
"ETHANE, MT. BELV-ENTERPRISE - ICE FUTURES ENERGY DIV",260818,2026-08-18,066416,IFED,01,066 ,   86111,   10244,    5413,    9710,   65687,   70778,   85641,   85901,     470,     210,   86111,   10244,    5413,    9710,   65687,   70778,   85641,   85901,     470,     210,       0,       0,       0,       0,       0,       0,       0,       0,       0,       0,    4483,      20,    -980,    1045,    3396,    4418,    4461,    4483,      22,       0,  100.0,   11.9,    6.3,   11.3,   76.3,   82.2,   99.5,   99.8,    0.5,    0.2,  100.0,   11.9,    6.3,   11.3,   76.3,   82.2,   99.5,   99.8,    0.5,    0.2,    0.0,    0.0,    0.0,    0.0,    0.0,    0.0,    0.0,    0.0,    0.0,    0.0,     54,      8,      6,     10,     34,     37,     48,     47,     54,      8,      6,     10,     34,     37,     48,     47,      0,      0,      0,      0,      0,      0,      0,      0,    37.8,    39.3,    56.0,    57.5,    24.2,    25.8,    34.3,    38.3,    37.8,    39.3,    56.0,    57.5,    24.2,    25.8,    34.3,    38.3,     0.0,     0.0,     0.0,     0.0,     0.0,     0.0,     0.0,     0.0,42000 gallons(1000 barrels),066416,IFED,066 
"ETHANE, MT. BELV-ENTERPRISE - ICE FUTURES ENERGY DIV",260825,2026-08-25,066416,IFED,01,066 ,   91178,   10719,    4839,   11885,   68126,   74244,   90730,   90968,     448,     210,   91178,   10719,    4839,   11885,   68126,   74244,   90730,   90968,     448,     210,       0,       0,       0,       0,       0,       0,       0,       0,       0,       0,    5067,     475,    -574,    2175,    2439,    3466,    5089,    5067,     -22,       0,  100.0,   11.8,    5.3,   13.0,   74.7,   81.4,   99.5,   99.8,    0.5,    0.2,  100.0,   11.8,    5.3,   13.0,   74.7,   81.4,   99.5,   99.8,    0.5,    0.2,    0.0,    0.0,    0.0,    0.0,    0.0,    0.0,    0.0,    0.0,    0.0,    0.0,     55,      8,      6,     10,     34,     38,     48,     48,     55,      8,      6,     10,     34,     38,     48,     48,      0,      0,      0,      0,      0,      0,      0,      0,    40.0,    38.6,    57.5,    58.6,    23.2,    24.5,    32.6,    36.5,    40.0,    38.6,    57.5,    58.6,    23.2,    24.5,    32.6,    36.5,     0.0,     0.0,     0.0,     0.0,     0.0,     0.0,     0.0,     0.0,42000 gallons(1000 barrels),066416,IFED,066 
ETHANOL - NEW YORK MERCANTILE EXCHANGE,260818,2026-08-18,025651,NYME,01,025 ,   44388,    7810,     490,    2045,   33885,   40867,   43740,   43402,     648,     986,   44388,    7810,     490,    2045,   33885,   40867,   43740,   43402,     648,     986,       0,       0,       0,       0,       0,       0,       0,       0,       0,       0,    1062,     357,     -49,     134,     456,     960,     947,    1045,     115,      17,  100.0,   17.6,    1.1,    4.6,   76.3,   92.1,   98.5,   97.8,    1.5,    2.2,  100.0,   17.6,    1.1,    4.6,   76.3,   92.1,   98.5,   97.8,    1.5,    2.2,    0.0,    0.0,    0.0,    0.0,    0.0,    0.0,    0.0,    0.0,    0.0,    0.0,    116,     28,      8,     10,     53,     65,     84,     81,    116,     28,      8,     10,     53,     65,     84,     81,      0,      0,      0,      0,      0,      0,      0,      0,    32.5,    27.9,    48.6,    43.7,    11.8,    13.5,    19.7,    21.0,    32.5,    27.9,    48.6,    43.7,    11.8,    13.5,    19.7,    21.0,     0.0,     0.0,     0.0,     0.0,     0.0,     0.0,     0.0,     0.0,"(CONTRACTS OF 42,000 U.S. GALLONS)",025651,NYME,025 
ETHANOL - NEW YORK MERCANTILE EXCHANGE,260825,2026-08-25,025651,NYME,01,025 ,   48148,    9090,     628,    2100,   36243,   44584,   47433,   47312,     715,     836,   48148,    9090,     628,    2100,   36243,   44584,   47433,   47312,     715,     836,       0,       0,       0,       0,       0,       0,       0,       0,       0,       0,    3760,    1280,     138,      55,    2358,    3717,    3693,    3910,      67,    -150,  100.0,   18.9,    1.3,    4.4,   75.3,   92.6,   98.5,   98.3,    1.5,    1.7,  100.0,   18.9,    1.3,    4.4,   75.3,   92.6,   98.5,   98.3,    1.5,    1.7,    0.0,    0.0,    0.0,    0.0,    0.0,    0.0,    0.0,    0.0,    0.0,    0.0,    118,     28,      9,     11,     51,     66,     83,     83,    118,     28,      9,     11,     51,     66,     83,     83,      0,      0,      0,      0,      0,      0,      0,      0,    33.1,    25.9,    48.2,    42.7,    10.5,    13.1,    19.8,    21.8,    33.1,    25.9,    48.2,    42.7,    10.5,    13.1,    19.8,    21.8,     0.0,     0.0,     0.0,     0.0,     0.0,     0.0,     0.0,     0.0,"(CONTRACTS OF 42,000 U.S. GALLONS)",025651,NYME,025 
ETHANOL T2 FOB INCL DUTY - NEW YORK MERCANTILE EXCHANGE,260818,2026-08-18,025608,NYME,01,025 ,    3292,       0,     135,       0,    3025,    3047,    3025,    3182,     267,     110,    3292,       0,     135,       0,    3025,    3047,    3025,    3182,     267,     110,       0,       0,       0,       0,       0,       0,       0,       0,       0,       0,      40,       0,       0,       0,      40,      30,      40,      30,       0,      10,  100.0,    0.0,    4.1,    0.0,   91.9,   92.6,   91.9,   96.7,    8.1,    3.3,  100.0,    0.0,    4.1,    0.0,   91.9,   92.6,   91.9,   96.7,    8.1,    3.3,    0.0,    0.0,    0.0,    0.0,    0.0,    0.0,    0.0,    0.0,    0.0,    0.0,     28,      0,      2,      0,     22,     21,     22,     23,     28,      0,      2,      0,     22,     21,     22,     23,      0,      0,      0,      0,      0,      0,      0,      0,    44.7,    51.6,    65.7,    72.2,    40.6,    32.7,    50.3,    48.5,    44.7,    51.6,    65.7,    72.2,    40.6,    32.7,    50.3,    48.5,     0.0,     0.0,     0.0,     0.0,     0.0,     0.0,     0.0,     0.0,(100 CUBIC METERS),025608,NYME,025 
ETHANOL T2 FOB INCL DUTY - NEW YORK MERCANTILE EXCHANGE,260825,2026-08-25,025608,NYME,01,025 ,    3475,       0,     135,       0,    3238,    3230,    3238,    3365,     237,     110,    3475,       0,     135,       0,    3238,    3230,    3238,    3365,     237,     110,       0,       0,       0,       0,       0,       0,       0,       0,       0,       0,     183,       0,       0,       0,     213,     183,     213,     183,     -30,       0,  100.0,    0.0,    3.9,    0.0,   93.2,   92.9,   93.2,   96.8,    6.8,    3.2,  100.0,    0.0,    3.9,    0.0,   93.2,   92.9,   93.2,   96.8,    6.8,    3.2,    0.0,    0.0,    0.0,    0.0,    0.0,    0.0,    0.0,    0.0,    0.0,    0.0,     28,      0,      2,      0,     22,     22,     22,     24,     28,      0,      2,      0,     22,     22,     22,     24,      0,      0,      0,      0,      0,      0,      0,      0,    47.9,    49.4,    68.8,    69.7,    41.9,    30.8,    51.1,    45.7,    47.9,    49.4,    68.8,    69.7,    41.9,    30.8,    51.1,    45.7,     0.0,     0.0,     0.0,     0.0,     0.0,     0.0,     0.0,     0.0,(100 CUBIC METERS),025608,NYME,025 
ETHER CASH SETTLED - CHICAGO MERCANTILE EXCHANGE,260818,2026-08-18,146021,CME ,00,146 ,   22684,   19897,   15564,    1923,      82,    4610,   21902,   22097,     782,     587,   22684,   19897,   15564,    1923,      82,    4610,   21902,   22097,     782,     587,       0,       0,       0,       0,       0,       0,       0,       0,       0,       0,     714,    -563,     385,    1221,     -33,    -889,     625,     717,      89,      -3,  100.0,   87.7,   68.6,    8.5,    0.4,   20.3,   96.6,   97.4,    3.4,    2.6,  100.0,   87.7,   68.6,    8.5,    0.4,   20.3,   96.6,   97.4,    3.4,    2.6,    0.0,    0.0,    0.0,    0.0,    0.0,    0.0,    0.0,    0.0,    0.0,    0.0,     91,     36,     48,     14,      1,      7,     44,     62,     91,     36,     48,     14,      1,      7,     44,     62,      0,      0,      0,      0,      0,      0,      0,      0,    78.5,    42.3,    85.6,    59.0,    75.4,    42.0,    79.5,    57.4,    78.5,    42.3,    85.6,    59.0,    75.4,    42.0,    79.5,    57.4,     0.0,     0.0,     0.0,     0.0,     0.0,     0.0,     0.0,     0.0,(50 Index Points),146021,CME ,146 
ETHER CASH SETTLED - CHICAGO MERCANTILE EXCHANGE,260825,2026-08-25,146021,CME ,00,146 ,   26868,   22329,   19414,    3197,     445,    3405,   25971,   26016,     897,     852,   26868,   22329,   19414,    3197,     445,    3405,   25971,   26016,     897,     852,       0,       0,       0,       0,       0,       0,       0,       0,       0,       0,    4184,    2432,    3850,    1274,     363,   -1205,    4069,    3919,     115,     265,  100.0,   83.1,   72.3,   11.9,    1.7,   12.7,   96.7,   96.8,    3.3,    3.2,  100.0,   83.1,   72.3,   11.9,    1.7,   12.7,   96.7,   96.8,    3.3,    3.2,    0.0,    0.0,    0.0,    0.0,    0.0,    0.0,    0.0,    0.0,    0.0,    0.0,     98,     38,     51,     25,      3,      7,     59,     67,     98,     38,     51,     25,      3,      7,     59,     67,      0,      0,      0,      0,      0,      0,      0,      0,    78.9,    34.1,    84.4,    55.6,    75.3,    29.7,    77.5,    50.5,    78.9,    34.1,    84.4,    55.6,    75.3,    29.7,    77.5,    50.5,     0.0,     0.0,     0.0,     0.0,     0.0,     0.0,     0.0,     0.0,(50 Index Points),146021,CME ,146 
EURO FX - CHICAGO MERCANTILE EXCHANGE,260818,2026-08-18,099741,CME ,00,099 ,  804940,  196241,  255329,   35929,  486327,  462272,  718497,  753530,   86443,   51410,  804940,  196241,  255329,   35929,  486327,  462272,  718497,  753530,   86443,   51410,       0,       0,       0,       0,       0,       0,       0,       0,       0,       0,    3056,    -945,   -1867,   -5875,    6319,   11467,    -501,    3725,    3557,    -669,  100.0,   24.4,   31.7,    4.5,   60.4,   57.4,   89.3,   93.6,   10.7,    6.4,  100.0,   24.4,   31.7,    4.5,   60.4,   57.4,   89.3,   93.6,   10.7,    6.4,    0.0,    0.0,    0.0,    0.0,    0.0,    0.0,    0.0,    0.0,    0.0,    0.0,    326,     72,     62,     32,    144,    102,    230,    182,    326,     72,     62,     32,    144,    102,    230,    182,      0,      0,      0,      0,      0,      0,      0,      0,    16.1,    39.7,    26.0,    51.4,    14.5,    39.5,    23.3,    50.5,    16.1,    39.7,    26.0,    51.4,    14.5,    39.5,    23.3,    50.5,     0.0,     0.0,     0.0,     0.0,     0.0,     0.0,     0.0,     0.0,"(CONTRACTS OF EUR 125,000)",099741,CME ,099 
EURO FX - CHICAGO MERCANTILE EXCHANGE,260825,2026-08-25,099741,CME ,00,099 ,  818524,  198919,  235271,   39356,  493442,  493002,  731717,  767629,   86807,   50895,  818524,  198919,  235271,   39356,  493442,  493002,  731717,  767629,   86807,   50895,       0,       0,       0,       0,       0,       0,       0,       0,       0,       0,   13584,    2678,  -20058,    3427,    7115,   30730,   13220,   14099,     364,    -515,  100.0,   24.3,   28.7,    4.8,   60.3,   60.2,   89.4,   93.8,   10.6,    6.2,  100.0,   24.3,   28.7,    4.8,   60.3,   60.2,   89.4,   93.8,   10.6,    6.2,    0.0,    0.0,    0.0,    0.0,    0.0,    0.0,    0.0,    0.0,    0.0,    0.0,    321,     70,     64,     31,    146,     94,    233,    172,    321,     70,     64,     31,    146,     94,    233,    172,      0,      0,      0,      0,      0,      0,      0,      0,    15.8,    42.9,    25.6,    54.0,    14.3,    42.8,    23.1,    53.0,    15.8,    42.9,    25.6,    54.0,    14.3,    42.8,    23.1,    53.0,     0.0,     0.0,     0.0,     0.0,     0.0,     0.0,     0.0,     0.0,"(CONTRACTS OF EUR 125,000)",099741,CME ,099 
EURO FX/BRITISH POUND XRATE - CHICAGO MERCANTILE EXCHANGE,260818,2026-08-18,299741,CME ,00,099 ,   40347,    8483,    8695,     385,   17735,   25830,   26603,   34910,   13744,    5437,   40347,    8483,    8695,     385,   17735,   25830,   26603,   34910,   13744,    5437,       0,       0,       0,       0,       0,       0,       0,       0,       0,       0,     533,     406,     510,     370,     377,       0,    1153,     880,    -620,    -347,  100.0,   21.0,   21.6,    1.0,   44.0,   64.0,   65.9,   86.5,   34.1,   13.5,  100.0,   21.0,   21.6,    1.0,   44.0,   64.0,   65.9,   86.5,   34.1,   13.5,    0.0,    0.0,    0.0,    0.0,    0.0,    0.0,    0.0,    0.0,    0.0,    0.0,     33,      7,      8,      3,     15,      7,     23,     17,     33,      7,      8,      3,     15,      7,     23,     17,      0,      0,      0,      0,      0,      0,      0,      0,    25.5,    71.7,    40.4,    81.4,    25.0,    71.7,    39.3,    80.6,    25.5,    71.7,    40.4,    81.4,    25.0,    71.7,    39.3,    80.6,     0.0,     0.0,     0.0,     0.0,     0.0,     0.0,     0.0,     0.0,"(CONTRACTS OF EUR 125,000)",299741,CME ,099 
EURO FX/BRITISH POUND XRATE - CHICAGO MERCANTILE EXCHANGE,260825,2026-08-25,299741,CME ,00,099 ,   40299,    8258,    8270,      50,   18111,   25819,   26419,   34139,   13880,    6160,   40299,    8258,    8270,      50,   18111,   25819,   26419,   34139,   13880,    6160,       0,       0,       0,       0,       0,       0,       0,       0,       0,       0,     -48,    -225,    -425,    -335,     376,     -11,    -184,    -771,     136,     723,  100.0,   20.5,   20.5,    0.1,   44.9,   64.1,   65.6,   84.7,   34.4,   15.3,  100.0,   20.5,   20.5,    0.1,   44.9,   64.1,   65.6,   84.7,   34.4,   15.3,    0.0,    0.0,    0.0,    0.0,    0.0,    0.0,    0.0,    0.0,    0.0,    0.0,     31,      6,      7,      2,     15,      7,     21,     16,     31,      6,      7,      2,     15,      7,     21,     16,      0,      0,      0,      0,      0,      0,      0,      0,    25.5,    71.8,    40.7,    80.3,    25.1,    71.8,    39.6,    79.6,    25.5,    71.8,    40.7,    80.3,    25.1,    71.8,    39.6,    79.6,     0.0,     0.0,     0.0,     0.0,     0.0,     0.0,     0.0,     0.0,"(CONTRACTS OF EUR 125,000)",299741,CME ,099 
EURO FX/JAPANESE YEN XRATE - CHICAGO MERCANTILE EXCHANGE,260818,2026-08-18,399741,CME ,00,099 ,   21477,    6450,    3794,      86,    4211,   13151,   10747,   17031,   10730,    4446,   21477,    6450,    3794,      86,    4211,   13151,   10747,   17031,   10730,    4446,       0,       0,       0,       0,       0,       0,       0,       0,       0,       0,      22,       5,      89,       0,     -13,    -116,      -8,     -27,      30,      49,  100.0,   30.0,   17.7,    0.4,   19.6,   61.2,   50.0,   79.3,   50.0,   20.7,  100.0,   30.0,   17.7,    0.4,   19.6,   61.2,   50.0,   79.3,   50.0,   20.7,    0.0,    0.0,    0.0,    0.0,    0.0,    0.0,    0.0,    0.0,    0.0,    0.0,     26,      5,      4,      1,     10,     15,     16,     19,     26,      5,      4,      1,     10,     15,     16,     19,      0,      0,      0,      0,      0,      0,      0,      0,    29.6,    32.0,    44.5,    54.9,    29.6,    31.7,    44.3,    54.5,    29.6,    32.0,    44.5,    54.9,    29.6,    31.7,    44.3,    54.5,     0.0,     0.0,     0.0,     0.0,     0.0,     0.0,     0.0,     0.0,"(CONTRACTS OF EUR 125,000)",399741,CME ,099 
EURO FX/JAPANESE YEN XRATE - CHICAGO MERCANTILE EXCHANGE,260825,2026-08-25,399741,CME ,00,099 ,   22261,    6669,    4794,     361,    4739,   12996,   11769,   18151,   10492,    4110,   22261,    6669,    4794,     361,    4739,   12996,   11769,   18151,   10492,    4110,       0,       0,       0,       0,       0,       0,       0,       0,       0,       0,     784,     219,    1000,     275,     528,    -155,    1022,    1120,    -238,    -336,  100.0,   30.0,   21.5,    1.6,   21.3,   58.4,   52.9,   81.5,   47.1,   18.5,  100.0,   30.0,   21.5,    1.6,   21.3,   58.4,   52.9,   81.5,   47.1,   18.5,    0.0,    0.0,    0.0,    0.0,    0.0,    0.0,    0.0,    0.0,    0.0,    0.0,     28,      5,      5,      2,     11,     15,     17,     21,     28,      5,      5,      2,     11,     15,     17,     21,      0,      0,      0,      0,      0,      0,      0,      0,    31.2,    30.9,    45.3,    53.3,    30.0,    30.6,    44.0,    52.9,    31.2,    30.9,    45.3,    53.3,    30.0,    30.6,    44.0,    52.9,     0.0,     0.0,     0.0,     0.0,     0.0,     0.0,     0.0,     0.0,"(CONTRACTS OF EUR 125,000)",399741,CME ,099 
EURO SHORT TERM RATE - CHICAGO MERCANTILE EXCHANGE,260818,2026-08-18,047745,CME ,00,047 ,   30840,    3468,   10520,    5537,   21798,   14762,   30803,   30819,      37,      21,   30840,    3468,   10520,    5537,   21798,   14762,   30803,   30819,      37,      21,       0,       0,       0,       0,       0,       0,       0,       0,       0,       0,     900,     -27,     790,     110,     812,       0,     895,     900,       5,       0,  100.0,   11.2,   34.1,   18.0,   70.7,   47.9,   99.9,   99.9,    0.1,    0.1,  100.0,   11.2,   34.1,   18.0,   70.7,   47.9,   99.9,   99.9,    0.1,    0.1,    0.0,    0.0,    0.0,    0.0,    0.0,    0.0,    0.0,    0.0,    0.0,    0.0,     35,      8,      6,     10,     13,     13,     26,     24,     35,      8,      6,     10,     13,     13,     26,     24,      0,      0,      0,      0,      0,      0,      0,      0,    69.3,    58.7,    84.4,    82.4,    64.9,    52.7,    72.2,    70.6,    69.3,    58.7,    84.4,    82.4,    64.9,    52.7,    72.2,    70.6,     0.0,     0.0,     0.0,     0.0,     0.0,     0.0,     0.0,     0.0,"(2,500 X CONTRACT GRADE IMM INDEX)",047745,CME ,047 
EURO SHORT TERM RATE - CHICAGO MERCANTILE EXCHANGE,260825,2026-08-25,047745,CME ,00,047 ,   31088,    2763,   10008,    6112,   22176,   14937,   31051,   31057,      37,      31,   31088,    2763,   10008,    6112,   22176,   14937,   31051,   31057,      37,      31,       0,       0,       0,       0,       0,       0,       0,       0,       0,       0,     248,    -705,    -512,     575,     378,     175,     248,     238,       0,      10,  100.0,    8.9,   32.2,   19.7,   71.3,   48.0,   99.9,   99.9,    0.1,    0.1,  100.0,    8.9,   32.2,   19.7,   71.3,   48.0,   99.9,   99.9,    0.1,    0.1,    0.0,    0.0,    0.0,    0.0,    0.0,    0.0,    0.0,    0.0,    0.0,    0.0,     35,      6,      8,      9,     13,     13,     25,     24,     35,      6,      8,      9,     13,     13,     25,     24,      0,      0,      0,      0,      0,      0,      0,      0,    68.4,    58.2,    84.2,    81.5,    65.3,    53.7,    72.5,    67.4,    68.4,    58.2,    84.2,    81.5,    65.3,    53.7,    72.5,    67.4,     0.0,     0.0,     0.0,     0.0,     0.0,     0.0,     0.0,     0.0,"(2,500 X CONTRACT GRADE IMM INDEX)",047745,CME ,047 
FED FUNDS - CHICAGO BOARD OF TRADE,260818,2026-08-18,045601,CBT ,00,045 , 2557960,  386760,  674700,  521511, 1562784, 1301032, 2471055, 2497243,   86905,   60717, 2557960,  386760,  674700,  521511, 1562784, 1301032, 2471055, 2497243,   86905,   60717,       0,       0,       0,       0,       0,       0,       0,       0,       0,       0,  170405,   45763,  110744,   58243,   41884,  -18232,  145890,  150755,   24515,   19650,  100.0,   15.1,   26.4,   20.4,   61.1,   50.9,   96.6,   97.6,    3.4,    2.4,  100.0,   15.1,   26.4,   20.4,   61.1,   50.9,   96.6,   97.6,    3.4,    2.4,    0.0,    0.0,    0.0,    0.0,    0.0,    0.0,    0.0,    0.0,    0.0,    0.0,    191,     55,     29,     51,     93,     93,    168,    153,    191,     55,     29,     51,     93,     93,    168,    153,      0,      0,      0,      0,      0,      0,      0,      0,    20.1,    33.9,    32.5,    47.3,    14.1,    24.6,    23.7,    31.2,    20.1,    33.9,    32.5,    47.3,    14.1,    24.6,    23.7,    31.2,     0.0,     0.0,     0.0,     0.0,     0.0,     0.0,     0.0,     0.0,"(CONTRACTS OF $5,000,000)",045601,CBT ,045 
FED FUNDS - CHICAGO BOARD OF TRADE,260825,2026-08-25,045601,CBT ,00,045 , 2764513,  443002,  784264,  533159, 1667390, 1356083, 2643551, 2673506,  120962,   91007, 2764513,  443002,  784264,  533159, 1667390, 1356083, 2643551, 2673506,  120962,   91007,       0,       0,       0,       0,       0,       0,       0,       0,       0,       0,  206553,   56242,  109564,   11648,  104606,   55051,  172496,  176263,   34057,   30290,  100.0,   16.0,   28.4,   19.3,   60.3,   49.1,   95.6,   96.7,    4.4,    3.3,  100.0,   16.0,   28.4,   19.3,   60.3,   49.1,   95.6,   96.7,    4.4,    3.3,    0.0,    0.0,    0.0,    0.0,    0.0,    0.0,    0.0,    0.0,    0.0,    0.0,    200,     58,     32,     56,     95,     92,    178,    157,    200,     58,     32,     56,     95,     92,    178,    157,      0,      0,      0,      0,      0,      0,      0,      0,    19.5,    32.0,    33.4,    45.8,    14.6,    23.7,    24.4,    30.2,    19.5,    32.0,    33.4,    45.8,    14.6,    23.7,    24.4,    30.2,     0.0,     0.0,     0.0,     0.0,     0.0,     0.0,     0.0,     0.0,"(CONTRACTS OF $5,000,000)",045601,CBT ,045 
FEEDER CATTLE - CHICAGO MERCANTILE EXCHANGE,260818,2026-08-18,061641,CME ,00,061 ,   65267,   18914,   23045,   15699,   19014,   14752,   53627,   53496,   11640,   11771,   65267,   18914,   23045,   15699,   19014,   14752,   53627,   53496,   11640,   11771,       0,       0,       0,       0,       0,       0,       0,       0,       0,       0,    -327,    -852,     898,    -519,     492,   -1011,    -879,    -632,     552,     305,  100.0,   29.0,   35.3,   24.1,   29.1,   22.6,   82.2,   82.0,   17.8,   18.0,  100.0,   29.0,   35.3,   24.1,   29.1,   22.6,   82.2,   82.0,   17.8,   18.0,    0.0,    0.0,    0.0,    0.0,    0.0,    0.0,    0.0,    0.0,    0.0,    0.0,    258,     71,     60,     70,     76,     76,    187,    180,    258,     71,     60,     70,     76,     76,    187,    180,      0,      0,      0,      0,      0,      0,      0,      0,    12.9,    18.3,    22.3,    28.3,    10.2,    16.7,    18.3,    24.0,    12.9,    18.3,    22.3,    28.3,    10.2,    16.7,    18.3,    24.0,     0.0,     0.0,     0.0,     0.0,     0.0,     0.0,     0.0,     0.0,"(CONTRACTS OF 50,000 POUNDS)",061641,CME ,061 
FEEDER CATTLE - CHICAGO MERCANTILE EXCHANGE,260825,2026-08-25,061641,CME ,00,061 ,   69166,   17976,   23481,   20655,   19391,   12933,   58022,   57069,   11144,   12097,   69166,   17976,   23481,   20655,   19391,   12933,   58022,   57069,   11144,   12097,       0,       0,       0,       0,       0,       0,       0,       0,       0,       0,    3899,    -938,     436,    4956,     377,   -1819,    4395,    3573,    -496,     326,  100.0,   26.0,   33.9,   29.9,   28.0,   18.7,   83.9,   82.5,   16.1,   17.5,  100.0,   26.0,   33.9,   29.9,   28.0,   18.7,   83.9,   82.5,   16.1,   17.5,    0.0,    0.0,    0.0,    0.0,    0.0,    0.0,    0.0,    0.0,    0.0,    0.0,    256,     71,     59,     81,     78,     71,    196,    183,    256,     71,     59,     81,     78,     71,    196,    183,      0,      0,      0,      0,      0,      0,      0,      0,    13.5,    20.0,    22.6,    29.6,    10.3,    16.9,    17.9,    22.6,    13.5,    20.0,    22.6,    29.6,    10.3,    16.9,    17.9,    22.6,     0.0,     0.0,     0.0,     0.0,     0.0,     0.0,     0.0,     0.0,"(CONTRACTS OF 50,000 POUNDS)",061641,CME ,061 
FRZN CONCENTRATED ORANGE JUICE - ICE FUTURES U.S.,260818,2026-08-18,040701,ICUS,01,040 ,    9834,    4619,    4274,     418,    2643,    3385,    7680,    8077,    2154,    1757,    8885,    4547,    4298,     345,    1959,    2712,    6851,    7355,    2034,    1530,     949,     145,      49,       0,     684,     673,     829,     722,     120,     227,    -261,    -103,     407,    -299,      43,    -112,    -359,      -4,      98,    -257,  100.0,   47.0,   43.5,    4.3,   26.9,   34.4,   78.1,   82.1,   21.9,   17.9,  100.0,   51.2,   48.4,    3.9,   22.0,   30.5,   77.1,   82.8,   22.9,   17.2,  100.0,   15.3,    5.2,    0.0,   72.1,   70.9,   87.4,   76.1,   12.6,   23.9,     53,     19,     18,      6,     14,      6,     37,     27,     53,     20,     18,      5,     13,      6,     36,     26,     15,      4,      2,      0,      9,      3,     13,      5,    24.2,    42.2,    38.8,    58.5,    24.2,    41.9,    38.8,    58.3,    26.7,    39.8,    41.8,    57.9,    26.7,    39.7,    41.8,    57.8,    58.9,    74.0,    81.5,    76.1,    57.4,    68.1,    74.9,    68.1,"(CONTRACTS OF 15,000 POUNDS)",040701,ICUS,040 
FRZN CONCENTRATED ORANGE JUICE - ICE FUTURES U.S.,260825,2026-08-25,040701,ICUS,01,040 ,    9586,    4839,    4108,     301,    2403,    3546,    7543,    7955,    2043,    1631,    8516,    4893,    4158,      60,    1714,    2872,    6667,    7090,    1849,    1426,    1070,     187,     191,       0,     689,     674,     876,     865,     194,     205,    -248,     220,    -166,    -117,    -240,     161,    -137,    -122,    -111,    -126,  100.0,   50.5,   42.9,    3.1,   25.1,   37.0,   78.7,   83.0,   21.3,   17.0,  100.0,   57.5,   48.8,    0.7,   20.1,   33.7,   78.3,   83.3,   21.7,   16.7,  100.0,   17.5,   17.9,    0.0,   64.4,   63.0,   81.9,   80.8,   18.1,   19.2,     50,     19,     15,      6,     14,      7,     37,     25,     50,     20,     15,      4,     11,      7,     33,     24,     15,      4,      2,      0,      9,      3,     13,      5,    26.3,    44.8,    41.6,    61.7,    26.3,    44.6,    41.2,    61.5,    29.6,    43.2,    45.3,    62.3,    29.6,    43.1,    45.3,    62.1,    52.2,    77.1,    76.2,    80.8,    51.5,    73.9,    70.4,    73.9,"(CONTRACTS OF 15,000 POUNDS)",040701,ICUS,040 
FUEL OIL-3% USGC/3.5% FOB RDAM - ICE FUTURES ENERGY DIV,260818,2026-08-18,02141C,IFED,01,021 ,   19799,    1353,   10127,    1599,   16847,    8035,   19799,   19761,       0,      38,   19799,    1353,   10127,    1599,   16847,    8035,   19799,   19761,       0,      38,       0,       0,       0,       0,       0,       0,       0,       0,       0,       0,    1938,      25,    1107,     220,    1693,     611,    1938,    1938,       0,       0,  100.0,    6.8,   51.1,    8.1,   85.1,   40.6,  100.0,   99.8,    0.0,    0.2,  100.0,    6.8,   51.1,    8.1,   85.1,   40.6,  100.0,   99.8,    0.0,    0.2,    0.0,    0.0,    0.0,    0.0,    0.0,    0.0,    0.0,    0.0,    0.0,    0.0,     42,      3,      8,      3,     27,     17,     31,     27,     42,      3,      8,      3,     27,     17,     31,     27,      0,      0,      0,      0,      0,      0,      0,      0,    39.0,    63.8,    65.7,    80.9,    36.5,    53.4,    54.6,    63.1,    39.0,    63.8,    65.7,    80.9,    36.5,    53.4,    54.6,    63.1,     0.0,     0.0,     0.0,     0.0,     0.0,     0.0,     0.0,     0.0,(1000 barrels),02141C,IFED,021 
FUEL OIL-3% USGC/3.5% FOB RDAM - ICE FUTURES ENERGY DIV,260825,2026-08-25,02141C,IFED,01,021 ,   20891,    1328,    9621,    2179,   17377,    9078,   20884,   20878,       7,      13,   20891,    1328,    9621,    2179,   17377,    9078,   20884,   20878,       7,      13,       0,       0,       0,       0,       0,       0,       0,       0,       0,       0,    1092,     -25,    -506,     580,     530,    1043,    1085,    1117,       7,     -25,  100.0,    6.4,   46.1,   10.4,   83.2,   43.5,  100.0,   99.9,    0.0,    0.1,  100.0,    6.4,   46.1,   10.4,   83.2,   43.5,  100.0,   99.9,    0.0,    0.1,    0.0,    0.0,    0.0,    0.0,    0.0,    0.0,    0.0,    0.0,    0.0,    0.0,     43,      2,      8,      4,     27,     20,     31,     30,     43,      2,      8,      4,     27,     20,     31,     30,      0,      0,      0,      0,      0,      0,      0,      0,    39.5,    62.2,    69.5,    79.9,    36.6,    50.4,    57.1,    62.5,    39.5,    62.2,    69.5,    79.9,    36.6,    50.4,    57.1,    62.5,     0.0,     0.0,     0.0,     0.0,     0.0,     0.0,     0.0,     0.0,(1000 barrels),02141C,IFED,021 
GASOLINE CRK-RBOB/BRENT 1st - ICE FUTURES ENERGY DIV,260818,2026-08-18,111415,IFED,01,111 ,   12496,    5820,     995,     260,    5112,    9006,   11192,   10261,    1304,    2235,   12496,    5820,     995,     260,    5112,    9006,   11192,   10261,    1304,    2235,       0,       0,       0,       0,       0,       0,       0,       0,       0,       0,     142,       0,       0,     -45,      -5,     165,     -50,     120,     192,      22,  100.0,   46.6,    8.0,    2.1,   40.9,   72.1,   89.6,   82.1,   10.4,   17.9,  100.0,   46.6,    8.0,    2.1,   40.9,   72.1,   89.6,   82.1,   10.4,   17.9,    0.0,    0.0,    0.0,    0.0,    0.0,    0.0,    0.0,    0.0,    0.0,    0.0,     20,      4,      1,      3,     11,     13,     16,     16,     20,      4,      1,      3,     11,     13,     16,     16,      0,      0,      0,      0,      0,      0,      0,      0,    58.8,    42.5,    80.9,    64.3,    56.9,    40.3,    70.8,    60.7,    58.8,    42.5,    80.9,    64.3,    56.9,    40.3,    70.8,    60.7,     0.0,     0.0,     0.0,     0.0,     0.0,     0.0,     0.0,     0.0,1000 Barrels,111415,IFED,111 
GASOLINE CRK-RBOB/BRENT 1st - ICE FUTURES ENERGY DIV,260825,2026-08-25,111415,IFED,01,111 ,   13291,    6355,    1095,     220,    5487,    9771,   12062,   11086,    1229,    2205,   13291,    6355,    1095,     220,    5487,    9771,   12062,   11086,    1229,    2205,       0,       0,       0,       0,       0,       0,       0,       0,       0,       0,     795,     535,     100,     -40,     375,     765,     870,     825,     -75,     -30,  100.0,   47.8,    8.2,    1.7,   41.3,   73.5,   90.8,   83.4,    9.2,   16.6,  100.0,   47.8,    8.2,    1.7,   41.3,   73.5,   90.8,   83.4,    9.2,   16.6,    0.0,    0.0,    0.0,    0.0,    0.0,    0.0,    0.0,    0.0,    0.0,    0.0,     21,      4,      1,      3,     11,     14,     15,     18,     21,      4,      1,      3,     11,     14,     15,     18,      0,      0,      0,      0,      0,      0,      0,      0,    61.0,    40.6,    83.0,    63.7,    57.6,    40.0,    73.8,    60.5,    61.0,    40.6,    83.0,    63.7,    57.6,    40.0,    73.8,    60.5,     0.0,     0.0,     0.0,     0.0,     0.0,     0.0,     0.0,     0.0,1000 Barrels,111415,IFED,111 
GASOLINE RBOB - NEW YORK MERCANTILE EXCHANGE,260818,2026-08-18,111659,NYME,01,111 ,  335534,   97823,   39979,   71834,  140364,  210853,  310021,  322666,   25513,   12868,  335534,   97823,   39979,   71834,  140364,  210853,  310021,  322666,   25513,   12868,       0,       0,       0,       0,       0,       0,       0,       0,       0,       0,   10340,    4896,    1352,   -4604,   10302,   14149,   10594,   10897,    -254,    -557,  100.0,   29.2,   11.9,   21.4,   41.8,   62.8,   92.4,   96.2,    7.6,    3.8,  100.0,   29.2,   11.9,   21.4,   41.8,   62.8,   92.4,   96.2,    7.6,    3.8,    0.0,    0.0,    0.0,    0.0,    0.0,    0.0,    0.0,    0.0,    0.0,    0.0,    236,     85,     35,     76,     80,     96,    201,    179,    236,     85,     35,     76,     80,     96,    201,    179,      0,      0,      0,      0,      0,      0,      0,      0,    12.5,    16.5,    21.6,    26.6,     9.5,    13.1,    16.3,    21.0,    12.5,    16.5,    21.6,    26.6,     9.5,    13.1,    16.3,    21.0,     0.0,     0.0,     0.0,     0.0,     0.0,     0.0,     0.0,     0.0,"(CONTRACTS OF 42,000 U.S. GALLONS)",111659,NYME,111 
GASOLINE RBOB - NEW YORK MERCANTILE EXCHANGE,260825,2026-08-25,111659,NYME,01,111 ,  346134,  105133,   40974,   66308,  148427,  227636,  319868,  334918,   26266,   11216,  346134,  105133,   40974,   66308,  148427,  227636,  319868,  334918,   26266,   11216,       0,       0,       0,       0,       0,       0,       0,       0,       0,       0,   10600,    7310,     995,   -5526,    8063,   16783,    9847,   12252,     753,   -1652,  100.0,   30.4,   11.8,   19.2,   42.9,   65.8,   92.4,   96.8,    7.6,    3.2,  100.0,   30.4,   11.8,   19.2,   42.9,   65.8,   92.4,   96.8,    7.6,    3.2,    0.0,    0.0,    0.0,    0.0,    0.0,    0.0,    0.0,    0.0,    0.0,    0.0,    240,     87,     33,     70,     84,    103,    204,    179,    240,     87,     33,     70,     84,    103,    204,    179,      0,      0,      0,      0,      0,      0,      0,      0,    13.6,    17.7,    22.6,    27.9,     9.2,    13.7,    16.1,    21.9,    13.6,    17.7,    22.6,    27.9,     9.2,    13.7,    16.1,    21.9,     0.0,     0.0,     0.0,     0.0,     0.0,     0.0,     0.0,     0.0,"(CONTRACTS OF 42,000 U.S. GALLONS)",111659,NYME,111 
GOLD - COMMODITY EXCHANGE INC.,260818,2026-08-18,088691,CMX ,01,088 ,  406260,  256902,   34713,   28961,   69050,  327468,  354913,  391142,   51347,   15118,  406260,  256902,   34713,   28961,   69050,  327468,  354913,  391142,   51347,   15118,       0,       0,       0,       0,       0,       0,       0,       0,       0,       0,    5951,    5966,    1717,      24,    -335,    5443,    5655,    7184,     296,   -1233,  100.0,   63.2,    8.5,    7.1,   17.0,   80.6,   87.4,   96.3,   12.6,    3.7,  100.0,   63.2,    8.5,    7.1,   17.0,   80.6,   87.4,   96.3,   12.6,    3.7,    0.0,    0.0,    0.0,    0.0,    0.0,    0.0,    0.0,    0.0,    0.0,    0.0,    292,    172,     52,     75,     51,     51,    253,    149,    292,    172,     52,     75,     51,     51,    253,    149,      0,      0,      0,      0,      0,      0,      0,      0,    20.3,    38.9,    28.7,    57.0,    18.7,    37.8,    25.5,    54.8,    20.3,    38.9,    28.7,    57.0,    18.7,    37.8,    25.5,    54.8,     0.0,     0.0,     0.0,     0.0,     0.0,     0.0,     0.0,     0.0,(CONTRACTS OF 100 TROY OUNCES),088691,CMX ,088 
GOLD - COMMODITY EXCHANGE INC.,260825,2026-08-25,088691,CMX ,01,088 ,  427957,  277159,   33825,   33620,   62453,  342038,  373232,  409483,   54725,   18474,  427957,  277159,   33825,   33620,   62453,  342038,  373232,  409483,   54725,   18474,       0,       0,       0,       0,       0,       0,       0,       0,       0,       0,   21697,   20257,    -888,    4659,   -6597,   14570,   18319,   18341,    3378,    3356,  100.0,   64.8,    7.9,    7.9,   14.6,   79.9,   87.2,   95.7,   12.8,    4.3,  100.0,   64.8,    7.9,    7.9,   14.6,   79.9,   87.2,   95.7,   12.8,    4.3,    0.0,    0.0,    0.0,    0.0,    0.0,    0.0,    0.0,    0.0,    0.0,    0.0,    295,    173,     55,     72,     49,     49,    254,    145,    295,    173,     55,     72,     49,     49,    254,    145,      0,      0,      0,      0,      0,      0,      0,      0,    18.8,    38.8,    27.1,    55.9,    18.3,    37.8,    25.4,    54.2,    18.8,    38.8,    27.1,    55.9,    18.3,    37.8,    25.4,    54.2,     0.0,     0.0,     0.0,     0.0,     0.0,     0.0,     0.0,     0.0,(CONTRACTS OF 100 TROY OUNCES),088691,CMX ,088 
"GOLD -1 TROY OUNCE - COINBASE DERIVATIVES, LLC",260818,2026-08-18,088LM1,FREX,00,088 ,    8468,    3488,    6346,       0,       0,       0,    3488,    6346,    4980,    2122,    8468,    3488,    6346,       0,       0,       0,    3488,    6346,    4980,    2122,       0,       0,       0,       0,       0,       0,       0,       0,       0,       0,.,.,.,.,.,.,.,.,.,.,  100.0,   41.2,   74.9,    0.0,    0.0,    0.0,   41.2,   74.9,   58.8,   25.1,  100.0,   41.2,   74.9,    0.0,    0.0,    0.0,   41.2,   74.9,   58.8,   25.1,    0.0,    0.0,    0.0,    0.0,    0.0,    0.0,    0.0,    0.0,    0.0,    0.0,     21,      9,     12,      0,      0,      0,      9,     12,     21,      9,     12,      0,      0,      0,      9,     12,      0,      0,      0,      0,      0,      0,      0,      0,    27.6,    50.0,    38.7,    64.4,    27.6,    50.0,    38.7,    64.4,    27.6,    50.0,    38.7,    64.4,    27.6,    50.0,    38.7,    64.4,     0.0,     0.0,     0.0,     0.0,     0.0,     0.0,     0.0,     0.0,"(1 troy ounce x $2,300)",088LM1,FREX,088 
GULF # 6 FUEL OIL CRACK - NEW YORK MERCANTILE EXCHANGE,260818,2026-08-18,86565A,NYME,01,865 ,    9805,    1288,     762,    1710,    6807,    7333,    9805,    9805,       0,       0,    9805,    1288,     762,    1710,    6807,    7333,    9805,    9805,       0,       0,       0,       0,       0,       0,       0,       0,       0,       0,       0,       0,    -297,    -117,    -390,     165,    -335,     -72,    -287,    -297,     -10,       0,  100.0,   13.1,    7.8,   17.4,   69.4,   74.8,  100.0,  100.0,    0.0,    0.0,  100.0,   13.1,    7.8,   17.4,   69.4,   74.8,  100.0,  100.0,    0.0,    0.0,    0.0,    0.0,    0.0,    0.0,    0.0,    0.0,    0.0,    0.0,    0.0,    0.0,     31,      5,      5,      6,     20,     12,     28,     20,     31,      5,      5,      6,     20,     12,     28,     20,      0,      0,      0,      0,      0,      0,      0,      0,    50.1,    53.2,    75.5,    78.2,    29.4,    33.4,    38.1,    42.9,    50.1,    53.2,    75.5,    78.2,    29.4,    33.4,    38.1,    42.9,     0.0,     0.0,     0.0,     0.0,     0.0,     0.0,     0.0,     0.0,"(CONTRACTS OF 1,000 BARRELS)",86565A,NYME,865 
GULF # 6 FUEL OIL CRACK - NEW YORK MERCANTILE EXCHANGE,260825,2026-08-25,86565A,NYME,01,865 ,    9970,    1135,     819,    1923,    6912,    7228,    9970,    9970,       0,       0,    9970,    1135,     819,    1923,    6912,    7228,    9970,    9970,       0,       0,       0,       0,       0,       0,       0,       0,       0,       0,       0,       0,     165,    -153,      57,     213,     105,    -105,     165,     165,       0,       0,  100.0,   11.4,    8.2,   19.3,   69.3,   72.5,  100.0,  100.0,    0.0,    0.0,  100.0,   11.4,    8.2,   19.3,   69.3,   72.5,  100.0,  100.0,    0.0,    0.0,    0.0,    0.0,    0.0,    0.0,    0.0,    0.0,    0.0,    0.0,    0.0,    0.0,     31,      4,      6,      6,     20,     12,     28,     20,     31,      4,      6,      6,     20,     12,     28,     20,      0,      0,      0,      0,      0,      0,      0,      0,    50.4,    53.9,    76.5,    78.5,    28.9,    32.8,    38.4,    42.2,    50.4,    53.9,    76.5,    78.5,    28.9,    32.8,    38.4,    42.2,     0.0,     0.0,     0.0,     0.0,     0.0,     0.0,     0.0,     0.0,"(CONTRACTS OF 1,000 BARRELS)",86565A,NYME,865 
GULF COAST CBOB GAS A2 PL RBOB - NEW YORK MERCANTILE EXCHANGE,260818,2026-08-18,111A34,NYME,01,111 ,   21334,     815,       0,     450,   19190,   17324,   20455,   17774,     879,    3560,   21334,     815,       0,     450,   19190,   17324,   20455,   17774,     879,    3560,       0,       0,       0,       0,       0,       0,       0,       0,       0,       0,    1230,       0,       0,       0,    1530,    1320,    1530,    1320,    -300,     -90,  100.0,    3.8,    0.0,    2.1,   90.0,   81.2,   95.9,   83.3,    4.1,   16.7,  100.0,    3.8,    0.0,    2.1,   90.0,   81.2,   95.9,   83.3,    4.1,   16.7,    0.0,    0.0,    0.0,    0.0,    0.0,    0.0,    0.0,    0.0,    0.0,    0.0,     23,      1,      0,      1,     17,     18,     18,     19,     23,      1,      0,      1,     17,     18,     18,     19,      0,      0,      0,      0,      0,      0,      0,      0,    48.6,    50.4,    74.6,    67.6,    40.5,    49.0,    60.4,    59.7,    48.6,    50.4,    74.6,    67.6,    40.5,    49.0,    60.4,    59.7,     0.0,     0.0,     0.0,     0.0,     0.0,     0.0,     0.0,     0.0,"(CONTRACTS OF 42,000 GALLONS)",111A34,NYME,111 
GULF COAST CBOB GAS A2 PL RBOB - NEW YORK MERCANTILE EXCHANGE,260825,2026-08-25,111A34,NYME,01,111 ,   25339,     935,       0,     825,   22570,   21199,   24330,   22024,    1009,    3315,   25339,     935,       0,     825,   22570,   21199,   24330,   22024,    1009,    3315,       0,       0,       0,       0,       0,       0,       0,       0,       0,       0,    4005,     120,       0,     375,    3380,    3875,    3875,    4250,     130,    -245,  100.0,    3.7,    0.0,    3.3,   89.1,   83.7,   96.0,   86.9,    4.0,   13.1,  100.0,    3.7,    0.0,    3.3,   89.1,   83.7,   96.0,   86.9,    4.0,   13.1,    0.0,    0.0,    0.0,    0.0,    0.0,    0.0,    0.0,    0.0,    0.0,    0.0,     25,      1,      0,      1,     19,     18,     20,     19,     25,      1,      0,      1,     19,     18,     20,     19,      0,      0,      0,      0,      0,      0,      0,      0,    40.2,    47.7,    69.4,    67.0,    31.1,    45.6,    50.7,    52.6,    40.2,    47.7,    69.4,    67.0,    31.1,    45.6,    50.7,    52.6,     0.0,     0.0,     0.0,     0.0,     0.0,     0.0,     0.0,     0.0,"(CONTRACTS OF 42,000 GALLONS)",111A34,NYME,111 
GULF JET NY HEAT OIL SPR - NEW YORK MERCANTILE EXCHANGE,260818,2026-08-18,86465A,NYME,01,864 ,   12459,     100,       0,       0,   12169,   12459,   12269,   12459,     190,       0,   12459,     100,       0,       0,   12169,   12459,   12269,   12459,     190,       0,       0,       0,       0,       0,       0,       0,       0,       0,       0,       0,     353,       0,       0,       0,     353,     353,     353,     353,       0,       0,  100.0,    0.8,    0.0,    0.0,   97.7,  100.0,   98.5,  100.0,    1.5,    0.0,  100.0,    0.8,    0.0,    0.0,   97.7,  100.0,   98.5,  100.0,    1.5,    0.0,    0.0,    0.0,    0.0,    0.0,    0.0,    0.0,    0.0,    0.0,    0.0,    0.0,     34,      1,      0,      0,     28,     18,     29,     18,     34,      1,      0,      0,     28,     18,     29,     18,      0,      0,      0,      0,      0,      0,      0,      0,    42.5,    79.1,    65.7,    91.3,    34.8,    61.5,    50.4,    68.0,    42.5,    79.1,    65.7,    91.3,    34.8,    61.5,    50.4,    68.0,     0.0,     0.0,     0.0,     0.0,     0.0,     0.0,     0.0,     0.0,"(CONTRACTS OF 42,000 GALLONS)",86465A,NYME,864 
GULF JET NY HEAT OIL SPR - NEW YORK MERCANTILE EXCHANGE,260825,2026-08-25,86465A,NYME,01,864 ,   13116,     100,       0,       0,   12826,   13116,   12926,   13116,     190,       0,   13116,     100,       0,       0,   12826,   13116,   12926,   13116,     190,       0,       0,       0,       0,       0,       0,       0,       0,       0,       0,       0,     657,       0,       0,       0,     657,     657,     657,     657,       0,       0,  100.0,    0.8,    0.0,    0.0,   97.8,  100.0,   98.6,  100.0,    1.4,    0.0,  100.0,    0.8,    0.0,    0.0,   97.8,  100.0,   98.6,  100.0,    1.4,    0.0,    0.0,    0.0,    0.0,    0.0,    0.0,    0.0,    0.0,    0.0,    0.0,    0.0,     37,      1,      0,      0,     30,     19,     31,     19,     37,      1,      0,      0,     30,     19,     31,     19,      0,      0,      0,      0,      0,      0,      0,      0,    39.5,    75.5,    63.0,    89.0,    34.8,    61.9,    50.2,    69.3,    39.5,    75.5,    63.0,    89.0,    34.8,    61.9,    50.2,    69.3,     0.0,     0.0,     0.0,     0.0,     0.0,     0.0,     0.0,     0.0,"(CONTRACTS OF 42,000 GALLONS)",86465A,NYME,864 
"HEDERA PERP STYLE - COINBASE DERIVATIVES, LLC",260818,2026-08-18,180LM4,FREX,00,180 ,    1965,    1293,    1780,       0,       0,       0,    1293,    1780,     672,     185,    1965,    1293,    1780,       0,       0,       0,    1293,    1780,     672,     185,       0,       0,       0,       0,       0,       0,       0,       0,       0,       0,     150,     237,     119,       0,       0,       0,     237,     119,     -87,      31,  100.0,   65.8,   90.6,    0.0,    0.0,    0.0,   65.8,   90.6,   34.2,    9.4,  100.0,   65.8,   90.6,    0.0,    0.0,    0.0,   65.8,   90.6,   34.2,    9.4,    0.0,    0.0,    0.0,    0.0,    0.0,    0.0,    0.0,    0.0,    0.0,    0.0,     35,     22,     13,      0,      0,      0,     22,     13,     35,     22,     13,      0,      0,      0,     22,     13,      0,      0,      0,      0,      0,      0,      0,      0,    23.0,    67.9,    37.0,    80.7,    23.0,    67.9,    37.0,    80.7,    23.0,    67.9,    37.0,    80.7,    23.0,    67.9,    37.0,    80.7,     0.0,     0.0,     0.0,     0.0,     0.0,     0.0,     0.0,     0.0,(5000 Hedera),180LM4,FREX,180 
"HEDERA PERP STYLE - COINBASE DERIVATIVES, LLC",260825,2026-08-25,180LM4,FREX,00,180 ,    1853,    1065,    1729,       0,       0,       0,    1065,    1729,     788,     124,    1853,    1065,    1729,       0,       0,       0,    1065,    1729,     788,     124,       0,       0,       0,       0,       0,       0,       0,       0,       0,       0,    -112,    -228,     -51,       0,       0,       0,    -228,     -51,     116,     -61,  100.0,   57.5,   93.3,    0.0,    0.0,    0.0,   57.5,   93.3,   42.5,    6.7,  100.0,   57.5,   93.3,    0.0,    0.0,    0.0,   57.5,   93.3,   42.5,    6.7,    0.0,    0.0,    0.0,    0.0,    0.0,    0.0,    0.0,    0.0,    0.0,    0.0,     34,     22,     12,      0,      0,      0,     22,     12,     34,     22,     12,      0,      0,      0,     22,     12,      0,      0,      0,      0,      0,      0,      0,      0,    16.5,    72.8,    30.9,    85.3,    16.5,    72.8,    30.9,    85.3,    16.5,    72.8,    30.9,    85.3,    16.5,    72.8,    30.9,    85.3,     0.0,     0.0,     0.0,     0.0,     0.0,     0.0,     0.0,     0.0,(5000 Hedera),180LM4,FREX,180 
HENRY HUB - NEW YORK MERCANTILE EXCHANGE,260818,2026-08-18,03565B,NYME,01,023 ,  397858,  284518,   24897,    1959,   98646,  356629,  385123,  383485,   12735,   14373,  397858,  284518,   24897,    1959,   98646,  356629,  385123,  383485,   12735,   14373,       0,       0,       0,       0,       0,       0,       0,       0,       0,       0,    4922,    3879,    1358,      -6,    1049,    2754,    4922,    4106,       0,     816,  100.0,   71.5,    6.3,    0.5,   24.8,   89.6,   96.8,   96.4,    3.2,    3.6,  100.0,   71.5,    6.3,    0.5,   24.8,   89.6,   96.8,   96.4,    3.2,    3.6,    0.0,    0.0,    0.0,    0.0,    0.0,    0.0,    0.0,    0.0,    0.0,    0.0,     34,      6,      5,      2,     18,     19,     25,     25,     34,      6,      5,      2,     18,     19,     25,     25,      0,      0,      0,      0,      0,      0,      0,      0,    70.5,    58.9,    83.6,    82.2,    70.1,    55.9,    80.4,    76.3,    70.5,    58.9,    83.6,    82.2,    70.1,    55.9,    80.4,    76.3,     0.0,     0.0,     0.0,     0.0,     0.0,     0.0,     0.0,     0.0,"(Contracts of 2,500  MMBTU'S)",03565B,NYME,023 
HENRY HUB - NEW YORK MERCANTILE EXCHANGE,260825,2026-08-25,03565B,NYME,01,023 ,  402757,  289552,   24897,    1959,   98511,  361528,  390022,  388384,   12735,   14373,  402757,  289552,   24897,    1959,   98511,  361528,  390022,  388384,   12735,   14373,       0,       0,       0,       0,       0,       0,       0,       0,       0,       0,    4899,    5034,       0,       0,    -135,    4899,    4899,    4899,       0,       0,  100.0,   71.9,    6.2,    0.5,   24.5,   89.8,   96.8,   96.4,    3.2,    3.6,  100.0,   71.9,    6.2,    0.5,   24.5,   89.8,   96.8,   96.4,    3.2,    3.6,    0.0,    0.0,    0.0,    0.0,    0.0,    0.0,    0.0,    0.0,    0.0,    0.0,     34,      6,      5,      2,     18,     19,     25,     25,     34,      6,      5,      2,     18,     19,     25,     25,      0,      0,      0,      0,      0,      0,      0,      0,    70.9,    58.7,    83.8,    82.4,    70.5,    56.2,    80.7,    76.5,    70.9,    58.7,    83.8,    82.4,    70.5,    56.2,    80.7,    76.5,     0.0,     0.0,     0.0,     0.0,     0.0,     0.0,     0.0,     0.0,"(Contracts of 2,500  MMBTU'S)",03565B,NYME,023 
HENRY HUB BASIS - ICE FUTURES ENERGY DIV,260818,2026-08-18,0233AG,IFED,01,023 ,  111993,   29959,   24342,     240,   79315,   86565,  109514,  111147,    2479,     846,  111993,   29959,   24342,     240,   79315,   86565,  109514,  111147,    2479,     846,       0,       0,       0,       0,       0,       0,       0,       0,       0,       0,    6150,    -220,    2908,     240,    6164,    4920,    6184,    8068,     -34,   -1918,  100.0,   26.8,   21.7,    0.2,   70.8,   77.3,   97.8,   99.2,    2.2,    0.8,  100.0,   26.8,   21.7,    0.2,   70.8,   77.3,   97.8,   99.2,    2.2,    0.8,    0.0,    0.0,    0.0,    0.0,    0.0,    0.0,    0.0,    0.0,    0.0,    0.0,     35,      4,      4,      1,     20,     15,     25,     19,     35,      4,      4,      1,     20,     15,     25,     19,      0,      0,      0,      0,      0,      0,      0,      0,    44.3,    60.5,    67.4,    88.1,    44.3,    58.6,    67.4,    85.7,    44.3,    60.5,    67.4,    88.1,    44.3,    58.6,    67.4,    85.7,     0.0,     0.0,     0.0,     0.0,     0.0,     0.0,     0.0,     0.0,2500 mmbtu,0233AG,IFED,023 
HENRY HUB BASIS - ICE FUTURES ENERGY DIV,260825,2026-08-25,0233AG,IFED,01,023 ,  125882,   29092,   24043,    6539,   88444,   94124,  124075,  124706,    1807,    1176,  125882,   29092,   24043,    6539,   88444,   94124,  124075,  124706,    1807,    1176,       0,       0,       0,       0,       0,       0,       0,       0,       0,       0,   13889,    -867,    -299,    6299,    9129,    7559,   14561,   13559,    -672,     330,  100.0,   23.1,   19.1,    5.2,   70.3,   74.8,   98.6,   99.1,    1.4,    0.9,  100.0,   23.1,   19.1,    5.2,   70.3,   74.8,   98.6,   99.1,    1.4,    0.9,    0.0,    0.0,    0.0,    0.0,    0.0,    0.0,    0.0,    0.0,    0.0,    0.0,     62,      9,      8,      5,     30,     25,     41,     36,     62,      9,      8,      5,     30,     25,     41,     36,      0,      0,      0,      0,      0,      0,      0,      0,    40.4,    50.6,    62.3,    72.8,    38.2,    49.2,    60.0,    71.0,    40.4,    50.6,    62.3,    72.8,    38.2,    49.2,    60.0,    71.0,     0.0,     0.0,     0.0,     0.0,     0.0,     0.0,     0.0,     0.0,2500 mmbtu,0233AG,IFED,023 
HENRY HUB INDEX - ICE FUTURES ENERGY DIV,260818,2026-08-18,0233AH,IFED,01,023 ,  158952,   41243,   40103,    5302,  109932,  111594,  156477,  156999,    2475,    1953,  158952,   41243,   40103,    5302,  109932,  111594,  156477,  156999,    2475,    1953,       0,       0,       0,       0,       0,       0,       0,       0,       0,       0,    7032,   -2568,   -1388,    2618,    6802,    5682,    6852,    6912,     180,     120,  100.0,   25.9,   25.2,    3.3,   69.2,   70.2,   98.4,   98.8,    1.6,    1.2,  100.0,   25.9,   25.2,    3.3,   69.2,   70.2,   98.4,   98.8,    1.6,    1.2,    0.0,    0.0,    0.0,    0.0,    0.0,    0.0,    0.0,    0.0,    0.0,    0.0,     73,     10,      7,      8,     36,     35,     50,     46,     73,     10,      7,      8,     36,     35,     50,     46,      0,      0,      0,      0,      0,      0,      0,      0,    42.0,    47.7,    58.4,    68.2,    40.4,    46.0,    55.4,    64.1,    42.0,    47.7,    58.4,    68.2,    40.4,    46.0,    55.4,    64.1,     0.0,     0.0,     0.0,     0.0,     0.0,     0.0,     0.0,     0.0,2500 mmbtu,0233AH,IFED,023 
HENRY HUB INDEX - ICE FUTURES ENERGY DIV,260825,2026-08-25,0233AH,IFED,01,023 ,  174650,   42439,   42949,    9210,  120453,  120875,  172102,  173034,    2548,    1616,  174650,   42439,   42949,    9210,  120453,  120875,  172102,  173034,    2548,    1616,       0,       0,       0,       0,       0,       0,       0,       0,       0,       0,   15698,    1196,    2846,    3908,   10521,    9281,   15625,   16035,      73,    -337,  100.0,   24.3,   24.6,    5.3,   69.0,   69.2,   98.5,   99.1,    1.5,    0.9,  100.0,   24.3,   24.6,    5.3,   69.0,   69.2,   98.5,   99.1,    1.5,    0.9,    0.0,    0.0,    0.0,    0.0,    0.0,    0.0,    0.0,    0.0,    0.0,    0.0,     80,     12,      8,     13,     42,     40,     59,     56,     80,     12,      8,     13,     42,     40,     59,     56,      0,      0,      0,      0,      0,      0,      0,      0,    41.0,    40.9,    56.7,    59.1,    37.6,    39.4,    52.1,    56.1,    41.0,    40.9,    56.7,    59.1,    37.6,    39.4,    52.1,    56.1,     0.0,     0.0,     0.0,     0.0,     0.0,     0.0,     0.0,     0.0,2500 mmbtu,0233AH,IFED,023 
HENRY HUB LAST DAY FIN - NEW YORK MERCANTILE EXCHANGE,260818,2026-08-18,023A55,NYME,01,023 ,  411190,  112325,  105270,   71520,  203834,  228434,  387679,  405224,   23511,    5966,  411190,  112325,  105270,   71520,  203834,  228434,  387679,  405224,   23511,    5966,       0,       0,       0,       0,       0,       0,       0,       0,       0,       0,   11860,    3833,    3434,     451,    6957,   10169,   11241,   14054,     619,   -2194,  100.0,   27.3,   25.6,   17.4,   49.6,   55.6,   94.3,   98.5,    5.7,    1.5,  100.0,   27.3,   25.6,   17.4,   49.6,   55.6,   94.3,   98.5,    5.7,    1.5,    0.0,    0.0,    0.0,    0.0,    0.0,    0.0,    0.0,    0.0,    0.0,    0.0,     97,     22,     18,     32,     53,     42,     91,     76,     97,     22,     18,     32,     53,     42,     91,     76,      0,      0,      0,      0,      0,      0,      0,      0,    18.6,    39.3,    32.3,    53.4,    15.8,    38.2,    27.1,    50.0,    18.6,    39.3,    32.3,    53.4,    15.8,    38.2,    27.1,    50.0,     0.0,     0.0,     0.0,     0.0,     0.0,     0.0,     0.0,     0.0,"(Contracts of 10,000 MMBTU'S)",023A55,NYME,023 
HENRY HUB LAST DAY FIN - NEW YORK MERCANTILE EXCHANGE,260825,2026-08-25,023A55,NYME,01,023 ,  421880,  121195,  105499,   72561,  203278,  236852,  397034,  414912,   24846,    6968,  421880,  121195,  105499,   72561,  203278,  236852,  397034,  414912,   24846,    6968,       0,       0,       0,       0,       0,       0,       0,       0,       0,       0,   10690,    8870,     229,    1041,    -556,    8418,    9355,    9688,    1335,    1002,  100.0,   28.7,   25.0,   17.2,   48.2,   56.1,   94.1,   98.3,    5.9,    1.7,  100.0,   28.7,   25.0,   17.2,   48.2,   56.1,   94.1,   98.3,    5.9,    1.7,    0.0,    0.0,    0.0,    0.0,    0.0,    0.0,    0.0,    0.0,    0.0,    0.0,     98,     23,     15,     33,     56,     42,     93,     76,     98,     23,     15,     33,     56,     42,     93,     76,      0,      0,      0,      0,      0,      0,      0,      0,    18.4,    38.3,    32.0,    52.9,    16.2,    37.2,    27.0,    49.7,    18.4,    38.3,    32.0,    52.9,    16.2,    37.2,    27.0,    49.7,     0.0,     0.0,     0.0,     0.0,     0.0,     0.0,     0.0,     0.0,"(Contracts of 10,000 MMBTU'S)",023A55,NYME,023 
HENRY HUB PENULTIMATE FIN - NEW YORK MERCANTILE EXCHANGE,260818,2026-08-18,023A56,NYME,01,023 ,  236737,   52020,   40920,   44593,  132725,  145048,  229338,  230561,    7399,    6176,  236737,   52020,   40920,   44593,  132725,  145048,  229338,  230561,    7399,    6176,       0,       0,       0,       0,       0,       0,       0,       0,       0,       0,    2140,   -1898,      18,    1623,    3429,     778,    3154,    2419,   -1014,    -279,  100.0,   22.0,   17.3,   18.8,   56.1,   61.3,   96.9,   97.4,    3.1,    2.6,  100.0,   22.0,   17.3,   18.8,   56.1,   61.3,   96.9,   97.4,    3.1,    2.6,    0.0,    0.0,    0.0,    0.0,    0.0,    0.0,    0.0,    0.0,    0.0,    0.0,     78,     20,     24,     36,     31,     29,     71,     69,     78,     20,     24,     36,     31,     29,     71,     69,      0,      0,      0,      0,      0,      0,      0,      0,    25.4,    33.5,    43.5,    48.3,    23.6,    25.5,    39.6,    34.0,    25.4,    33.5,    43.5,    48.3,    23.6,    25.5,    39.6,    34.0,     0.0,     0.0,     0.0,     0.0,     0.0,     0.0,     0.0,     0.0,"(Contracts of 10,000 MMBTU'S)",023A56,NYME,023 
HENRY HUB PENULTIMATE FIN - NEW YORK MERCANTILE EXCHANGE,260825,2026-08-25,023A56,NYME,01,023 ,  250697,   59250,   51095,   46837,  139105,  146849,  245192,  244781,    5505,    5916,  250697,   59250,   51095,   46837,  139105,  146849,  245192,  244781,    5505,    5916,       0,       0,       0,       0,       0,       0,       0,       0,       0,       0,   13960,    7230,   10175,    2244,    6380,    1801,   15854,   14220,   -1894,    -260,  100.0,   23.6,   20.4,   18.7,   55.5,   58.6,   97.8,   97.6,    2.2,    2.4,  100.0,   23.6,   20.4,   18.7,   55.5,   58.6,   97.8,   97.6,    2.2,    2.4,    0.0,    0.0,    0.0,    0.0,    0.0,    0.0,    0.0,    0.0,    0.0,    0.0,     83,     22,     23,     37,     35,     32,     76,     73,     83,     22,     23,     37,     35,     32,     76,     73,      0,      0,      0,      0,      0,      0,      0,      0,    25.6,    30.4,    43.5,    46.0,    23.5,    22.7,    38.5,    33.2,    25.6,    30.4,    43.5,    46.0,    23.5,    22.7,    38.5,    33.2,     0.0,     0.0,     0.0,     0.0,     0.0,     0.0,     0.0,     0.0,"(Contracts of 10,000 MMBTU'S)",023A56,NYME,023 
HENRY HUB PENULTIMATE NAT GAS - NEW YORK MERCANTILE EXCHANGE,260818,2026-08-18,03565C,NYME,01,023 ,  109942,   16944,   15832,   17470,   63037,   69265,   97451,  102567,   12491,    7375,  109942,   16944,   15832,   17470,   63037,   69265,   97451,  102567,   12491,    7375,       0,       0,       0,       0,       0,       0,       0,       0,       0,       0,     753,    1735,    -439,    -295,    -687,    1105,     753,     371,       0,     382,  100.0,   15.4,   14.4,   15.9,   57.3,   63.0,   88.6,   93.3,   11.4,    6.7,  100.0,   15.4,   14.4,   15.9,   57.3,   63.0,   88.6,   93.3,   11.4,    6.7,    0.0,    0.0,    0.0,    0.0,    0.0,    0.0,    0.0,    0.0,    0.0,    0.0,     43,     15,      8,     17,     18,     18,     40,     36,     43,     15,      8,     17,     18,     18,     40,     36,      0,      0,      0,      0,      0,      0,      0,      0,    32.6,    35.1,    48.8,    61.8,    20.2,    24.4,    27.8,    36.9,    32.6,    35.1,    48.8,    61.8,    20.2,    24.4,    27.8,    36.9,     0.0,     0.0,     0.0,     0.0,     0.0,     0.0,     0.0,     0.0,"(Contracts of 2,500  MMBTU'S)",03565C,NYME,023 
HENRY HUB PENULTIMATE NAT GAS - NEW YORK MERCANTILE EXCHANGE,260825,2026-08-25,03565C,NYME,01,023 ,  110012,   16238,   15548,   18172,   63164,   68566,   97574,  102286,   12438,    7726,  110012,   16238,   15548,   18172,   63164,   68566,   97574,  102286,   12438,    7726,       0,       0,       0,       0,       0,       0,       0,       0,       0,       0,      70,    -706,    -284,     702,     127,    -699,     123,    -281,     -53,     351,  100.0,   14.8,   14.1,   16.5,   57.4,   62.3,   88.7,   93.0,   11.3,    7.0,  100.0,   14.8,   14.1,   16.5,   57.4,   62.3,   88.7,   93.0,   11.3,    7.0,    0.0,    0.0,    0.0,    0.0,    0.0,    0.0,    0.0,    0.0,    0.0,    0.0,     44,     16,      8,     18,     18,     18,     41,     37,     44,     16,      8,     18,     18,     18,     41,     37,      0,      0,      0,      0,      0,      0,      0,      0,    33.1,    33.5,    48.2,    60.4,    19.4,    24.0,    26.7,    35.4,    33.1,    33.5,    48.2,    60.4,    19.4,    24.0,    26.7,    35.4,     0.0,     0.0,     0.0,     0.0,     0.0,     0.0,     0.0,     0.0,"(Contracts of 2,500  MMBTU'S)",03565C,NYME,023 
HOUSTON SHIP CHANNEL (INDEX) - ICE FUTURES ENERGY DIV,260818,2026-08-18,0233AM,IFED,01,023 ,  486459,       0,  188846,    2142,  479387,  293538,  481529,  484526,    4930,    1933,  486459,       0,  188846,    2142,  479387,  293538,  481529,  484526,    4930,    1933,       0,       0,       0,       0,       0,       0,       0,       0,       0,       0,   14393,       0,    8033,     720,   13673,    5963,   14393,   14716,       0,    -323,  100.0,    0.0,   38.8,    0.4,   98.5,   60.3,   99.0,   99.6,    1.0,    0.4,  100.0,    0.0,   38.8,    0.4,   98.5,   60.3,   99.0,   99.6,    1.0,    0.4,    0.0,    0.0,    0.0,    0.0,    0.0,    0.0,    0.0,    0.0,    0.0,    0.0,     75,      0,     14,      3,     37,     44,     40,     58,     75,      0,     14,      3,     37,     44,     40,     58,      0,      0,      0,      0,      0,      0,      0,      0,    58.5,    43.7,    80.2,    56.4,    58.2,    43.4,    79.8,    56.1,    58.5,    43.7,    80.2,    56.4,    58.2,    43.4,    79.8,    56.1,     0.0,     0.0,     0.0,     0.0,     0.0,     0.0,     0.0,     0.0,2500 mmbtu,0233AM,IFED,023 
HOUSTON SHIP CHANNEL (INDEX) - ICE FUTURES ENERGY DIV,260825,2026-08-25,0233AM,IFED,01,023 ,  494796,       0,  188073,    3072,  486098,  300934,  489170,  492079,    5626,    2717,  494796,       0,  188073,    3072,  486098,  300934,  489170,  492079,    5626,    2717,       0,       0,       0,       0,       0,       0,       0,       0,       0,       0,    8337,       0,    -773,     930,    6711,    7396,    7641,    7553,     696,     784,  100.0,    0.0,   38.0,    0.6,   98.2,   60.8,   98.9,   99.5,    1.1,    0.5,  100.0,    0.0,   38.0,    0.6,   98.2,   60.8,   98.9,   99.5,    1.1,    0.5,    0.0,    0.0,    0.0,    0.0,    0.0,    0.0,    0.0,    0.0,    0.0,    0.0,     75,      0,     14,      3,     39,     44,     42,     58,     75,      0,     14,      3,     39,     44,     42,     58,      0,      0,      0,      0,      0,      0,      0,      0,    57.6,    40.7,    79.3,    54.5,    57.3,    40.5,    78.9,    53.7,    57.6,    40.7,    79.3,    54.5,    57.3,    40.5,    78.9,    53.7,     0.0,     0.0,     0.0,     0.0,     0.0,     0.0,     0.0,     0.0,2500 mmbtu,0233AM,IFED,023 
HSC FIN BASIS - ICE FUTURES ENERGY DIV,260818,2026-08-18,023398,IFED,01,023 ,  879854,   10748,  141910,   24097,  838175,  704127,  873020,  870134,    6834,    9720,  879854,   10748,  141910,   24097,  838175,  704127,  873020,  870134,    6834,    9720,       0,       0,       0,       0,       0,       0,       0,       0,       0,       0,   11615,   -1422,    6198,     472,   13948,    2843,   12998,    9513,   -1383,    2102,  100.0,    1.2,   16.1,    2.7,   95.3,   80.0,   99.2,   98.9,    0.8,    1.1,  100.0,    1.2,   16.1,    2.7,   95.3,   80.0,   99.2,   98.9,    0.8,    1.1,    0.0,    0.0,    0.0,    0.0,    0.0,    0.0,    0.0,    0.0,    0.0,    0.0,     97,      6,     16,      9,     59,     59,     70,     79,     97,      6,     16,      9,     59,     59,     70,     79,      0,      0,      0,      0,      0,      0,      0,      0,    30.1,    27.3,    51.0,    42.6,    29.2,    26.6,    48.2,    41.3,    30.1,    27.3,    51.0,    42.6,    29.2,    26.6,    48.2,    41.3,     0.0,     0.0,     0.0,     0.0,     0.0,     0.0,     0.0,     0.0,"(Contracts of 2,500  MMBTU'S)",023398,IFED,023 
HSC FIN BASIS - ICE FUTURES ENERGY DIV,260825,2026-08-25,023398,IFED,01,023 ,  896328,   11787,  155280,   25572,  852737,  708071,  890096,  888923,    6232,    7405,  896328,   11787,  155280,   25572,  852737,  708071,  890096,  888923,    6232,    7405,       0,       0,       0,       0,       0,       0,       0,       0,       0,       0,   16474,    1039,   13370,    1475,   14562,    3944,   17076,   18789,    -602,   -2315,  100.0,    1.3,   17.3,    2.9,   95.1,   79.0,   99.3,   99.2,    0.7,    0.8,  100.0,    1.3,   17.3,    2.9,   95.1,   79.0,   99.3,   99.2,    0.7,    0.8,    0.0,    0.0,    0.0,    0.0,    0.0,    0.0,    0.0,    0.0,    0.0,    0.0,    100,      6,     18,      9,     60,     60,     72,     81,    100,      6,     18,      9,     60,     60,     72,     81,      0,      0,      0,      0,      0,      0,      0,      0,    29.6,    26.7,    50.2,    42.7,    28.8,    26.0,    47.5,    40.9,    29.6,    26.7,    50.2,    42.7,    28.8,    26.0,    47.5,    40.9,     0.0,     0.0,     0.0,     0.0,     0.0,     0.0,     0.0,     0.0,"(Contracts of 2,500  MMBTU'S)",023398,IFED,023 
ISO NE MASS HUB DA OFF-PK FIXD - ICE FUTURES ENERGY DIV,260818,2026-08-18,0643BF,IFED,01,064 ,   62449,    5860,    7717,    1389,   54820,   53233,   62069,   62339,     380,     110,   62449,    5860,    7717,    1389,   54820,   53233,   62069,   62339,     380,     110,       0,       0,       0,       0,       0,       0,       0,       0,       0,       0,     814,     283,     362,    -107,     591,     555,     767,     810,      47,       4,  100.0,    9.4,   12.4,    2.2,   87.8,   85.2,   99.4,   99.8,    0.6,    0.2,  100.0,    9.4,   12.4,    2.2,   87.8,   85.2,   99.4,   99.8,    0.6,    0.2,    0.0,    0.0,    0.0,    0.0,    0.0,    0.0,    0.0,    0.0,    0.0,    0.0,     49,      5,      9,      7,     28,     23,     37,     35,     49,      5,      9,      7,     28,     23,     37,     35,      0,      0,      0,      0,      0,      0,      0,      0,    43.3,    68.0,    64.9,    79.5,    42.9,    67.4,    63.4,    77.2,    43.3,    68.0,    64.9,    79.5,    42.9,    67.4,    63.4,    77.2,     0.0,     0.0,     0.0,     0.0,     0.0,     0.0,     0.0,     0.0,(1 MW per Hour for about 368 Hours),0643BF,IFED,064 
ISO NE MASS HUB DA OFF-PK FIXD - ICE FUTURES ENERGY DIV,260825,2026-08-25,0643BF,IFED,01,064 ,   63184,    6388,    8132,    1477,   54985,   53526,   62850,   63135,     334,      49,   63184,    6388,    8132,    1477,   54985,   53526,   62850,   63135,     334,      49,       0,       0,       0,       0,       0,       0,       0,       0,       0,       0,     735,     528,     415,      88,     165,     293,     781,     796,     -46,     -61,  100.0,   10.1,   12.9,    2.3,   87.0,   84.7,   99.5,   99.9,    0.5,    0.1,  100.0,   10.1,   12.9,    2.3,   87.0,   84.7,   99.5,   99.9,    0.5,    0.1,    0.0,    0.0,    0.0,    0.0,    0.0,    0.0,    0.0,    0.0,    0.0,    0.0,     52,      7,     10,     10,     28,     23,     40,     38,     52,      7,     10,     10,     28,     23,     40,     38,      0,      0,      0,      0,      0,      0,      0,      0,    42.8,    67.2,    64.9,    78.5,    42.4,    66.6,    63.4,    76.1,    42.8,    67.2,    64.9,    78.5,    42.4,    66.6,    63.4,    76.1,     0.0,     0.0,     0.0,     0.0,     0.0,     0.0,     0.0,     0.0,(1 MW per Hour for about 368 Hours),0643BF,IFED,064 
ISO NE MASS HUB DA PEAK - ICE FUTURES ENERGY DIV,260818,2026-08-18,0643BG,IFED,01,064 ,   88550,    7080,   16819,    3797,   76980,   67627,   87857,   88243,     693,     307,   88550,    7080,   16819,    3797,   76980,   67627,   87857,   88243,     693,     307,       0,       0,       0,       0,       0,       0,       0,       0,       0,       0,    2484,     492,    1898,     264,    1705,     324,    2461,    2486,      23,      -2,  100.0,    8.0,   19.0,    4.3,   86.9,   76.4,   99.2,   99.7,    0.8,    0.3,  100.0,    8.0,   19.0,    4.3,   86.9,   76.4,   99.2,   99.7,    0.8,    0.3,    0.0,    0.0,    0.0,    0.0,    0.0,    0.0,    0.0,    0.0,    0.0,    0.0,     71,     12,     21,     18,     30,     25,     54,     53,     71,     12,     21,     18,     30,     25,     54,     53,      0,      0,      0,      0,      0,      0,      0,      0,    48.0,    61.1,    65.7,    74.1,    47.7,    59.0,    63.1,    70.6,    48.0,    61.1,    65.7,    74.1,    47.7,    59.0,    63.1,    70.6,     0.0,     0.0,     0.0,     0.0,     0.0,     0.0,     0.0,     0.0,(Contracts of 800MWh),0643BG,IFED,064 
ISO NE MASS HUB DA PEAK - ICE FUTURES ENERGY DIV,260825,2026-08-25,0643BG,IFED,01,064 ,   90192,    7885,   17579,    4403,   77197,   67908,   89485,   89890,     707,     302,   90192,    7885,   17579,    4403,   77197,   67908,   89485,   89890,     707,     302,       0,       0,       0,       0,       0,       0,       0,       0,       0,       0,    1642,     805,     760,     606,     217,     281,    1628,    1647,      14,      -5,  100.0,    8.7,   19.5,    4.9,   85.6,   75.3,   99.2,   99.7,    0.8,    0.3,  100.0,    8.7,   19.5,    4.9,   85.6,   75.3,   99.2,   99.7,    0.8,    0.3,    0.0,    0.0,    0.0,    0.0,    0.0,    0.0,    0.0,    0.0,    0.0,    0.0,     70,     12,     21,     18,     29,     25,     51,     54,     70,     12,     21,     18,     29,     25,     51,     54,      0,      0,      0,      0,      0,      0,      0,      0,    47.3,    60.2,    65.3,    74.1,    47.0,    57.9,    62.9,    70.7,    47.3,    60.2,    65.3,    74.1,    47.0,    57.9,    62.9,    70.7,     0.0,     0.0,     0.0,     0.0,     0.0,     0.0,     0.0,     0.0,(Contracts of 800MWh),0643BG,IFED,064 
ISOBUTANE OPIS MT BELV NONTET - ICE FUTURES ENERGY DIV,260818,2026-08-18,066418,IFED,01,066 ,    9047,     419,    1196,       0,    8244,    7168,    8663,    8364,     384,     683,    9047,     419,    1196,       0,    8244,    7168,    8663,    8364,     384,     683,       0,       0,       0,       0,       0,       0,       0,       0,       0,       0,     377,       0,       0,       0,     527,     297,     527,     297,    -150,      80,  100.0,    4.6,   13.2,    0.0,   91.1,   79.2,   95.8,   92.5,    4.2,    7.5,  100.0,    4.6,   13.2,    0.0,   91.1,   79.2,   95.8,   92.5,    4.2,    7.5,    0.0,    0.0,    0.0,    0.0,    0.0,    0.0,    0.0,    0.0,    0.0,    0.0,     27,      1,      1,      0,     16,     13,     17,     14,     27,      1,      1,      0,     16,     13,     17,     14,      0,      0,      0,      0,      0,      0,      0,      0,    51.3,    58.2,    75.5,    83.8,    44.0,    58.2,    66.6,    79.0,    51.3,    58.2,    75.5,    83.8,    44.0,    58.2,    66.6,    79.0,     0.0,     0.0,     0.0,     0.0,     0.0,     0.0,     0.0,     0.0,42000 gallons(1000 barrels),066418,IFED,066 
ISOBUTANE OPIS MT BELV NONTET - ICE FUTURES ENERGY DIV,260825,2026-08-25,066418,IFED,01,066 ,    9316,     451,    1211,       0,    8410,    7320,    8861,    8531,     455,     785,    9316,     451,    1211,       0,    8410,    7320,    8861,    8531,     455,     785,       0,       0,       0,       0,       0,       0,       0,       0,       0,       0,     269,      32,      15,       0,     166,     152,     198,     167,      71,     102,  100.0,    4.8,   13.0,    0.0,   90.3,   78.6,   95.1,   91.6,    4.9,    8.4,  100.0,    4.8,   13.0,    0.0,   90.3,   78.6,   95.1,   91.6,    4.9,    8.4,    0.0,    0.0,    0.0,    0.0,    0.0,    0.0,    0.0,    0.0,    0.0,    0.0,     30,      2,      2,      0,     17,     14,     19,     16,     30,      2,      2,      0,     17,     14,     19,     16,      0,      0,      0,      0,      0,      0,      0,      0,    50.9,    56.7,    72.7,    82.3,    43.4,    56.7,    63.5,    77.1,    50.9,    56.7,    72.7,    82.3,    43.4,    56.7,    63.5,    77.1,     0.0,     0.0,     0.0,     0.0,     0.0,     0.0,     0.0,     0.0,42000 gallons(1000 barrels),066418,IFED,066 
ISONE.H.INTERNAL_HB_mo_off_dap - NODAL EXCHANGE,260818,2026-08-18,064AAB,NODX,01,064 ,   76734,   11977,    2488,     375,   54554,   63731,   66906,   66594,    9828,   10140,   76734,   11977,    2488,     375,   54554,   63731,   66906,   66594,    9828,   10140,       0,       0,       0,       0,       0,       0,       0,       0,       0,       0,     190,       0,     120,       0,      70,     -50,      70,      70,     120,     120,  100.0,   15.6,    3.2,    0.5,   71.1,   83.1,   87.2,   86.8,   12.8,   13.2,  100.0,   15.6,    3.2,    0.5,   71.1,   83.1,   87.2,   86.8,   12.8,   13.2,    0.0,    0.0,    0.0,    0.0,    0.0,    0.0,    0.0,    0.0,    0.0,    0.0,     32,      3,      3,      2,     21,     23,     26,     26,     32,      3,      3,      2,     21,     23,     26,     26,      0,      0,      0,      0,      0,      0,      0,      0,    65.1,    44.3,    78.3,    60.9,    62.5,    40.8,    71.1,    52.3,    65.1,    44.3,    78.3,    60.9,    62.5,    40.8,    71.1,    52.3,     0.0,     0.0,     0.0,     0.0,     0.0,     0.0,     0.0,     0.0,(Contracts of 400 MWh),064AAB,NODX,064 
ISONE.H.INTERNAL_HB_mo_off_dap - NODAL EXCHANGE,260825,2026-08-25,064AAB,NODX,01,064 ,   76874,   11977,    2488,     375,   54694,   63871,   67046,   66734,    9828,   10140,   76874,   11977,    2488,     375,   54694,   63871,   67046,   66734,    9828,   10140,       0,       0,       0,       0,       0,       0,       0,       0,       0,       0,     140,       0,       0,       0,     140,     140,     140,     140,       0,       0,  100.0,   15.6,    3.2,    0.5,   71.1,   83.1,   87.2,   86.8,   12.8,   13.2,  100.0,   15.6,    3.2,    0.5,   71.1,   83.1,   87.2,   86.8,   12.8,   13.2,    0.0,    0.0,    0.0,    0.0,    0.0,    0.0,    0.0,    0.0,    0.0,    0.0,     32,      3,      3,      2,     21,     23,     26,     26,     32,      3,      3,      2,     21,     23,     26,     26,      0,      0,      0,      0,      0,      0,      0,      0,    65.0,    44.2,    78.4,    60.8,    62.5,    40.7,    71.2,    52.4,    65.0,    44.2,    78.4,    60.8,    62.5,    40.7,    71.2,    52.4,     0.0,     0.0,     0.0,     0.0,     0.0,     0.0,     0.0,     0.0,(Contracts of 400 MWh),064AAB,NODX,064 
ISONE.H.INTERNAL_HUB_mo_on_dap - NODAL EXCHANGE,260818,2026-08-18,064AAA,NODX,01,064 ,   83074,   12554,    2040,     465,   58950,   69368,   71969,   71873,   11105,   11201,   83074,   12554,    2040,     465,   58950,   69368,   71969,   71873,   11105,   11201,       0,       0,       0,       0,       0,       0,       0,       0,       0,       0,     275,       0,     120,       0,     155,      35,     155,     155,     120,     120,  100.0,   15.1,    2.5,    0.6,   71.0,   83.5,   86.6,   86.5,   13.4,   13.5,  100.0,   15.1,    2.5,    0.6,   71.0,   83.5,   86.6,   86.5,   13.4,   13.5,    0.0,    0.0,    0.0,    0.0,    0.0,    0.0,    0.0,    0.0,    0.0,    0.0,     32,      3,      3,      2,     22,     23,     27,     26,     32,      3,      3,      2,     22,     23,     27,     26,      0,      0,      0,      0,      0,      0,      0,      0,    65.8,    48.0,    78.5,    63.4,    64.0,    42.1,    71.6,    54.5,    65.8,    48.0,    78.5,    63.4,    64.0,    42.1,    71.6,    54.5,     0.0,     0.0,     0.0,     0.0,     0.0,     0.0,     0.0,     0.0,(Contracts of 400 MWh),064AAA,NODX,064 
ISONE.H.INTERNAL_HUB_mo_on_dap - NODAL EXCHANGE,260825,2026-08-25,064AAA,NODX,01,064 ,   83114,   12554,    2040,     465,   58990,   69408,   72009,   71913,   11105,   11201,   83114,   12554,    2040,     465,   58990,   69408,   72009,   71913,   11105,   11201,       0,       0,       0,       0,       0,       0,       0,       0,       0,       0,      40,       0,       0,       0,      40,      40,      40,      40,       0,       0,  100.0,   15.1,    2.5,    0.6,   71.0,   83.5,   86.6,   86.5,   13.4,   13.5,  100.0,   15.1,    2.5,    0.6,   71.0,   83.5,   86.6,   86.5,   13.4,   13.5,    0.0,    0.0,    0.0,    0.0,    0.0,    0.0,    0.0,    0.0,    0.0,    0.0,     32,      3,      3,      2,     22,     23,     27,     26,     32,      3,      3,      2,     22,     23,     27,     26,      0,      0,      0,      0,      0,      0,      0,      0,    65.8,    47.8,    78.5,    63.3,    63.9,    41.9,    71.6,    54.5,    65.8,    47.8,    78.5,    63.3,    63.9,    41.9,    71.6,    54.5,     0.0,     0.0,     0.0,     0.0,     0.0,     0.0,     0.0,     0.0,(Contracts of 400 MWh),064AAA,NODX,064 
JAPANESE YEN - CHICAGO MERCANTILE EXCHANGE,260818,2026-08-18,097741,CME ,00,097 ,  380811,  128932,  181825,   18465,  200835,  139761,  348232,  340051,   32579,   40760,  380811,  128932,  181825,   18465,  200835,  139761,  348232,  340051,   32579,   40760,       0,       0,       0,       0,       0,       0,       0,       0,       0,       0,  -11063,   -5256,    5552,    3104,   -7458,  -19763,   -9610,  -11107,   -1453,      44,  100.0,   33.9,   47.7,    4.8,   52.7,   36.7,   91.4,   89.3,    8.6,   10.7,  100.0,   33.9,   47.7,    4.8,   52.7,   36.7,   91.4,   89.3,    8.6,   10.7,    0.0,    0.0,    0.0,    0.0,    0.0,    0.0,    0.0,    0.0,    0.0,    0.0,    157,     32,     49,     15,     53,     43,     93,     99,    157,     32,     49,     15,     53,     43,     93,     99,      0,      0,      0,      0,      0,      0,      0,      0,    41.3,    37.3,    59.2,    55.6,    37.0,    34.9,    53.0,    49.9,    41.3,    37.3,    59.2,    55.6,    37.0,    34.9,    53.0,    49.9,     0.0,     0.0,     0.0,     0.0,     0.0,     0.0,     0.0,     0.0,"(CONTRACTS OF JPY 12,500,000)",097741,CME ,097 
JAPANESE YEN - CHICAGO MERCANTILE EXCHANGE,260825,2026-08-25,097741,CME ,00,097 ,  384216,  128340,  191638,   24270,  197062,  129225,  349672,  345133,   34544,   39083,  384216,  128340,  191638,   24270,  197062,  129225,  349672,  345133,   34544,   39083,       0,       0,       0,       0,       0,       0,       0,       0,       0,       0,    3405,    -592,    9813,    5805,   -3773,  -10536,    1440,    5082,    1965,   -1677,  100.0,   33.4,   49.9,    6.3,   51.3,   33.6,   91.0,   89.8,    9.0,   10.2,  100.0,   33.4,   49.9,    6.3,   51.3,   33.6,   91.0,   89.8,    9.0,   10.2,    0.0,    0.0,    0.0,    0.0,    0.0,    0.0,    0.0,    0.0,    0.0,    0.0,    154,     32,     49,     16,     53,     41,     95,     96,    154,     32,     49,     16,     53,     41,     95,     96,      0,      0,      0,      0,      0,      0,      0,      0,    40.8,    37.3,    58.6,    54.4,    36.5,    34.4,    52.0,    48.2,    40.8,    37.3,    58.6,    54.4,    36.5,    34.4,    52.0,    48.2,     0.0,     0.0,     0.0,     0.0,     0.0,     0.0,     0.0,     0.0,"(CONTRACTS OF JPY 12,500,000)",097741,CME ,097 
LEAN HOGS - CHICAGO MERCANTILE EXCHANGE,260818,2026-08-18,054642,CME ,00,054 ,  275817,   72100,  134755,   67369,  118014,   54406,  257483,  256530,   18334,   19287,  137439,   69581,  101622,    5328,   54382,   20722,  129291,  127672,    8148,    9767,  138378,   43362,   73976,   21198,   63632,   33684,  128192,  128858,   10186,    9520,    9998,    -115,    7171,    5679,    3734,   -3339,    9298,    9511,     700,     487,  100.0,   26.1,   48.9,   24.4,   42.8,   19.7,   93.4,   93.0,    6.6,    7.0,  100.0,   50.6,   73.9,    3.9,   39.6,   15.1,   94.1,   92.9,    5.9,    7.1,  100.0,   31.3,   53.5,   15.3,   46.0,   24.3,   92.6,   93.1,    7.4,    6.9,    332,     80,    122,    109,     82,     87,    236,    258,    304,     76,    124,     33,     65,     60,    166,    192,    238,     64,     71,     71,     59,     71,    161,    180,    18.4,    14.8,    29.0,    24.1,    17.5,    13.3,    26.2,    21.7,    24.8,    15.6,    36.8,    27.3,    24.8,    15.6,    36.8,    27.2,    18.5,    22.4,    32.7,    33.1,    18.4,    22.3,    32.6,    33.0,"(CONTRACTS OF 40,000 POUNDS)",054642,CME ,054 
LEAN HOGS - CHICAGO MERCANTILE EXCHANGE,260825,2026-08-25,054642,CME ,00,054 ,  275011,   71531,  137452,   72003,  112181,   47954,  255715,  257409,   19296,   17602,  130515,   67588,  102230,    4722,   50265,   15100,  122575,  122052,    7940,    8463,  144496,   46812,   78091,   24412,   61916,   32854,  133140,  135357,   11356,    9139,    -806,    -569,    2697,    4634,   -5833,   -6452,   -1768,     879,     962,   -1685,  100.0,   26.0,   50.0,   26.2,   40.8,   17.4,   93.0,   93.6,    7.0,    6.4,  100.0,   51.8,   78.3,    3.6,   38.5,   11.6,   93.9,   93.5,    6.1,    6.5,  100.0,   32.4,   54.0,   16.9,   42.8,   22.7,   92.1,   93.7,    7.9,    6.3,    330,     86,    121,    103,     73,     81,    229,    250,    288,     78,    122,     18,     47,     50,    138,    177,    246,     72,     72,     72,     60,     68,    169,    181,    18.4,    14.6,    28.3,    24.0,    17.3,    13.2,    25.5,    21.6,    26.2,    15.9,    38.9,    27.8,    26.2,    15.9,    38.9,    27.8,    17.3,    22.7,    29.8,    33.1,    17.3,    22.6,    29.6,    32.7,"(CONTRACTS OF 40,000 POUNDS)",054642,CME ,054 
"LITECOIN PERP STYLE - COINBASE DERIVATIVES, LLC",260818,2026-08-18,167LM1,FREX,00,180 ,    3135,    2663,    3018,       0,       0,       0,    2663,    3018,     472,     117,    3135,    2663,    3018,       0,       0,       0,    2663,    3018,     472,     117,       0,       0,       0,       0,       0,       0,       0,       0,       0,       0,      73,      50,     123,       0,       0,       0,      50,     123,      23,     -50,  100.0,   84.9,   96.3,    0.0,    0.0,    0.0,   84.9,   96.3,   15.1,    3.7,  100.0,   84.9,   96.3,    0.0,    0.0,    0.0,   84.9,   96.3,   15.1,    3.7,    0.0,    0.0,    0.0,    0.0,    0.0,    0.0,    0.0,    0.0,    0.0,    0.0,     33,     23,     10,      0,      0,      0,     23,     10,     33,     23,     10,      0,      0,      0,     23,     10,      0,      0,      0,      0,      0,      0,      0,      0,    42.6,    81.0,    59.0,    93.9,    42.6,    81.0,    59.0,    93.9,    42.6,    81.0,    59.0,    93.9,    42.6,    81.0,    59.0,    93.9,     0.0,     0.0,     0.0,     0.0,     0.0,     0.0,     0.0,     0.0,(5 Litecoin),167LM1,FREX,180 
"LITECOIN PERP STYLE - COINBASE DERIVATIVES, LLC",260825,2026-08-25,167LM1,FREX,00,180 ,    2942,    2432,    2814,       0,       0,       0,    2432,    2814,     510,     128,    2942,    2432,    2814,       0,       0,       0,    2432,    2814,     510,     128,       0,       0,       0,       0,       0,       0,       0,       0,       0,       0,    -193,    -231,    -204,       0,       0,       0,    -231,    -204,      38,      11,  100.0,   82.7,   95.6,    0.0,    0.0,    0.0,   82.7,   95.6,   17.3,    4.4,  100.0,   82.7,   95.6,    0.0,    0.0,    0.0,   82.7,   95.6,   17.3,    4.4,    0.0,    0.0,    0.0,    0.0,    0.0,    0.0,    0.0,    0.0,    0.0,    0.0,     32,     24,      8,      0,      0,      0,     24,      8,     32,     24,      8,      0,      0,      0,     24,      8,      0,      0,      0,      0,      0,      0,      0,      0,    34.8,    91.5,    51.5,    95.6,    34.8,    91.5,    51.5,    95.6,    34.8,    91.5,    51.5,    95.6,    34.8,    91.5,    51.5,    95.6,     0.0,     0.0,     0.0,     0.0,     0.0,     0.0,     0.0,     0.0,(5 Litecoin),167LM1,FREX,180 
LITHIUM HYDROXIDE - COMMODITY EXCHANGE INC.,260818,2026-08-18,189691,CMX ,01,189 ,   18160,    2797,    8861,    2397,   12731,    6516,   17925,   17774,     235,     386,   18160,    2797,    8861,    2397,   12731,    6516,   17925,   17774,     235,     386,       0,       0,       0,       0,       0,       0,       0,       0,       0,       0,     383,     164,    -122,     200,      49,     275,     413,     353,     -30,      30,  100.0,   15.4,   48.8,   13.2,   70.1,   35.9,   98.7,   97.9,    1.3,    2.1,  100.0,   15.4,   48.8,   13.2,   70.1,   35.9,   98.7,   97.9,    1.3,    2.1,    0.0,    0.0,    0.0,    0.0,    0.0,    0.0,    0.0,    0.0,    0.0,    0.0,     38,      7,     16,     10,     14,     10,     29,     28,     38,      7,     16,     10,     14,     10,     29,     28,      0,      0,      0,      0,      0,      0,      0,      0,    59.4,    53.7,    80.9,    72.5,    57.4,    45.0,    73.3,    63.7,    59.4,    53.7,    80.9,    72.5,    57.4,    45.0,    73.3,    63.7,     0.0,     0.0,     0.0,     0.0,     0.0,     0.0,     0.0,     0.0,(1000) Kilograms,189691,CMX ,189 
LITHIUM HYDROXIDE - COMMODITY EXCHANGE INC.,260825,2026-08-25,189691,CMX ,01,189 ,   18333,    3103,    9045,    2306,   12734,    6581,   18143,   17932,     190,     401,   18333,    3103,    9045,    2306,   12734,    6581,   18143,   17932,     190,     401,       0,       0,       0,       0,       0,       0,       0,       0,       0,       0,     173,     306,     184,     -91,       3,      65,     218,     158,     -45,      15,  100.0,   16.9,   49.3,   12.6,   69.5,   35.9,   99.0,   97.8,    1.0,    2.2,  100.0,   16.9,   49.3,   12.6,   69.5,   35.9,   99.0,   97.8,    1.0,    2.2,    0.0,    0.0,    0.0,    0.0,    0.0,    0.0,    0.0,    0.0,    0.0,    0.0,     39,      7,     17,     11,     14,     10,     30,     29,     39,      7,     17,     11,     14,     10,     30,     29,      0,      0,      0,      0,      0,      0,      0,      0,    59.1,    53.8,    80.5,    72.2,    57.5,    45.4,    73.5,    63.3,    59.1,    53.8,    80.5,    72.2,    57.5,    45.4,    73.5,    63.3,     0.0,     0.0,     0.0,     0.0,     0.0,     0.0,     0.0,     0.0,(1000) Kilograms,189691,CMX ,189 
LIVE CATTLE - CHICAGO MERCANTILE EXCHANGE,260818,2026-08-18,057642,CME ,00,057 ,  280826,   94064,   54480,   55155,  106878,  137280,  256097,  246915,   24729,   33911,  280826,   94064,   54480,   55155,  106878,  137280,  256097,  246915,   24729,   33911,       0,       0,       0,       0,       0,       0,       0,       0,       0,       0,    4201,    -535,    3893,    4988,    1716,   -3043,    6169,    5838,   -1968,   -1637,  100.0,   33.5,   19.4,   19.6,   38.1,   48.9,   91.2,   87.9,    8.8,   12.1,  100.0,   33.5,   19.4,   19.6,   38.1,   48.9,   91.2,   87.9,    8.8,   12.1,    0.0,    0.0,    0.0,    0.0,    0.0,    0.0,    0.0,    0.0,    0.0,    0.0,    377,    117,     65,    111,    108,    140,    280,    280,    377,    117,     65,    111,    108,    140,    280,    280,      0,      0,      0,      0,      0,      0,      0,      0,    15.5,    15.8,    24.8,    24.9,    14.4,    15.6,    22.6,    24.5,    15.5,    15.8,    24.8,    24.9,    14.4,    15.6,    22.6,    24.5,     0.0,     0.0,     0.0,     0.0,     0.0,     0.0,     0.0,     0.0,"(CONTRACTS OF 40,000 POUNDS)",057642,CME ,057 
LIVE CATTLE - CHICAGO MERCANTILE EXCHANGE,260825,2026-08-25,057642,CME ,00,057 ,  288743,   96536,   60690,   61602,  106003,  134578,  264141,  256870,   24602,   31873,  288743,   96536,   60690,   61602,  106003,  134578,  264141,  256870,   24602,   31873,       0,       0,       0,       0,       0,       0,       0,       0,       0,       0,    7917,    2472,    6210,    6447,    -875,   -2702,    8044,    9955,    -127,   -2038,  100.0,   33.4,   21.0,   21.3,   36.7,   46.6,   91.5,   89.0,    8.5,   11.0,  100.0,   33.4,   21.0,   21.3,   36.7,   46.6,   91.5,   89.0,    8.5,   11.0,    0.0,    0.0,    0.0,    0.0,    0.0,    0.0,    0.0,    0.0,    0.0,    0.0,    378,    116,     77,    111,     95,    141,    263,    294,    378,    116,     77,    111,     95,    141,    263,    294,      0,      0,      0,      0,      0,      0,      0,      0,    15.8,    15.0,    24.8,    24.3,    14.1,    14.8,    21.5,    23.5,    15.8,    15.0,    24.8,    24.3,    14.1,    14.8,    21.5,    23.5,     0.0,     0.0,     0.0,     0.0,     0.0,     0.0,     0.0,     0.0,"(CONTRACTS OF 40,000 POUNDS)",057642,CME ,057 
LUMBER - CHICAGO MERCANTILE EXCHANGE,260818,2026-08-18,058644,CME ,00,058 ,    9260,    1864,    6600,     171,    6334,    1690,    8369,    8461,     891,     799,    9260,    1864,    6600,     171,    6334,    1690,    8369,    8461,     891,     799,       0,       0,       0,       0,       0,       0,       0,       0,       0,       0,    1021,     301,    1124,       1,     729,    -232,    1031,     893,     -10,     128,  100.0,   20.1,   71.3,    1.8,   68.4,   18.3,   90.4,   91.4,    9.6,    8.6,  100.0,   20.1,   71.3,    1.8,   68.4,   18.3,   90.4,   91.4,    9.6,    8.6,    0.0,    0.0,    0.0,    0.0,    0.0,    0.0,    0.0,    0.0,    0.0,    0.0,     95,     18,     38,      8,     33,     18,     52,     64,     95,     18,     38,      8,     33,     18,     52,     64,      0,      0,      0,      0,      0,      0,      0,      0,    30.1,    27.4,    48.2,    44.7,    29.1,    27.4,    46.3,    44.7,    30.1,    27.4,    48.2,    44.7,    29.1,    27.4,    46.3,    44.7,     0.0,     0.0,     0.0,     0.0,     0.0,     0.0,     0.0,     0.0,"(CONTRACTS OF 27,500 BOARD FEET)",058644,CME ,058 
LUMBER - CHICAGO MERCANTILE EXCHANGE,260825,2026-08-25,058644,CME ,00,058 ,    9286,    1777,    6855,      45,    6434,    1554,    8256,    8454,    1030,     832,    9286,    1777,    6855,      45,    6434,    1554,    8256,    8454,    1030,     832,       0,       0,       0,       0,       0,       0,       0,       0,       0,       0,      26,     -87,     255,    -126,     100,    -136,    -113,      -7,     139,      33,  100.0,   19.1,   73.8,    0.5,   69.3,   16.7,   88.9,   91.0,   11.1,    9.0,  100.0,   19.1,   73.8,    0.5,   69.3,   16.7,   88.9,   91.0,   11.1,    9.0,    0.0,    0.0,    0.0,    0.0,    0.0,    0.0,    0.0,    0.0,    0.0,    0.0,     88,     14,     40,      1,     30,     10,     44,     51,     88,     14,     40,      1,     30,     10,     44,     51,      0,      0,      0,      0,      0,      0,      0,      0,    31.7,    28.1,    49.1,    46.3,    31.7,    28.1,    48.4,    46.3,    31.7,    28.1,    49.1,    46.3,    31.7,    28.1,    48.4,    46.3,     0.0,     0.0,     0.0,     0.0,     0.0,     0.0,     0.0,     0.0,"(CONTRACTS OF 27,500 BOARD FEET)",058644,CME ,058 
MALIN (BASIS) - ICE FUTURES ENERGY DIV,260818,2026-08-18,0233BH,IFED,01,023 ,  130596,     615,   10127,     765,  119714,  117345,  121094,  128237,    9502,    2359,  130596,     615,   10127,     765,  119714,  117345,  121094,  128237,    9502,    2359,       0,       0,       0,       0,       0,       0,       0,       0,       0,       0,    5295,       0,     122,     -92,    8354,    5725,    8262,    5755,   -2967,    -460,  100.0,    0.5,    7.8,    0.6,   91.7,   89.9,   92.7,   98.2,    7.3,    1.8,  100.0,    0.5,    7.8,    0.6,   91.7,   89.9,   92.7,   98.2,    7.3,    1.8,    0.0,    0.0,    0.0,    0.0,    0.0,    0.0,    0.0,    0.0,    0.0,    0.0,     28,      1,      2,      2,     18,     21,     20,     24,     28,      1,      2,      2,     18,     21,     20,     24,      0,      0,      0,      0,      0,      0,      0,      0,    69.8,    57.9,    82.4,    82.7,    60.0,    52.0,    67.1,    69.7,    69.8,    57.9,    82.4,    82.7,    60.0,    52.0,    67.1,    69.7,     0.0,     0.0,     0.0,     0.0,     0.0,     0.0,     0.0,     0.0,2500 mmbtu,0233BH,IFED,023 
MALIN (BASIS) - ICE FUTURES ENERGY DIV,260825,2026-08-25,0233BH,IFED,01,023 ,  135702,     742,    7786,    3517,  121516,  122278,  125775,  133581,    9927,    2121,  135702,     742,    7786,    3517,  121516,  122278,  125775,  133581,    9927,    2121,       0,       0,       0,       0,       0,       0,       0,       0,       0,       0,    5106,     127,   -2341,    2752,    1802,    4933,    4681,    5344,     425,    -238,  100.0,    0.5,    5.7,    2.6,   89.5,   90.1,   92.7,   98.4,    7.3,    1.6,  100.0,    0.5,    5.7,    2.6,   89.5,   90.1,   92.7,   98.4,    7.3,    1.6,    0.0,    0.0,    0.0,    0.0,    0.0,    0.0,    0.0,    0.0,    0.0,    0.0,     30,      2,      2,      4,     20,     22,     24,     26,     30,      2,      2,      4,     20,     22,     24,     26,      0,      0,      0,      0,      0,      0,      0,      0,    67.8,    59.5,    80.1,    82.1,    59.9,    52.2,    66.9,    69.0,    67.8,    59.5,    80.1,    82.1,    59.9,    52.2,    66.9,    69.0,     0.0,     0.0,     0.0,     0.0,     0.0,     0.0,     0.0,     0.0,2500 mmbtu,0233BH,IFED,023 
MARYLAND COMPLIANCE REC TIER1 - ICE FUTURES ENERGY DIV,260818,2026-08-18,0063DM,IFED,01,006 ,   11641,     300,    4792,     120,   11221,    6729,   11641,   11641,       0,       0,   11641,     300,    4792,     120,   11221,    6729,   11641,   11641,       0,       0,       0,       0,       0,       0,       0,       0,       0,       0,       0,       0,      50,      50,       0,       0,       0,      50,      50,      50,       0,       0,  100.0,    2.6,   41.2,    1.0,   96.4,   57.8,  100.0,  100.0,    0.0,    0.0,  100.0,    2.6,   41.2,    1.0,   96.4,   57.8,  100.0,  100.0,    0.0,    0.0,    0.0,    0.0,    0.0,    0.0,    0.0,    0.0,    0.0,    0.0,    0.0,    0.0,     24,      2,      5,      1,     12,      8,     15,     13,     24,      2,      5,      1,     12,      8,     15,     13,      0,      0,      0,      0,      0,      0,      0,      0,    61.2,    61.4,    85.7,    91.4,    61.2,    61.4,    82.6,    85.8,    61.2,    61.4,    85.7,    91.4,    61.2,    61.4,    82.6,    85.8,     0.0,     0.0,     0.0,     0.0,     0.0,     0.0,     0.0,     0.0,(100 Tier 1 RECs),0063DM,IFED,006 
MARYLAND COMPLIANCE REC TIER1 - ICE FUTURES ENERGY DIV,260825,2026-08-25,0063DM,IFED,01,006 ,   11641,     300,    4792,     120,   11221,    6729,   11641,   11641,       0,       0,   11641,     300,    4792,     120,   11221,    6729,   11641,   11641,       0,       0,       0,       0,       0,       0,       0,       0,       0,       0,       0,       0,       0,       0,       0,       0,       0,       0,       0,       0,       0,       0,  100.0,    2.6,   41.2,    1.0,   96.4,   57.8,  100.0,  100.0,    0.0,    0.0,  100.0,    2.6,   41.2,    1.0,   96.4,   57.8,  100.0,  100.0,    0.0,    0.0,    0.0,    0.0,    0.0,    0.0,    0.0,    0.0,    0.0,    0.0,    0.0,    0.0,     24,      2,      5,      1,     12,      8,     15,     13,     24,      2,      5,      1,     12,      8,     15,     13,      0,      0,      0,      0,      0,      0,      0,      0,    61.2,    61.4,    85.7,    91.4,    61.2,    61.4,    82.6,    85.8,    61.2,    61.4,    85.7,    91.4,    61.2,    61.4,    82.6,    85.8,     0.0,     0.0,     0.0,     0.0,     0.0,     0.0,     0.0,     0.0,(100 Tier 1 RECs),0063DM,IFED,006 
MARYLAND SOLAR REC - ICE FUTURES ENERGY DIV,260818,2026-08-18,0063DN,IFED,01,006 ,   55581,   10750,    3150,       0,   44831,   52431,   55581,   55581,       0,       0,   55581,   10750,    3150,       0,   44831,   52431,   55581,   55581,       0,       0,       0,       0,       0,       0,       0,       0,       0,       0,       0,       0,       0,       0,       0,       0,       0,       0,       0,       0,       0,       0,  100.0,   19.3,    5.7,    0.0,   80.7,   94.3,  100.0,  100.0,    0.0,    0.0,  100.0,   19.3,    5.7,    0.0,   80.7,   94.3,  100.0,  100.0,    0.0,    0.0,    0.0,    0.0,    0.0,    0.0,    0.0,    0.0,    0.0,    0.0,    0.0,    0.0,     22,      3,      3,      0,     10,      7,     13,     10,     22,      3,      3,      0,     10,      7,     13,     10,      0,      0,      0,      0,      0,      0,      0,      0,    74.9,    89.2,    94.7,    98.8,    74.0,    89.2,    92.9,    98.1,    74.9,    89.2,    94.7,    98.8,    74.0,    89.2,    92.9,    98.1,     0.0,     0.0,     0.0,     0.0,     0.0,     0.0,     0.0,     0.0,(10 SRECs),0063DN,IFED,006 
MARYLAND SOLAR REC - ICE FUTURES ENERGY DIV,260825,2026-08-25,0063DN,IFED,01,006 ,   55581,   10750,    3150,       0,   44831,   52431,   55581,   55581,       0,       0,   55581,   10750,    3150,       0,   44831,   52431,   55581,   55581,       0,       0,       0,       0,       0,       0,       0,       0,       0,       0,       0,       0,       0,       0,       0,       0,       0,       0,       0,       0,       0,       0,  100.0,   19.3,    5.7,    0.0,   80.7,   94.3,  100.0,  100.0,    0.0,    0.0,  100.0,   19.3,    5.7,    0.0,   80.7,   94.3,  100.0,  100.0,    0.0,    0.0,    0.0,    0.0,    0.0,    0.0,    0.0,    0.0,    0.0,    0.0,    0.0,    0.0,     22,      3,      3,      0,     10,      7,     13,     10,     22,      3,      3,      0,     10,      7,     13,     10,      0,      0,      0,      0,      0,      0,      0,      0,    74.9,    89.2,    94.7,    98.8,    74.0,    89.2,    92.9,    98.1,    74.9,    89.2,    94.7,    98.8,    74.0,    89.2,    92.9,    98.1,     0.0,     0.0,     0.0,     0.0,     0.0,     0.0,     0.0,     0.0,(10 SRECs),0063DN,IFED,006 
MASS COMPLIANCE RECs CLASS 1 - ICE FUTURES ENERGY DIV,260818,2026-08-18,0063DL,IFED,01,006 ,   20879,       0,   10640,     300,   20579,    9939,   20879,   20879,       0,       0,   20879,       0,   10640,     300,   20579,    9939,   20879,   20879,       0,       0,       0,       0,       0,       0,       0,       0,       0,       0,       0,       0,       0,       0,       0,       0,       0,       0,       0,       0,       0,       0,  100.0,    0.0,   51.0,    1.4,   98.6,   47.6,  100.0,  100.0,    0.0,    0.0,  100.0,    0.0,   51.0,    1.4,   98.6,   47.6,  100.0,  100.0,    0.0,    0.0,    0.0,    0.0,    0.0,    0.0,    0.0,    0.0,    0.0,    0.0,    0.0,    0.0,     24,      0,      7,      1,      9,     12,     10,     19,     24,      0,      7,      1,      9,     12,     10,     19,      0,      0,      0,      0,      0,      0,      0,      0,    90.3,    63.0,    98.9,    82.7,    90.3,    63.0,    94.7,    79.4,    90.3,    63.0,    98.9,    82.7,    90.3,    63.0,    94.7,    79.4,     0.0,     0.0,     0.0,     0.0,     0.0,     0.0,     0.0,     0.0,100 MWh of Class 1 Renewable Energy Cert,0063DL,IFED,006 
MASS COMPLIANCE RECs CLASS 1 - ICE FUTURES ENERGY DIV,260825,2026-08-25,0063DL,IFED,01,006 ,   20879,       0,   10640,     300,   20579,    9939,   20879,   20879,       0,       0,   20879,       0,   10640,     300,   20579,    9939,   20879,   20879,       0,       0,       0,       0,       0,       0,       0,       0,       0,       0,       0,       0,       0,       0,       0,       0,       0,       0,       0,       0,       0,       0,  100.0,    0.0,   51.0,    1.4,   98.6,   47.6,  100.0,  100.0,    0.0,    0.0,  100.0,    0.0,   51.0,    1.4,   98.6,   47.6,  100.0,  100.0,    0.0,    0.0,    0.0,    0.0,    0.0,    0.0,    0.0,    0.0,    0.0,    0.0,    0.0,    0.0,     24,      0,      7,      1,      9,     12,     10,     19,     24,      0,      7,      1,      9,     12,     10,     19,      0,      0,      0,      0,      0,      0,      0,      0,    90.3,    63.0,    98.9,    82.7,    90.3,    63.0,    94.7,    79.4,    90.3,    63.0,    98.9,    82.7,    90.3,    63.0,    94.7,    79.4,     0.0,     0.0,     0.0,     0.0,     0.0,     0.0,     0.0,     0.0,100 MWh of Class 1 Renewable Energy Cert,0063DL,IFED,006 
MEXICAN PESO - CHICAGO MERCANTILE EXCHANGE,260818,2026-08-18,095741,CME ,00,095 ,  284591,  160766,   81314,     742,  114316,  198901,  275824,  280957,    8767,    3634,  284591,  160766,   81314,     742,  114316,  198901,  275824,  280957,    8767,    3634,       0,       0,       0,       0,       0,       0,       0,       0,       0,       0,   25693,   10035,   14256,    -928,   16799,   11645,   25906,   24973,    -213,     720,  100.0,   56.5,   28.6,    0.3,   40.2,   69.9,   96.9,   98.7,    3.1,    1.3,  100.0,   56.5,   28.6,    0.3,   40.2,   69.9,   96.9,   98.7,    3.1,    1.3,    0.0,    0.0,    0.0,    0.0,    0.0,    0.0,    0.0,    0.0,    0.0,    0.0,    215,    101,     31,      7,     47,     41,    152,     75,    215,    101,     31,      7,     47,     41,    152,     75,      0,      0,      0,      0,      0,      0,      0,      0,    23.5,    51.1,    39.4,    74.4,    23.5,    51.1,    39.4,    74.4,    23.5,    51.1,    39.4,    74.4,    23.5,    51.1,    39.4,    74.4,     0.0,     0.0,     0.0,     0.0,     0.0,     0.0,     0.0,     0.0,"(CONTRACTS OF MXN 500,000)",095741,CME ,095 
MEXICAN PESO - CHICAGO MERCANTILE EXCHANGE,260825,2026-08-25,095741,CME ,00,095 ,  286429,  159905,   77523,    1072,  116571,  204970,  277548,  283565,    8881,    2864,  286429,  159905,   77523,    1072,  116571,  204970,  277548,  283565,    8881,    2864,       0,       0,       0,       0,       0,       0,       0,       0,       0,       0,    1838,    -861,   -3791,     330,    2255,    6069,    1724,    2608,     114,    -770,  100.0,   55.8,   27.1,    0.4,   40.7,   71.6,   96.9,   99.0,    3.1,    1.0,  100.0,   55.8,   27.1,    0.4,   40.7,   71.6,   96.9,   99.0,    3.1,    1.0,    0.0,    0.0,    0.0,    0.0,    0.0,    0.0,    0.0,    0.0,    0.0,    0.0,    212,    105,     27,      9,     51,     37,    162,     67,    212,    105,     27,      9,     51,     37,    162,     67,      0,      0,      0,      0,      0,      0,      0,      0,    23.2,    51.4,    39.3,    75.4,    23.2,    51.1,    39.3,    75.1,    23.2,    51.4,    39.3,    75.4,    23.2,    51.1,    39.3,    75.1,     0.0,     0.0,     0.0,     0.0,     0.0,     0.0,     0.0,     0.0,"(CONTRACTS OF MXN 500,000)",095741,CME ,095 
MICHCON BASIS - ICE FUTURES ENERGY DIV,260818,2026-08-18,0233AQ,IFED,01,023 ,  211810,    6201,   23550,    2172,  191558,  177960,  199931,  203682,   11879,    8128,  211810,    6201,   23550,    2172,  191558,  177960,  199931,  203682,   11879,    8128,       0,       0,       0,       0,       0,       0,       0,       0,       0,       0,    6118,     438,    7979,   -1589,    9436,    1886,    8285,    8276,   -2167,   -2158,  100.0,    2.9,   11.1,    1.0,   90.4,   84.0,   94.4,   96.2,    5.6,    3.8,  100.0,    2.9,   11.1,    1.0,   90.4,   84.0,   94.4,   96.2,    5.6,    3.8,    0.0,    0.0,    0.0,    0.0,    0.0,    0.0,    0.0,    0.0,    0.0,    0.0,     55,      5,      6,      4,     33,     40,     39,     49,     55,      5,      6,      4,     33,     40,     39,     49,      0,      0,      0,      0,      0,      0,      0,      0,    52.6,    28.6,    67.3,    49.4,    51.8,    28.0,    63.3,    44.3,    52.6,    28.6,    67.3,    49.4,    51.8,    28.0,    63.3,    44.3,     0.0,     0.0,     0.0,     0.0,     0.0,     0.0,     0.0,     0.0,2500 mmbtu,0233AQ,IFED,023 
MICHCON BASIS - ICE FUTURES ENERGY DIV,260825,2026-08-25,0233AQ,IFED,01,023 ,  213629,    4409,   24923,    3112,  199164,  178945,  206685,  206980,    6944,    6649,  213629,    4409,   24923,    3112,  199164,  178945,  206685,  206980,    6944,    6649,       0,       0,       0,       0,       0,       0,       0,       0,       0,       0,    1819,   -1792,    1373,     940,    7606,     985,    6754,    3298,   -4935,   -1479,  100.0,    2.1,   11.7,    1.5,   93.2,   83.8,   96.7,   96.9,    3.3,    3.1,  100.0,    2.1,   11.7,    1.5,   93.2,   83.8,   96.7,   96.9,    3.3,    3.1,    0.0,    0.0,    0.0,    0.0,    0.0,    0.0,    0.0,    0.0,    0.0,    0.0,     57,      5,      7,      6,     35,     40,     43,     50,     57,      5,      7,      6,     35,     40,     43,     50,      0,      0,      0,      0,      0,      0,      0,      0,    52.2,    29.9,    66.8,    49.2,    50.9,    28.9,    60.8,    45.3,    52.2,    29.9,    66.8,    49.2,    50.9,    28.9,    60.8,    45.3,     0.0,     0.0,     0.0,     0.0,     0.0,     0.0,     0.0,     0.0,2500 mmbtu,0233AQ,IFED,023 
MICHCON FINANCIAL INDEX - ICE FUTURES ENERGY DIV,260818,2026-08-18,0233AN,IFED,01,023 ,   21701,       0,    1733,       0,   20876,   19240,   20876,   20973,     825,     728,   21701,       0,    1733,       0,   20876,   19240,   20876,   20973,     825,     728,       0,       0,       0,       0,       0,       0,       0,       0,       0,       0,    3060,       0,    1330,       0,    2910,    1680,    2910,    3010,     150,      50,  100.0,    0.0,    8.0,    0.0,   96.2,   88.7,   96.2,   96.6,    3.8,    3.4,  100.0,    0.0,    8.0,    0.0,   96.2,   88.7,   96.2,   96.6,    3.8,    3.4,    0.0,    0.0,    0.0,    0.0,    0.0,    0.0,    0.0,    0.0,    0.0,    0.0,     25,      0,      2,      0,     14,     16,     14,     18,     25,      0,      2,      0,     14,     16,     14,     18,      0,      0,      0,      0,      0,      0,      0,      0,    69.4,    46.9,    86.8,    73.3,    63.9,    42.6,    77.6,    64.8,    69.4,    46.9,    86.8,    73.3,    63.9,    42.6,    77.6,    64.8,     0.0,     0.0,     0.0,     0.0,     0.0,     0.0,     0.0,     0.0,"(Contracts of 2,500  MMBTU'S)",0233AN,IFED,023 
MICHCON FINANCIAL INDEX - ICE FUTURES ENERGY DIV,260825,2026-08-25,0233AN,IFED,01,023 ,   23899,     480,    3035,       0,   22596,   19815,   23076,   22850,     823,    1049,   23899,     480,    3035,       0,   22596,   19815,   23076,   22850,     823,    1049,       0,       0,       0,       0,       0,       0,       0,       0,       0,       0,    2198,     480,    1302,       0,    1720,     575,    2200,    1877,      -2,     321,  100.0,    2.0,   12.7,    0.0,   94.5,   82.9,   96.6,   95.6,    3.4,    4.4,  100.0,    2.0,   12.7,    0.0,   94.5,   82.9,   96.6,   95.6,    3.4,    4.4,    0.0,    0.0,    0.0,    0.0,    0.0,    0.0,    0.0,    0.0,    0.0,    0.0,     30,      1,      2,      0,     19,     19,     20,     21,     30,      1,      2,      0,     19,     19,     20,     21,      0,      0,      0,      0,      0,      0,      0,      0,    61.8,    40.0,    76.2,    66.5,    56.0,    38.4,    68.3,    59.1,    61.8,    40.0,    76.2,    66.5,    56.0,    38.4,    68.3,    59.1,     0.0,     0.0,     0.0,     0.0,     0.0,     0.0,     0.0,     0.0,"(Contracts of 2,500  MMBTU'S)",0233AN,IFED,023 
MICRO 10 YEAR YIELD - CHICAGO BOARD OF TRADE,260818,2026-08-18,04360Y,CBT ,00,043 ,    2385,    1813,    1271,      40,     100,      78,    1953,    1389,     432,     996,    2385,    1813,    1271,      40,     100,      78,    1953,    1389,     432,     996,       0,       0,       0,       0,       0,       0,       0,       0,       0,       0,.,.,.,.,.,.,.,.,.,.,  100.0,   76.0,   53.3,    1.7,    4.2,    3.3,   81.9,   58.2,   18.1,   41.8,  100.0,   76.0,   53.3,    1.7,    4.2,    3.3,   81.9,   58.2,   18.1,   41.8,    0.0,    0.0,    0.0,    0.0,    0.0,    0.0,    0.0,    0.0,    0.0,    0.0,     22,      4,     14,      2,      1,      2,      7,     17,     22,      4,     14,      2,      1,      2,      7,     17,      0,      0,      0,      0,      0,      0,      0,      0,    78.7,    36.7,    81.9,    46.9,    78.7,    36.3,    80.2,    46.5,    78.7,    36.7,    81.9,    46.9,    78.7,    36.3,    80.2,    46.5,     0.0,     0.0,     0.0,     0.0,     0.0,     0.0,     0.0,     0.0,(1000 x Index Points),04360Y,CBT ,043 
MICRO 10 YEAR YIELD - CHICAGO BOARD OF TRADE,260825,2026-08-25,04360Y,CBT ,00,043 ,    2351,    1834,    1298,      32,       0,     139,    1866,    1469,     485,     882,    2351,    1834,    1298,      32,       0,     139,    1866,    1469,     485,     882,       0,       0,       0,       0,       0,       0,       0,       0,       0,       0,     -34,      21,      27,      -8,    -100,      61,     -87,      80,      53,    -114,  100.0,   78.0,   55.2,    1.4,    0.0,    5.9,   79.4,   62.5,   20.6,   37.5,  100.0,   78.0,   55.2,    1.4,    0.0,    5.9,   79.4,   62.5,   20.6,   37.5,    0.0,    0.0,    0.0,    0.0,    0.0,    0.0,    0.0,    0.0,    0.0,    0.0,     21,      5,     14,      1,      0,      2,      6,     16,     21,      5,     14,      1,      0,      2,      6,     16,      0,      0,      0,      0,      0,      0,      0,      0,    76.5,    37.2,    79.4,    51.0,    76.5,    37.2,    78.0,    49.6,    76.5,    37.2,    79.4,    51.0,    76.5,    37.2,    78.0,    49.6,     0.0,     0.0,     0.0,     0.0,     0.0,     0.0,     0.0,     0.0,(1000 x Index Points),04360Y,CBT ,043 
MICRO BITCOIN - CHICAGO MERCANTILE EXCHANGE,260818,2026-08-18,133742,CME ,00,133 ,   32133,   25181,   25039,    2154,     171,    2575,   27506,   29768,    4627,    2365,   32133,   25181,   25039,    2154,     171,    2575,   27506,   29768,    4627,    2365,       0,       0,       0,       0,       0,       0,       0,       0,       0,       0,    3943,    2485,     829,    1127,       0,    2009,    3612,    3965,     331,     -22,  100.0,   78.4,   77.9,    6.7,    0.5,    8.0,   85.6,   92.6,   14.4,    7.4,  100.0,   78.4,   77.9,    6.7,    0.5,    8.0,   85.6,   92.6,   14.4,    7.4,    0.0,    0.0,    0.0,    0.0,    0.0,    0.0,    0.0,    0.0,    0.0,    0.0,    192,    107,     81,     13,      2,      2,    116,     89,    192,    107,     81,     13,      2,      2,    116,     89,      0,      0,      0,      0,      0,      0,      0,      0,    45.5,    46.1,    55.7,    62.0,    40.9,    45.7,    50.5,    59.4,    45.5,    46.1,    55.7,    62.0,    40.9,    45.7,    50.5,    59.4,     0.0,     0.0,     0.0,     0.0,     0.0,     0.0,     0.0,     0.0,(Bitcoin X $0.10),133742,CME ,133 
MICRO BITCOIN - CHICAGO MERCANTILE EXCHANGE,260825,2026-08-25,133742,CME ,00,133 ,   37171,   26803,   30540,    4017,     258,     141,   31078,   34698,    6093,    2473,   37171,   26803,   30540,    4017,     258,     141,   31078,   34698,    6093,    2473,       0,       0,       0,       0,       0,       0,       0,       0,       0,       0,    5038,    1622,    5501,    1863,      87,   -2434,    3572,    4930,    1466,     108,  100.0,   72.1,   82.2,   10.8,    0.7,    0.4,   83.6,   93.3,   16.4,    6.7,  100.0,   72.1,   82.2,   10.8,    0.7,    0.4,   83.6,   93.3,   16.4,    6.7,    0.0,    0.0,    0.0,    0.0,    0.0,    0.0,    0.0,    0.0,    0.0,    0.0,    206,    127,     74,     16,      3,      2,    138,     84,    206,    127,     74,     16,      3,      2,    138,     84,      0,      0,      0,      0,      0,      0,      0,      0,    44.5,    58.5,    54.6,    72.3,    39.6,    54.5,    48.3,    64.5,    44.5,    58.5,    54.6,    72.3,    39.6,    54.5,    48.3,    64.5,     0.0,     0.0,     0.0,     0.0,     0.0,     0.0,     0.0,     0.0,(Bitcoin X $0.10),133742,CME ,133 
MICRO E-MINI DJIA (x$0.5) - CHICAGO BOARD OF TRADE,260818,2026-08-18,124608,CBT ,00,124 ,   43665,   23616,    4224,    1452,     334,   30667,   25402,   36343,   18263,    7322,   43665,   23616,    4224,    1452,     334,   30667,   25402,   36343,   18263,    7322,       0,       0,       0,       0,       0,       0,       0,       0,       0,       0,.,.,.,.,.,.,.,.,.,.,  100.0,   54.1,    9.7,    3.3,    0.8,   70.2,   58.2,   83.2,   41.8,   16.8,  100.0,   54.1,    9.7,    3.3,    0.8,   70.2,   58.2,   83.2,   41.8,   16.8,    0.0,    0.0,    0.0,    0.0,    0.0,    0.0,    0.0,    0.0,    0.0,    0.0,     22,     12,      7,      6,      1,      2,     17,     11,     22,     12,      7,      6,      1,      2,     17,     11,      0,      0,      0,      0,      0,      0,      0,      0,    47.6,    77.2,    54.3,    81.7,    45.5,    76.6,    52.0,    79.9,    47.6,    77.2,    54.3,    81.7,    45.5,    76.6,    52.0,    79.9,     0.0,     0.0,     0.0,     0.0,     0.0,     0.0,     0.0,     0.0,($0.5 X DJIA INDEX),124608,CBT ,124 
MICRO E-MINI NASDAQ-100 INDEX - CHICAGO MERCANTILE EXCHANGE,260818,2026-08-18,209747,CME ,00,209 ,  203158,   72868,   89375,    5389,   74671,   10971,  152928,  105735,   50230,   97423,  203158,   72868,   89375,    5389,   74671,   10971,  152928,  105735,   50230,   97423,       0,       0,       0,       0,       0,       0,       0,       0,       0,       0,    6382,    5528,  -13997,     343,   -5006,    5853,     865,   -7801,    5517,   14183,  100.0,   35.9,   44.0,    2.7,   36.8,    5.4,   75.3,   52.0,   24.7,   48.0,  100.0,   35.9,   44.0,    2.7,   36.8,    5.4,   75.3,   52.0,   24.7,   48.0,    0.0,    0.0,    0.0,    0.0,    0.0,    0.0,    0.0,    0.0,    0.0,    0.0,     74,     28,     21,     13,     17,     10,     51,     38,     74,     28,     21,     13,     17,     10,     51,     38,      0,      0,      0,      0,      0,      0,      0,      0,    57.2,    36.8,    65.7,    42.7,    55.8,    36.3,    64.4,    42.2,    57.2,    36.8,    65.7,    42.7,    55.8,    36.3,    64.4,    42.2,     0.0,     0.0,     0.0,     0.0,     0.0,     0.0,     0.0,     0.0,(NASDAQ 100 STOCK INDEX x $2),209747,CME ,209 
MICRO E-MINI NASDAQ-100 INDEX - CHICAGO MERCANTILE EXCHANGE,260825,2026-08-25,209747,CME ,00,209 ,  202030,   83105,   72233,    5263,   59674,    5885,  148042,   83381,   53988,  118649,  202030,   83105,   72233,    5263,   59674,    5885,  148042,   83381,   53988,  118649,       0,       0,       0,       0,       0,       0,       0,       0,       0,       0,   -1128,   10237,  -17142,    -126,  -14997,   -5086,   -4886,  -22354,    3758,   21226,  100.0,   41.1,   35.8,    2.6,   29.5,    2.9,   73.3,   41.3,   26.7,   58.7,  100.0,   41.1,   35.8,    2.6,   29.5,    2.9,   73.3,   41.3,   26.7,   58.7,    0.0,    0.0,    0.0,    0.0,    0.0,    0.0,    0.0,    0.0,    0.0,    0.0,     66,     26,     18,     12,     18,      6,     48,     32,     66,     26,     18,     12,     18,      6,     48,     32,      0,      0,      0,      0,      0,      0,      0,      0,    53.7,    30.6,    63.1,    36.0,    52.6,    30.1,    61.4,    35.5,    53.7,    30.6,    63.1,    36.0,    52.6,    30.1,    61.4,    35.5,     0.0,     0.0,     0.0,     0.0,     0.0,     0.0,     0.0,     0.0,(NASDAQ 100 STOCK INDEX x $2),209747,CME ,209 
MICRO E-MINI RUSSELL 2000 INDX - CHICAGO MERCANTILE EXCHANGE,260818,2026-08-18,239747,CME ,00,239 ,   30091,    4983,   20689,     299,    9820,    2405,   15102,   23393,   14989,    6698,   30091,    4983,   20689,     299,    9820,    2405,   15102,   23393,   14989,    6698,       0,       0,       0,       0,       0,       0,       0,       0,       0,       0,    1913,     184,    1947,    -115,     310,     636,     379,    2468,    1534,    -555,  100.0,   16.6,   68.8,    1.0,   32.6,    8.0,   50.2,   77.7,   49.8,   22.3,  100.0,   16.6,   68.8,    1.0,   32.6,    8.0,   50.2,   77.7,   49.8,   22.3,    0.0,    0.0,    0.0,    0.0,    0.0,    0.0,    0.0,    0.0,    0.0,    0.0,     30,      6,     11,      4,     12,      1,     20,     14,     30,      6,     11,      4,     12,      1,     20,     14,      0,      0,      0,      0,      0,      0,      0,      0,    32.7,    68.6,    40.3,    74.2,    32.7,    68.6,    39.7,    74.2,    32.7,    68.6,    40.3,    74.2,    32.7,    68.6,    39.7,    74.2,     0.0,     0.0,     0.0,     0.0,     0.0,     0.0,     0.0,     0.0,(RUSSEL 2000 INDEX X $0.5),239747,CME ,239 
MICRO E-MINI RUSSELL 2000 INDX - CHICAGO MERCANTILE EXCHANGE,260825,2026-08-25,239747,CME ,00,239 ,   31639,    6450,   22568,     439,   10067,    3117,   16956,   26124,   14683,    5515,   31639,    6450,   22568,     439,   10067,    3117,   16956,   26124,   14683,    5515,       0,       0,       0,       0,       0,       0,       0,       0,       0,       0,    1548,    1467,    1879,     140,     247,     712,    1854,    2731,    -306,   -1183,  100.0,   20.4,   71.3,    1.4,   31.8,    9.9,   53.6,   82.6,   46.4,   17.4,  100.0,   20.4,   71.3,    1.4,   31.8,    9.9,   53.6,   82.6,   46.4,   17.4,    0.0,    0.0,    0.0,    0.0,    0.0,    0.0,    0.0,    0.0,    0.0,    0.0,     32,      9,      9,      5,     12,      2,     23,     14,     32,      9,      9,      5,     12,      2,     23,     14,      0,      0,      0,      0,      0,      0,      0,      0,    32.4,    69.3,    40.0,    78.3,    32.4,    69.3,    39.3,    78.0,    32.4,    69.3,    40.0,    78.3,    32.4,    69.3,    39.3,    78.0,     0.0,     0.0,     0.0,     0.0,     0.0,     0.0,     0.0,     0.0,(RUSSEL 2000 INDEX X $0.5),239747,CME ,239 
MICRO E-MINI S&P 500 INDEX - CHICAGO MERCANTILE EXCHANGE,260818,2026-08-18,13874U,CME ,00,138 ,  268118,   69838,  121598,     673,  112589,   10774,  183100,  133045,   85018,  135073,  268118,   69838,  121598,     673,  112589,   10774,  183100,  133045,   85018,  135073,       0,       0,       0,       0,       0,       0,       0,       0,       0,       0,   -4604,  -24156,  -10863,    -505,   16726,    2358,   -7935,   -9010,    3331,    4406,  100.0,   26.0,   45.4,    0.3,   42.0,    4.0,   68.3,   49.6,   31.7,   50.4,  100.0,   26.0,   45.4,    0.3,   42.0,    4.0,   68.3,   49.6,   31.7,   50.4,    0.0,    0.0,    0.0,    0.0,    0.0,    0.0,    0.0,    0.0,    0.0,    0.0,     35,      8,      8,      6,     16,      7,     29,     16,     35,      8,      8,      6,     16,      7,     29,     16,      0,      0,      0,      0,      0,      0,      0,      0,    52.9,    44.2,    58.4,    47.7,    52.9,    44.0,    58.4,    47.2,    52.9,    44.2,    58.4,    47.7,    52.9,    44.0,    58.4,    47.2,     0.0,     0.0,     0.0,     0.0,     0.0,     0.0,     0.0,     0.0,($5 X S&P 500 INDEX),13874U,CME ,138 
MICRO E-MINI S&P 500 INDEX - CHICAGO MERCANTILE EXCHANGE,260825,2026-08-25,13874U,CME ,00,138 ,  292624,   47278,  149085,    1616,  156890,    6499,  205784,  157200,   86840,  135424,  292624,   47278,  149085,    1616,  156890,    6499,  205784,  157200,   86840,  135424,       0,       0,       0,       0,       0,       0,       0,       0,       0,       0,   24506,  -22560,   27487,     943,   44301,   -4275,   22684,   24155,    1822,     351,  100.0,   16.2,   50.9,    0.6,   53.6,    2.2,   70.3,   53.7,   29.7,   46.3,  100.0,   16.2,   50.9,    0.6,   53.6,    2.2,   70.3,   53.7,   29.7,   46.3,    0.0,    0.0,    0.0,    0.0,    0.0,    0.0,    0.0,    0.0,    0.0,    0.0,     32,      8,     10,      6,     14,      5,     27,     16,     32,      8,     10,      6,     14,      5,     27,     16,      0,      0,      0,      0,      0,      0,      0,      0,    57.7,    46.3,    62.2,    51.5,    57.7,    46.1,    62.2,    51.1,    57.7,    46.3,    62.2,    51.5,    57.7,    46.1,    62.2,    51.1,     0.0,     0.0,     0.0,     0.0,     0.0,     0.0,     0.0,     0.0,($5 X S&P 500 INDEX),13874U,CME ,138 
MICRO ETHER - CHICAGO MERCANTILE EXCHANGE,260818,2026-08-18,146022,CME ,00,146 ,   47109,   44829,   44579,     600,       0,    1590,   45429,   46769,    1680,     340,   47109,   44829,   44579,     600,       0,    1590,   45429,   46769,    1680,     340,       0,       0,       0,       0,       0,       0,       0,       0,       0,       0,    5038,    5357,    3339,     137,    -631,    1590,    4863,    5066,     175,     -28,  100.0,   95.2,   94.6,    1.3,    0.0,    3.4,   96.4,   99.3,    3.6,    0.7,  100.0,   95.2,   94.6,    1.3,    0.0,    3.4,   96.4,   99.3,    3.6,    0.7,    0.0,    0.0,    0.0,    0.0,    0.0,    0.0,    0.0,    0.0,    0.0,    0.0,    198,    136,     60,     11,      0,      1,    143,     66,    198,    136,     60,     11,      0,      1,    143,     66,      0,      0,      0,      0,      0,      0,      0,      0,    36.6,    66.0,    49.1,    77.7,    36.4,    66.0,    48.9,    77.7,    36.6,    66.0,    49.1,    77.7,    36.4,    66.0,    48.9,    77.7,     0.0,     0.0,     0.0,     0.0,     0.0,     0.0,     0.0,     0.0,(0.1 Index Points),146022,CME ,146 
MICRO ETHER - CHICAGO MERCANTILE EXCHANGE,260825,2026-08-25,146022,CME ,00,146 ,   52055,   41060,   41100,    8195,     600,    2063,   49855,   51358,    2200,     697,   52055,   41060,   41100,    8195,     600,    2063,   49855,   51358,    2200,     697,       0,       0,       0,       0,       0,       0,       0,       0,       0,       0,    4946,   -3769,   -3479,    7595,     600,     473,    4426,    4589,     520,     357,  100.0,   78.9,   79.0,   15.7,    1.2,    4.0,   95.8,   98.7,    4.2,    1.3,  100.0,   78.9,   79.0,   15.7,    1.2,    4.0,   95.8,   98.7,    4.2,    1.3,    0.0,    0.0,    0.0,    0.0,    0.0,    0.0,    0.0,    0.0,    0.0,    0.0,    220,    158,     60,     12,      1,      1,    166,     66,    220,    158,     60,     12,      1,      1,    166,     66,      0,      0,      0,      0,      0,      0,      0,      0,    44.9,    64.4,    55.8,    77.0,    34.9,    54.1,    42.9,    64.3,    44.9,    64.4,    55.8,    77.0,    34.9,    54.1,    42.9,    64.3,     0.0,     0.0,     0.0,     0.0,     0.0,     0.0,     0.0,     0.0,(0.1 Index Points),146022,CME ,146 
MICRO GOLD - COMMODITY EXCHANGE INC.,260818,2026-08-18,088695,CMX ,01,088 ,   63633,   16602,   35893,    4005,    7212,       0,   27819,   39898,   35814,   23735,   63633,   16602,   35893,    4005,    7212,       0,   27819,   39898,   35814,   23735,       0,       0,       0,       0,       0,       0,       0,       0,       0,       0,    2221,    2424,    6778,   -1884,     215,       0,     755,    4894,    1466,   -2673,  100.0,   26.1,   56.4,    6.3,   11.3,    0.0,   43.7,   62.7,   56.3,   37.3,  100.0,   26.1,   56.4,    6.3,   11.3,    0.0,   43.7,   62.7,   56.3,   37.3,    0.0,    0.0,    0.0,    0.0,    0.0,    0.0,    0.0,    0.0,    0.0,    0.0,     35,     20,     12,     12,      3,      0,     29,     18,     35,     20,     12,     12,      3,      0,     29,     18,      0,      0,      0,      0,      0,      0,      0,      0,    23.3,    50.5,    29.7,    59.5,    23.2,    49.2,    28.7,    54.9,    23.3,    50.5,    29.7,    59.5,    23.2,    49.2,    28.7,    54.9,     0.0,     0.0,     0.0,     0.0,     0.0,     0.0,     0.0,     0.0,(CONTRACTS OF 10 TROY OUNCES),088695,CMX ,088 
MICRO GOLD - COMMODITY EXCHANGE INC.,260825,2026-08-25,088695,CMX ,01,088 ,   70928,   19759,   38548,    6254,    7297,       0,   33310,   44802,   37618,   26126,   70928,   19759,   38548,    6254,    7297,       0,   33310,   44802,   37618,   26126,       0,       0,       0,       0,       0,       0,       0,       0,       0,       0,    7295,    3157,    2655,    2249,      85,       0,    5491,    4904,    1804,    2391,  100.0,   27.9,   54.3,    8.8,   10.3,    0.0,   47.0,   63.2,   53.0,   36.8,  100.0,   27.9,   54.3,    8.8,   10.3,    0.0,   47.0,   63.2,   53.0,   36.8,    0.0,    0.0,    0.0,    0.0,    0.0,    0.0,    0.0,    0.0,    0.0,    0.0,     39,     22,     14,     12,      3,      0,     30,     21,     39,     22,     14,     12,      3,      0,     30,     21,      0,      0,      0,      0,      0,      0,      0,      0,    26.9,    48.0,    35.5,    57.9,    24.5,    47.6,    30.3,    52.1,    26.9,    48.0,    35.5,    57.9,    24.5,    47.6,    30.3,    52.1,     0.0,     0.0,     0.0,     0.0,     0.0,     0.0,     0.0,     0.0,(CONTRACTS OF 10 TROY OUNCES),088695,CMX ,088 
MICRO SOL - CHICAGO MERCANTILE EXCHANGE,260818,2026-08-18,177742,CME ,00,177 ,    1564,    1146,    1309,      52,       0,       0,    1198,    1361,     366,     203,    1564,    1146,    1309,      52,       0,       0,    1198,    1361,     366,     203,       0,       0,       0,       0,       0,       0,       0,       0,       0,       0,    -123,    -199,    -142,       6,       0,       0,    -193,    -136,      70,      13,  100.0,   73.3,   83.7,    3.3,    0.0,    0.0,   76.6,   87.0,   23.4,   13.0,  100.0,   73.3,   83.7,    3.3,    0.0,    0.0,   76.6,   87.0,   23.4,   13.0,    0.0,    0.0,    0.0,    0.0,    0.0,    0.0,    0.0,    0.0,    0.0,    0.0,     21,      9,     12,      2,      0,      0,      9,     14,     21,      9,     12,      2,      0,      0,      9,     14,      0,      0,      0,      0,      0,      0,      0,      0,    65.5,    52.4,    75.0,    70.8,    62.2,    52.4,    71.7,    70.8,    65.5,    52.4,    75.0,    70.8,    62.2,    52.4,    71.7,    70.8,     0.0,     0.0,     0.0,     0.0,     0.0,     0.0,     0.0,     0.0,"(25 SOL, defined by CME CF Solana-Dollar",177742,CME ,177 
MICRO SOL - CHICAGO MERCANTILE EXCHANGE,260825,2026-08-25,177742,CME ,00,177 ,    2043,    1321,    1654,     210,       0,       0,    1531,    1864,     512,     179,    2043,    1321,    1654,     210,       0,       0,    1531,    1864,     512,     179,       0,       0,       0,       0,       0,       0,       0,       0,       0,       0,     479,     175,     345,     158,       0,       0,     333,     503,     146,     -24,  100.0,   64.7,   81.0,   10.3,    0.0,    0.0,   74.9,   91.2,   25.1,    8.8,  100.0,   64.7,   81.0,   10.3,    0.0,    0.0,   74.9,   91.2,   25.1,    8.8,    0.0,    0.0,    0.0,    0.0,    0.0,    0.0,    0.0,    0.0,    0.0,    0.0,     24,     12,     12,      2,      0,      0,     13,     13,     24,     12,     12,      2,      0,      0,     13,     13,      0,      0,      0,      0,      0,      0,      0,      0,    55.8,    61.0,    67.7,    79.6,    45.9,    56.9,    57.8,    73.1,    55.8,    61.0,    67.7,    79.6,    45.9,    56.9,    57.8,    73.1,     0.0,     0.0,     0.0,     0.0,     0.0,     0.0,     0.0,     0.0,"(25 SOL, defined by CME CF Solana-Dollar",177742,CME ,177 
MID-C DAY-AHEAD OFF-PEAK - ICE FUTURES ENERGY DIV,260818,2026-08-18,064392,IFED,01,064 ,   29747,    4090,    6912,     746,   24134,   21854,   28970,   29512,     777,     235,   29747,    4090,    6912,     746,   24134,   21854,   28970,   29512,     777,     235,       0,       0,       0,       0,       0,       0,       0,       0,       0,       0,     768,     413,     748,    -414,     769,     474,     768,     808,       0,     -40,  100.0,   13.7,   23.2,    2.5,   81.1,   73.5,   97.4,   99.2,    2.6,    0.8,  100.0,   13.7,   23.2,    2.5,   81.1,   73.5,   97.4,   99.2,    2.6,    0.8,    0.0,    0.0,    0.0,    0.0,    0.0,    0.0,    0.0,    0.0,    0.0,    0.0,     42,      5,      8,      6,     25,     26,     33,     37,     42,      5,      8,      6,     25,     26,     33,     37,      0,      0,      0,      0,      0,      0,      0,      0,    42.6,    44.5,    62.7,    72.5,    32.4,    41.5,    48.6,    59.9,    42.6,    44.5,    62.7,    72.5,    32.4,    41.5,    48.6,    59.9,     0.0,     0.0,     0.0,     0.0,     0.0,     0.0,     0.0,     0.0,(Contracts of about 352 MWh),064392,IFED,064 
MID-C DAY-AHEAD OFF-PEAK - ICE FUTURES ENERGY DIV,260825,2026-08-25,064392,IFED,01,064 ,   30211,    4240,    6714,     815,   24425,   22438,   29480,   29967,     731,     244,   30211,    4240,    6714,     815,   24425,   22438,   29480,   29967,     731,     244,       0,       0,       0,       0,       0,       0,       0,       0,       0,       0,     464,     150,    -198,      69,     291,     584,     510,     455,     -46,       9,  100.0,   14.0,   22.2,    2.7,   80.8,   74.3,   97.6,   99.2,    2.4,    0.8,  100.0,   14.0,   22.2,    2.7,   80.8,   74.3,   97.6,   99.2,    2.4,    0.8,    0.0,    0.0,    0.0,    0.0,    0.0,    0.0,    0.0,    0.0,    0.0,    0.0,     43,      5,      8,      6,     27,     27,     35,     38,     43,      5,      8,      6,     27,     27,     35,     38,      0,      0,      0,      0,      0,      0,      0,      0,    40.7,    44.1,    60.7,    72.2,    30.2,    40.9,    46.2,    58.7,    40.7,    44.1,    60.7,    72.2,    30.2,    40.9,    46.2,    58.7,     0.0,     0.0,     0.0,     0.0,     0.0,     0.0,     0.0,     0.0,(Contracts of about 352 MWh),064392,IFED,064 
MID-C DAY-AHEAD PEAK - ICE FUTURES ENERGY DIV,260818,2026-08-18,064391,IFED,01,064 ,   45720,    3896,    6747,    4696,   36523,   34180,   45115,   45623,     605,      97,   45720,    3896,    6747,    4696,   36523,   34180,   45115,   45623,     605,      97,       0,       0,       0,       0,       0,       0,       0,       0,       0,       0,    1218,      90,      80,     619,     509,     570,    1218,    1269,       0,     -51,  100.0,    8.5,   14.8,   10.3,   79.9,   74.8,   98.7,   99.8,    1.3,    0.2,  100.0,    8.5,   14.8,   10.3,   79.9,   74.8,   98.7,   99.8,    1.3,    0.2,    0.0,    0.0,    0.0,    0.0,    0.0,    0.0,    0.0,    0.0,    0.0,    0.0,     61,      9,     15,     12,     33,     32,     47,     54,     61,      9,     15,     12,     33,     32,     47,     54,      0,      0,      0,      0,      0,      0,      0,      0,    37.0,    43.2,    58.1,    66.6,    33.6,    41.7,    45.9,    59.0,    37.0,    43.2,    58.1,    66.6,    33.6,    41.7,    45.9,    59.0,     0.0,     0.0,     0.0,     0.0,     0.0,     0.0,     0.0,     0.0,(Contracts of about 400 MWh),064391,IFED,064 
MID-C DAY-AHEAD PEAK - ICE FUTURES ENERGY DIV,260825,2026-08-25,064391,IFED,01,064 ,   46064,    3847,    7238,    4457,   37142,   34257,   45446,   45952,     618,     112,   46064,    3847,    7238,    4457,   37142,   34257,   45446,   45952,     618,     112,       0,       0,       0,       0,       0,       0,       0,       0,       0,       0,     344,     -49,     491,    -239,     619,      77,     331,     329,      13,      15,  100.0,    8.4,   15.7,    9.7,   80.6,   74.4,   98.7,   99.8,    1.3,    0.2,  100.0,    8.4,   15.7,    9.7,   80.6,   74.4,   98.7,   99.8,    1.3,    0.2,    0.0,    0.0,    0.0,    0.0,    0.0,    0.0,    0.0,    0.0,    0.0,    0.0,     60,      9,     14,     11,     33,     32,     46,     53,     60,      9,     14,     11,     33,     32,     46,     53,      0,      0,      0,      0,      0,      0,      0,      0,    37.8,    41.8,    58.0,    65.1,    34.5,    40.3,    46.7,    57.1,    37.8,    41.8,    58.0,    65.1,    34.5,    40.3,    46.7,    57.1,     0.0,     0.0,     0.0,     0.0,     0.0,     0.0,     0.0,     0.0,(Contracts of about 400 MWh),064391,IFED,064 
"MILK, Class III - CHICAGO MERCANTILE EXCHANGE",260818,2026-08-18,052641,CME ,00,052 ,   30277,    2825,   11790,    2255,   22887,   12445,   27967,   26490,    2310,    3787,   30277,    2825,   11790,    2255,   22887,   12445,   27967,   26490,    2310,    3787,       0,       0,       0,       0,       0,       0,       0,       0,       0,       0,    1345,      87,     835,     676,     576,      -4,    1339,    1507,       6,    -162,  100.0,    9.3,   38.9,    7.4,   75.6,   41.1,   92.4,   87.5,    7.6,   12.5,  100.0,    9.3,   38.9,    7.4,   75.6,   41.1,   92.4,   87.5,    7.6,   12.5,    0.0,    0.0,    0.0,    0.0,    0.0,    0.0,    0.0,    0.0,    0.0,    0.0,     85,      8,     33,     13,     30,     24,     48,     60,     85,      8,     33,     13,     30,     24,     48,     60,      0,      0,      0,      0,      0,      0,      0,      0,    46.0,    24.9,    62.0,    43.0,    46.0,    23.2,    62.0,    38.7,    46.0,    24.9,    62.0,    43.0,    46.0,    23.2,    62.0,    38.7,     0.0,     0.0,     0.0,     0.0,     0.0,     0.0,     0.0,     0.0,"(CONTRACTS OF 200,000 POUNDS)",052641,CME ,052 
"MILK, Class III - CHICAGO MERCANTILE EXCHANGE",260825,2026-08-25,052641,CME ,00,052 ,   31733,    3125,   12121,    2649,   23567,   12878,   29341,   27648,    2392,    4085,   31733,    3125,   12121,    2649,   23567,   12878,   29341,   27648,    2392,    4085,       0,       0,       0,       0,       0,       0,       0,       0,       0,       0,    1456,     300,     331,     394,     680,     433,    1374,    1158,      82,     298,  100.0,    9.8,   38.2,    8.3,   74.3,   40.6,   92.5,   87.1,    7.5,   12.9,  100.0,    9.8,   38.2,    8.3,   74.3,   40.6,   92.5,   87.1,    7.5,   12.9,    0.0,    0.0,    0.0,    0.0,    0.0,    0.0,    0.0,    0.0,    0.0,    0.0,     90,     10,     32,     14,     37,     25,     58,     60,     90,     10,     32,     14,     37,     25,     58,     60,      0,      0,      0,      0,      0,      0,      0,      0,    44.2,    25.4,    60.0,    43.0,    44.2,    22.1,    60.0,    37.9,    44.2,    25.4,    60.0,    43.0,    44.2,    22.1,    60.0,    37.9,     0.0,     0.0,     0.0,     0.0,     0.0,     0.0,     0.0,     0.0,"(CONTRACTS OF 200,000 POUNDS)",052641,CME ,052 
MINI SOYBEANS - CHICAGO BOARD OF TRADE,260818,2026-08-18,005603,CBT ,00,005 ,   26454,   22302,    1480,     366,      12,   11185,   22680,   13031,    3774,   13423,   25228,   21906,    1475,     366,      12,   10369,   22284,   12210,    2944,   13018,    1226,     396,       5,       0,       0,     816,     396,     821,     830,     405,     -16,     510,    -161,     -23,       5,      26,     492,    -158,    -508,     142,  100.0,   84.3,    5.6,    1.4,    0.0,   42.3,   85.7,   49.3,   14.3,   50.7,  100.0,   86.8,    5.8,    1.5,    0.0,   41.1,   88.3,   48.4,   11.7,   51.6,  100.0,   32.3,    0.4,    0.0,    0.0,   66.6,   32.3,   67.0,   67.7,   33.0,     29,      7,      5,      6,      2,     17,     10,     27,     29,      7,      5,      6,      2,     17,     10,     27,     17,      2,      1,      0,      0,     14,      2,     15,    78.4,    30.5,    85.7,    36.1,    77.3,    30.4,    84.3,    36.0,    81.8,    29.0,    88.3,    34.7,    80.7,    28.9,    86.8,    34.6,    32.3,    63.6,    32.3,    65.3,    32.3,    63.6,    32.3,    65.3,"(Contracts of 1,000 Bushels)",005603,CBT ,005 
MINI SOYBEANS - CHICAGO BOARD OF TRADE,260825,2026-08-25,005603,CBT ,00,005 ,   26971,   23303,    1425,     651,       8,   11212,   23962,   13288,    3009,   13683,   25395,   22557,    1412,     651,       8,   10105,   23216,   12168,    2179,   13227,    1576,     746,      13,       0,       0,    1107,     746,    1120,     830,     456,     517,    1001,     -55,     285,      -4,      27,    1282,     257,    -765,     260,  100.0,   86.4,    5.3,    2.4,    0.0,   41.6,   88.8,   49.3,   11.2,   50.7,  100.0,   88.8,    5.6,    2.6,    0.0,   39.8,   91.4,   47.9,    8.6,   52.1,  100.0,   47.3,    0.8,    0.0,    0.0,   70.2,   47.3,   71.1,   52.7,   28.9,     28,      7,      5,      6,      2,     16,     10,     26,     28,      7,      5,      6,      2,     16,     10,     26,     19,      3,      2,      0,      0,     14,      3,     16,    81.0,    31.2,    88.8,    36.7,    79.8,    30.4,    86.4,    35.9,    84.4,    29.0,    91.4,    34.8,    83.1,    28.2,    88.8,    33.9,    47.3,    67.3,    47.3,    69.2,    47.3,    67.3,    47.3,    69.2,"(Contracts of 1,000 Bushels)",005603,CBT ,005 
MISO IN. DAY-AHEAD PEAK - ICE FUTURES ENERGY DIV,260818,2026-08-18,0643AZ,IFED,01,064 ,   19591,     245,    3195,     464,   18580,   15870,   19289,   19529,     302,      62,   19591,     245,    3195,     464,   18580,   15870,   19289,   19529,     302,      62,       0,       0,       0,       0,       0,       0,       0,       0,       0,       0,     227,       5,      20,     100,     122,     110,     227,     230,       0,      -3,  100.0,    1.3,   16.3,    2.4,   94.8,   81.0,   98.5,   99.7,    1.5,    0.3,  100.0,    1.3,   16.3,    2.4,   94.8,   81.0,   98.5,   99.7,    1.5,    0.3,    0.0,    0.0,    0.0,    0.0,    0.0,    0.0,    0.0,    0.0,    0.0,    0.0,     38,      3,      4,      2,     29,     18,     33,     23,     38,      3,      4,      2,     29,     18,     33,     23,      0,      0,      0,      0,      0,      0,      0,      0,    57.1,    74.2,    75.3,    89.5,    41.2,    55.4,    54.1,    63.0,    57.1,    74.2,    75.3,    89.5,    41.2,    55.4,    54.1,    63.0,     0.0,     0.0,     0.0,     0.0,     0.0,     0.0,     0.0,     0.0,(1 MW per peak hour),0643AZ,IFED,064 
MISO IN. DAY-AHEAD PEAK - ICE FUTURES ENERGY DIV,260825,2026-08-25,0643AZ,IFED,01,064 ,   19868,     195,    3131,     689,   18683,   15966,   19567,   19786,     301,      82,   19868,     195,    3131,     689,   18683,   15966,   19567,   19786,     301,      82,       0,       0,       0,       0,       0,       0,       0,       0,       0,       0,     277,     -50,     -64,     225,     103,      96,     278,     257,      -1,      20,  100.0,    1.0,   15.8,    3.5,   94.0,   80.4,   98.5,   99.6,    1.5,    0.4,  100.0,    1.0,   15.8,    3.5,   94.0,   80.4,   98.5,   99.6,    1.5,    0.4,    0.0,    0.0,    0.0,    0.0,    0.0,    0.0,    0.0,    0.0,    0.0,    0.0,     38,      2,      5,      2,     29,     18,     33,     23,     38,      2,      5,      2,     29,     18,     33,     23,      0,      0,      0,      0,      0,      0,      0,      0,    56.8,    73.7,    74.3,    88.8,    40.3,    53.0,    53.0,    60.8,    56.8,    73.7,    74.3,    88.8,    40.3,    53.0,    53.0,    60.8,     0.0,     0.0,     0.0,     0.0,     0.0,     0.0,     0.0,     0.0,(1 MW per peak hour),0643AZ,IFED,064 
MISO IN. REAL-TIME OFF-PEAK - ICE FUTURES ENERGY DIV,260818,2026-08-18,06439L,IFED,01,064 ,   29890,    4160,    6243,    1020,   24380,   22271,   29560,   29534,     330,     356,   29890,    4160,    6243,    1020,   24380,   22271,   29560,   29534,     330,     356,       0,       0,       0,       0,       0,       0,       0,       0,       0,       0,     233,       0,       2,       0,     233,     231,     233,     233,       0,       0,  100.0,   13.9,   20.9,    3.4,   81.6,   74.5,   98.9,   98.8,    1.1,    1.2,  100.0,   13.9,   20.9,    3.4,   81.6,   74.5,   98.9,   98.8,    1.1,    1.2,    0.0,    0.0,    0.0,    0.0,    0.0,    0.0,    0.0,    0.0,    0.0,    0.0,     29,      2,      3,      1,     23,     20,     26,     23,     29,      2,      3,      1,     23,     20,     26,     23,      0,      0,      0,      0,      0,      0,      0,      0,    54.0,    58.6,    74.3,    82.5,    42.3,    45.9,    54.0,    58.6,    54.0,    58.6,    74.3,    82.5,    42.3,    45.9,    54.0,    58.6,     0.0,     0.0,     0.0,     0.0,     0.0,     0.0,     0.0,     0.0,(Contracts of about 352 MWh),06439L,IFED,064 
MISO IN. REAL-TIME OFF-PEAK - ICE FUTURES ENERGY DIV,260825,2026-08-25,06439L,IFED,01,064 ,   32610,    4160,    7230,     940,   27180,   24089,   32280,   32259,     330,     351,   32610,    4160,    7230,     940,   27180,   24089,   32280,   32259,     330,     351,       0,       0,       0,       0,       0,       0,       0,       0,       0,       0,    2720,       0,     987,     -80,    2800,    1818,    2720,    2725,       0,      -5,  100.0,   12.8,   22.2,    2.9,   83.3,   73.9,   99.0,   98.9,    1.0,    1.1,  100.0,   12.8,   22.2,    2.9,   83.3,   73.9,   99.0,   98.9,    1.0,    1.1,    0.0,    0.0,    0.0,    0.0,    0.0,    0.0,    0.0,    0.0,    0.0,    0.0,     30,      2,      3,      1,     23,     21,     26,     24,     30,      2,      3,      1,     23,     21,     26,     24,      0,      0,      0,      0,      0,      0,      0,      0,    56.4,    56.1,    75.0,    84.2,    46.4,    46.3,    57.9,    63.8,    56.4,    56.1,    75.0,    84.2,    46.4,    46.3,    57.9,    63.8,     0.0,     0.0,     0.0,     0.0,     0.0,     0.0,     0.0,     0.0,(Contracts of about 352 MWh),06439L,IFED,064 
MISO INDIANA  OFF-PEAK - ICE FUTURES ENERGY DIV,260818,2026-08-18,06439K,IFED,01,064 ,   42334,      35,    9520,     235,   41614,   32493,   41884,   42248,     450,      86,   42334,      35,    9520,     235,   41614,   32493,   41884,   42248,     450,      86,       0,       0,       0,       0,       0,       0,       0,       0,       0,       0,     -72,       0,      25,       0,    -147,     -89,    -147,     -64,      75,      -8,  100.0,    0.1,   22.5,    0.6,   98.3,   76.8,   98.9,   99.8,    1.1,    0.2,  100.0,    0.1,   22.5,    0.6,   98.3,   76.8,   98.9,   99.8,    1.1,    0.2,    0.0,    0.0,    0.0,    0.0,    0.0,    0.0,    0.0,    0.0,    0.0,    0.0,     29,      1,      4,      2,     21,     18,     24,     22,     29,      1,      4,      2,     21,     18,     24,     22,      0,      0,      0,      0,      0,      0,      0,      0,    84.0,    54.3,    93.3,    82.2,    65.9,    39.8,    68.9,    61.4,    84.0,    54.3,    93.3,    82.2,    65.9,    39.8,    68.9,    61.4,     0.0,     0.0,     0.0,     0.0,     0.0,     0.0,     0.0,     0.0,(Contracts of about 352 MWh),06439K,IFED,064 
MISO INDIANA  OFF-PEAK - ICE FUTURES ENERGY DIV,260825,2026-08-25,06439K,IFED,01,064 ,   42501,      35,    9484,     415,   41663,   32595,   42113,   42494,     388,       7,   42501,      35,    9484,     415,   41663,   32595,   42113,   42494,     388,       7,       0,       0,       0,       0,       0,       0,       0,       0,       0,       0,     167,       0,     -36,     180,      49,     102,     229,     246,     -62,     -79,  100.0,    0.1,   22.3,    1.0,   98.0,   76.7,   99.1,  100.0,    0.9,    0.0,  100.0,    0.1,   22.3,    1.0,   98.0,   76.7,   99.1,  100.0,    0.9,    0.0,    0.0,    0.0,    0.0,    0.0,    0.0,    0.0,    0.0,    0.0,    0.0,    0.0,     30,      1,      4,      2,     22,     19,     25,     23,     30,      1,      4,      2,     22,     19,     25,     23,      0,      0,      0,      0,      0,      0,      0,      0,    83.6,    54.0,    92.7,    82.0,    65.6,    39.6,    68.3,    60.8,    83.6,    54.0,    92.7,    82.0,    65.6,    39.6,    68.3,    60.8,     0.0,     0.0,     0.0,     0.0,     0.0,     0.0,     0.0,     0.0,(Contracts of about 352 MWh),06439K,IFED,064 
MISO INDIANA HUB RT PEAK - ICE FUTURES ENERGY DIV,260818,2026-08-18,0643B3,IFED,01,064 ,   39295,    6112,    8354,    3773,   28577,   26702,   38462,   38829,     833,     466,   39295,    6112,    8354,    3773,   28577,   26702,   38462,   38829,     833,     466,       0,       0,       0,       0,       0,       0,       0,       0,       0,       0,     404,       2,     197,    -100,     538,     322,     440,     419,     -36,     -15,  100.0,   15.6,   21.3,    9.6,   72.7,   68.0,   97.9,   98.8,    2.1,    1.2,  100.0,   15.6,   21.3,    9.6,   72.7,   68.0,   97.9,   98.8,    2.1,    1.2,    0.0,    0.0,    0.0,    0.0,    0.0,    0.0,    0.0,    0.0,    0.0,    0.0,     34,      5,      4,      1,     22,     24,     28,     28,     34,      5,      4,      1,     22,     24,     28,     28,      0,      0,      0,      0,      0,      0,      0,      0,    50.7,    51.4,    71.9,    75.0,    37.1,    39.7,    49.6,    55.2,    50.7,    51.4,    71.9,    75.0,    37.1,    39.7,    49.6,    55.2,     0.0,     0.0,     0.0,     0.0,     0.0,     0.0,     0.0,     0.0,(Contracts of 800 MWh),0643B3,IFED,064 
MISO INDIANA HUB RT PEAK - ICE FUTURES ENERGY DIV,260825,2026-08-25,0643B3,IFED,01,064 ,   41688,    6129,    9348,    3593,   31267,   28369,   40989,   41310,     699,     378,   41688,    6129,    9348,    3593,   31267,   28369,   40989,   41310,     699,     378,       0,       0,       0,       0,       0,       0,       0,       0,       0,       0,    2393,      17,     994,    -180,    2690,    1667,    2527,    2481,    -134,     -88,  100.0,   14.7,   22.4,    8.6,   75.0,   68.1,   98.3,   99.1,    1.7,    0.9,  100.0,   14.7,   22.4,    8.6,   75.0,   68.1,   98.3,   99.1,    1.7,    0.9,    0.0,    0.0,    0.0,    0.0,    0.0,    0.0,    0.0,    0.0,    0.0,    0.0,     36,      6,      4,      2,     21,     25,     28,     30,     36,      6,      4,      2,     21,     25,     28,     30,      0,      0,      0,      0,      0,      0,      0,      0,    51.0,    52.3,    73.3,    75.6,    40.1,    41.8,    53.2,    58.8,    51.0,    52.3,    73.3,    75.6,    40.1,    41.8,    53.2,    58.8,     0.0,     0.0,     0.0,     0.0,     0.0,     0.0,     0.0,     0.0,(Contracts of 800 MWh),0643B3,IFED,064 
MISO.INDIANA.HUB_month_off_dap - NODAL EXCHANGE,260818,2026-08-18,064BFJ,NODX,01,064 ,   20253,     303,     600,     957,   15588,   15089,   16848,   16646,    3405,    3607,   20253,     303,     600,     957,   15588,   15089,   16848,   16646,    3405,    3607,       0,       0,       0,       0,       0,       0,       0,       0,       0,       0,      51,     178,    -155,    -178,    -259,     134,    -259,    -199,     310,     250,  100.0,    1.5,    3.0,    4.7,   77.0,   74.5,   83.2,   82.2,   16.8,   17.8,  100.0,    1.5,    3.0,    4.7,   77.0,   74.5,   83.2,   82.2,   16.8,   17.8,    0.0,    0.0,    0.0,    0.0,    0.0,    0.0,    0.0,    0.0,    0.0,    0.0,     27,      2,      1,      2,     17,     21,     20,     23,     27,      2,      1,      2,     17,     21,     20,     23,      0,      0,      0,      0,      0,      0,      0,      0,    50.1,    52.6,    66.7,    69.0,    47.5,    46.7,    56.3,    56.2,    50.1,    52.6,    66.7,    69.0,    47.5,    46.7,    56.3,    56.2,     0.0,     0.0,     0.0,     0.0,     0.0,     0.0,     0.0,     0.0,Megawatt Hours (MWh),064BFJ,NODX,064 
MISO.INDIANA.HUB_month_off_dap - NODAL EXCHANGE,260825,2026-08-25,064BFJ,NODX,01,064 ,   20978,     125,    1022,    1435,   16248,   15269,   17808,   17726,    3170,    3252,   20978,     125,    1022,    1435,   16248,   15269,   17808,   17726,    3170,    3252,       0,       0,       0,       0,       0,       0,       0,       0,       0,       0,     725,    -178,     422,     478,     660,     180,     960,    1080,    -235,    -355,  100.0,    0.6,    4.9,    6.8,   77.5,   72.8,   84.9,   84.5,   15.1,   15.5,  100.0,    0.6,    4.9,    6.8,   77.5,   72.8,   84.9,   84.5,   15.1,   15.5,    0.0,    0.0,    0.0,    0.0,    0.0,    0.0,    0.0,    0.0,    0.0,    0.0,     27,      1,      2,      2,     17,     21,     20,     23,     27,      1,      2,      2,     17,     21,     20,     23,      0,      0,      0,      0,      0,      0,      0,      0,    49.9,    51.5,    67.6,    71.7,    47.5,    44.2,    56.9,    56.4,    49.9,    51.5,    67.6,    71.7,    47.5,    44.2,    56.9,    56.4,     0.0,     0.0,     0.0,     0.0,     0.0,     0.0,     0.0,     0.0,Megawatt Hours (MWh),064BFJ,NODX,064 
MISO.INDIANA.HUB_month_off_rtp - NODAL EXCHANGE,260818,2026-08-18,064FJZ,NODX,01,064 ,   27815,     750,    3578,      42,   24813,   22285,   25605,   25905,    2210,    1910,   27815,     750,    3578,      42,   24813,   22285,   25605,   25905,    2210,    1910,       0,       0,       0,       0,       0,       0,       0,       0,       0,       0,     730,       0,     288,      12,     578,     330,     590,     630,     140,     100,  100.0,    2.7,   12.9,    0.2,   89.2,   80.1,   92.1,   93.1,    7.9,    6.9,  100.0,    2.7,   12.9,    0.2,   89.2,   80.1,   92.1,   93.1,    7.9,    6.9,    0.0,    0.0,    0.0,    0.0,    0.0,    0.0,    0.0,    0.0,    0.0,    0.0,     21,      1,      2,      2,     16,     15,     19,     17,     21,      1,      2,      2,     16,     15,     19,     17,      0,      0,      0,      0,      0,      0,      0,      0,    63.9,    68.3,    78.3,    82.6,    54.8,    55.5,    60.7,    61.0,    63.9,    68.3,    78.3,    82.6,    54.8,    55.5,    60.7,    61.0,     0.0,     0.0,     0.0,     0.0,     0.0,     0.0,     0.0,     0.0,Megawatt Hours (MWh),064FJZ,NODX,064 
MISO.INDIANA.HUB_month_off_rtp - NODAL EXCHANGE,260825,2026-08-25,064FJZ,NODX,01,064 ,   28825,    1050,    3628,      42,   25523,   23125,   26615,   26795,    2210,    2030,   28825,    1050,    3628,      42,   25523,   23125,   26615,   26795,    2210,    2030,       0,       0,       0,       0,       0,       0,       0,       0,       0,       0,    1010,     300,      50,       0,     710,     840,    1010,     890,       0,     120,  100.0,    3.6,   12.6,    0.1,   88.5,   80.2,   92.3,   93.0,    7.7,    7.0,  100.0,    3.6,   12.6,    0.1,   88.5,   80.2,   92.3,   93.0,    7.7,    7.0,    0.0,    0.0,    0.0,    0.0,    0.0,    0.0,    0.0,    0.0,    0.0,    0.0,     22,      1,      2,      2,     16,     17,     19,     19,     22,      1,      2,      2,     16,     17,     19,     19,      0,      0,      0,      0,      0,      0,      0,      0,    64.1,    65.0,    79.1,    79.1,    55.3,    52.9,    60.0,    58.5,    64.1,    65.0,    79.1,    79.1,    55.3,    52.9,    60.0,    58.5,     0.0,     0.0,     0.0,     0.0,     0.0,     0.0,     0.0,     0.0,Megawatt Hours (MWh),064FJZ,NODX,064 
MISO.INDIANA.HUB_month_on_dap - NODAL EXCHANGE,260818,2026-08-18,064BFI,NODX,01,064 ,   19892,     230,     613,     930,   15327,   14642,   16487,   16185,    3405,    3707,   19892,     230,     613,     930,   15327,   14642,   16487,   16185,    3405,    3707,       0,       0,       0,       0,       0,       0,       0,       0,       0,       0,     281,     105,    -435,       5,    -259,     341,    -149,     -89,     430,     370,  100.0,    1.2,    3.1,    4.7,   77.1,   73.6,   82.9,   81.4,   17.1,   18.6,  100.0,    1.2,    3.1,    4.7,   77.1,   73.6,   82.9,   81.4,   17.1,   18.6,    0.0,    0.0,    0.0,    0.0,    0.0,    0.0,    0.0,    0.0,    0.0,    0.0,     27,      2,      1,      2,     17,     20,     20,     22,     27,      2,      1,      2,     17,     20,     20,     22,      0,      0,      0,      0,      0,      0,      0,      0,    49.3,    51.1,    68.7,    68.2,    46.5,    44.8,    56.6,    56.9,    49.3,    51.1,    68.7,    68.2,    46.5,    44.8,    56.6,    56.9,     0.0,     0.0,     0.0,     0.0,     0.0,     0.0,     0.0,     0.0,Megawatt Hours (MWh),064BFI,NODX,064 
MISO.INDIANA.HUB_month_on_dap - NODAL EXCHANGE,260825,2026-08-25,064BFI,NODX,01,064 ,   20322,     125,    1108,    1035,   16087,   14802,   17247,   16945,    3075,    3377,   20322,     125,    1108,    1035,   16087,   14802,   17247,   16945,    3075,    3377,       0,       0,       0,       0,       0,       0,       0,       0,       0,       0,     430,    -105,     495,     105,     760,     160,     760,     760,    -330,    -330,  100.0,    0.6,    5.5,    5.1,   79.2,   72.8,   84.9,   83.4,   15.1,   16.6,  100.0,    0.6,    5.5,    5.1,   79.2,   72.8,   84.9,   83.4,   15.1,   16.6,    0.0,    0.0,    0.0,    0.0,    0.0,    0.0,    0.0,    0.0,    0.0,    0.0,     27,      1,      2,      2,     17,     20,     20,     22,     27,      1,      2,      2,     17,     20,     20,     22,      0,      0,      0,      0,      0,      0,      0,      0,    49.6,    50.6,    69.5,    70.3,    46.5,    43.1,    58.5,    56.3,    49.6,    50.6,    69.5,    70.3,    46.5,    43.1,    58.5,    56.3,     0.0,     0.0,     0.0,     0.0,     0.0,     0.0,     0.0,     0.0,Megawatt Hours (MWh),064BFI,NODX,064 
MISO.INDIANA.HUB_month_on_rtp - NODAL EXCHANGE,260818,2026-08-18,064FJY,NODX,01,064 ,   29050,     635,    4145,      30,   25110,   22045,   25775,   26220,    3275,    2830,   29050,     635,    4145,      30,   25110,   22045,   25775,   26220,    3275,    2830,       0,       0,       0,       0,       0,       0,       0,       0,       0,       0,     910,      10,     495,       0,     875,     430,     885,     925,      25,     -15,  100.0,    2.2,   14.3,    0.1,   86.4,   75.9,   88.7,   90.3,   11.3,    9.7,  100.0,    2.2,   14.3,    0.1,   86.4,   75.9,   88.7,   90.3,   11.3,    9.7,    0.0,    0.0,    0.0,    0.0,    0.0,    0.0,    0.0,    0.0,    0.0,    0.0,     22,      2,      1,      1,     17,     16,     19,     18,     22,      2,      1,      1,     17,     16,     19,     18,      0,      0,      0,      0,      0,      0,      0,      0,    60.7,    67.1,    76.0,    79.5,    53.3,    52.9,    57.0,    57.0,    60.7,    67.1,    76.0,    79.5,    53.3,    52.9,    57.0,    57.0,     0.0,     0.0,     0.0,     0.0,     0.0,     0.0,     0.0,     0.0,Megawatt Hours (MWh),064FJY,NODX,064 
MISO.INDIANA.HUB_month_on_rtp - NODAL EXCHANGE,260825,2026-08-25,064FJY,NODX,01,064 ,   29810,     635,    3845,      30,   25650,   22885,   26315,   26760,    3495,    3050,   29810,     635,    3845,      30,   25650,   22885,   26315,   26760,    3495,    3050,       0,       0,       0,       0,       0,       0,       0,       0,       0,       0,     760,       0,    -300,       0,     540,     840,     540,     540,     220,     220,  100.0,    2.1,   12.9,    0.1,   86.0,   76.8,   88.3,   89.8,   11.7,   10.2,  100.0,    2.1,   12.9,    0.1,   86.0,   76.8,   88.3,   89.8,   11.7,   10.2,    0.0,    0.0,    0.0,    0.0,    0.0,    0.0,    0.0,    0.0,    0.0,    0.0,     23,      2,      1,      1,     17,     18,     19,     20,     23,      2,      1,      1,     17,     18,     19,     20,      0,      0,      0,      0,      0,      0,      0,      0,    61.4,    63.4,    75.9,    76.2,    51.7,    49.8,    55.4,    54.6,    61.4,    63.4,    75.9,    76.2,    51.7,    49.8,    55.4,    54.6,     0.0,     0.0,     0.0,     0.0,     0.0,     0.0,     0.0,     0.0,Megawatt Hours (MWh),064FJY,NODX,064 
MSCI EAFE - ICE FUTURES U.S.,260818,2026-08-18,244041,ICUS,01,244 ,  451184,   53538,   41592,     446,  382284,  402104,  436268,  444142,   14916,    7042,  451184,   53538,   41592,     446,  382284,  402104,  436268,  444142,   14916,    7042,       0,       0,       0,       0,       0,       0,       0,       0,       0,       0,    4171,    1690,    6518,       0,    4001,   -2486,    5691,    4032,   -1520,     139,  100.0,   11.9,    9.2,    0.1,   84.7,   89.1,   96.7,   98.4,    3.3,    1.6,  100.0,   11.9,    9.2,    0.1,   84.7,   89.1,   96.7,   98.4,    3.3,    1.6,    0.0,    0.0,    0.0,    0.0,    0.0,    0.0,    0.0,    0.0,    0.0,    0.0,    194,     23,     18,      4,    121,     76,    146,     96,    194,     23,     18,      4,    121,     76,    146,     96,      0,      0,      0,      0,      0,      0,      0,      0,    24.1,    27.0,    35.5,    47.1,    21.8,    26.9,    33.1,    46.5,    24.1,    27.0,    35.5,    47.1,    21.8,    26.9,    33.1,    46.5,     0.0,     0.0,     0.0,     0.0,     0.0,     0.0,     0.0,     0.0,(MSCI EAFE INDEX X $50),244041,ICUS,244 
MSCI EAFE - ICE FUTURES U.S.,260825,2026-08-25,244041,ICUS,01,244 ,  455448,   54807,   35597,     521,  384930,  412434,  440258,  448552,   15190,    6896,  455448,   54807,   35597,     521,  384930,  412434,  440258,  448552,   15190,    6896,       0,       0,       0,       0,       0,       0,       0,       0,       0,       0,    4264,    1269,   -5995,      75,    2646,   10330,    3990,    4410,     274,    -146,  100.0,   12.0,    7.8,    0.1,   84.5,   90.6,   96.7,   98.5,    3.3,    1.5,  100.0,   12.0,    7.8,    0.1,   84.5,   90.6,   96.7,   98.5,    3.3,    1.5,    0.0,    0.0,    0.0,    0.0,    0.0,    0.0,    0.0,    0.0,    0.0,    0.0,    193,     25,     18,      5,    117,     77,    144,     98,    193,     25,     18,      5,    117,     77,    144,     98,      0,      0,      0,      0,      0,      0,      0,      0,    23.9,    26.9,    35.8,    48.4,    21.7,    26.8,    33.3,    47.9,    23.9,    26.9,    35.8,    48.4,    21.7,    26.8,    33.3,    47.9,     0.0,     0.0,     0.0,     0.0,     0.0,     0.0,     0.0,     0.0,(MSCI EAFE INDEX X $50),244041,ICUS,244 
MSCI EM INDEX - ICE FUTURES U.S.,260818,2026-08-18,244042,ICUS,01,244 , 1056803,  140367,  108627,   11586,  873369,  928761, 1025322, 1048974,   31481,    7829, 1056803,  140367,  108627,   11586,  873369,  928761, 1025322, 1048974,   31481,    7829,       0,       0,       0,       0,       0,       0,       0,       0,       0,       0,    4577,     755,     941,     -41,    3533,    3446,    4247,    4346,     330,     231,  100.0,   13.3,   10.3,    1.1,   82.6,   87.9,   97.0,   99.3,    3.0,    0.7,  100.0,   13.3,   10.3,    1.1,   82.6,   87.9,   97.0,   99.3,    3.0,    0.7,    0.0,    0.0,    0.0,    0.0,    0.0,    0.0,    0.0,    0.0,    0.0,    0.0,    387,     66,     35,     20,    242,    128,    316,    175,    387,     66,     35,     20,    242,    128,    316,    175,      0,      0,      0,      0,      0,      0,      0,      0,    13.0,    31.8,    22.0,    50.7,    13.0,    31.6,    21.9,    50.3,    13.0,    31.8,    22.0,    50.7,    13.0,    31.6,    21.9,    50.3,     0.0,     0.0,     0.0,     0.0,     0.0,     0.0,     0.0,     0.0,(MSCI Emerging Markets Index x $50),244042,ICUS,244 
MSCI EM INDEX - ICE FUTURES U.S.,260825,2026-08-25,244042,ICUS,01,244 , 1073459,  131482,  108959,   14091,  896686,  942840, 1042259, 1065890,   31200,    7569, 1073459,  131482,  108959,   14091,  896686,  942840, 1042259, 1065890,   31200,    7569,       0,       0,       0,       0,       0,       0,       0,       0,       0,       0,   16656,   -8885,     332,    2505,   23317,   14079,   16937,   16916,    -281,    -260,  100.0,   12.2,   10.2,    1.3,   83.5,   87.8,   97.1,   99.3,    2.9,    0.7,  100.0,   12.2,   10.2,    1.3,   83.5,   87.8,   97.1,   99.3,    2.9,    0.7,    0.0,    0.0,    0.0,    0.0,    0.0,    0.0,    0.0,    0.0,    0.0,    0.0,    393,     66,     36,     21,    245,    130,    320,    178,    393,     66,     36,     21,    245,    130,    320,    178,      0,      0,      0,      0,      0,      0,      0,      0,    12.8,    32.2,    21.7,    51.0,    12.8,    31.9,    21.6,    50.6,    12.8,    32.2,    21.7,    51.0,    12.8,    31.9,    21.6,    50.6,     0.0,     0.0,     0.0,     0.0,     0.0,     0.0,     0.0,     0.0,(MSCI Emerging Markets Index x $50),244042,ICUS,244 
MT BELV NAT GASOLINE OPIS - NEW YORK MERCANTILE EXCHANGE,260818,2026-08-18,06665R,NYME,01,066 ,   50223,    2296,    1344,      82,   47666,   47526,   50044,   48952,     179,    1271,   50223,    2296,    1344,      82,   47666,   47526,   50044,   48952,     179,    1271,       0,       0,       0,       0,       0,       0,       0,       0,       0,       0,    1821,     190,     137,       0,    1641,    1684,    1831,    1821,     -10,       0,  100.0,    4.6,    2.7,    0.2,   94.9,   94.6,   99.6,   97.5,    0.4,    2.5,  100.0,    4.6,    2.7,    0.2,   94.9,   94.6,   99.6,   97.5,    0.4,    2.5,    0.0,    0.0,    0.0,    0.0,    0.0,    0.0,    0.0,    0.0,    0.0,    0.0,     49,      4,      2,      2,     28,     33,     34,     35,     49,      4,      2,      2,     28,     33,     34,     35,      0,      0,      0,      0,      0,      0,      0,      0,    81.5,    43.6,    90.2,    66.2,    79.2,    42.7,    85.5,    65.3,    81.5,    43.6,    90.2,    66.2,    79.2,    42.7,    85.5,    65.3,     0.0,     0.0,     0.0,     0.0,     0.0,     0.0,     0.0,     0.0,"(CONTRACTS OF 42,000 GALLONS)",06665R,NYME,066 
MT BELV NAT GASOLINE OPIS - NEW YORK MERCANTILE EXCHANGE,260825,2026-08-25,06665R,NYME,01,066 ,   51287,    2296,    1389,      82,   48530,   48425,   50908,   49896,     379,    1391,   51287,    2296,    1389,      82,   48530,   48425,   50908,   49896,     379,    1391,       0,       0,       0,       0,       0,       0,       0,       0,       0,       0,    1064,       0,      45,       0,     864,     899,     864,     944,     200,     120,  100.0,    4.5,    2.7,    0.2,   94.6,   94.4,   99.3,   97.3,    0.7,    2.7,  100.0,    4.5,    2.7,    0.2,   94.6,   94.4,   99.3,   97.3,    0.7,    2.7,    0.0,    0.0,    0.0,    0.0,    0.0,    0.0,    0.0,    0.0,    0.0,    0.0,     48,      4,      2,      2,     27,     34,     33,     36,     48,      4,      2,      2,     27,     34,     33,     36,      0,      0,      0,      0,      0,      0,      0,      0,    82.8,    43.7,    90.7,    66.7,    80.6,    42.7,    86.1,    65.2,    82.8,    43.7,    90.7,    66.7,    80.6,    42.7,    86.1,    65.2,     0.0,     0.0,     0.0,     0.0,     0.0,     0.0,     0.0,     0.0,"(CONTRACTS OF 42,000 GALLONS)",06665R,NYME,066 
MT BELV NORM BUTANE OPIS - NEW YORK MERCANTILE EXCHANGE,260818,2026-08-18,06665Q,NYME,01,066 ,   46802,    3408,    3465,    3244,   39402,   38942,   46054,   45651,     748,    1151,   46802,    3408,    3465,    3244,   39402,   38942,   46054,   45651,     748,    1151,       0,       0,       0,       0,       0,       0,       0,       0,       0,       0,    2372,    -325,     -16,     604,    2057,    1755,    2336,    2343,      36,      29,  100.0,    7.3,    7.4,    6.9,   84.2,   83.2,   98.4,   97.5,    1.6,    2.5,  100.0,    7.3,    7.4,    6.9,   84.2,   83.2,   98.4,   97.5,    1.6,    2.5,    0.0,    0.0,    0.0,    0.0,    0.0,    0.0,    0.0,    0.0,    0.0,    0.0,    110,     19,     10,     16,     66,     63,     95,     83,    110,     19,     10,     16,     66,     63,     95,     83,      0,      0,      0,      0,      0,      0,      0,      0,    25.2,    22.4,    40.6,    37.8,    17.8,    18.5,    28.7,    30.9,    25.2,    22.4,    40.6,    37.8,    17.8,    18.5,    28.7,    30.9,     0.0,     0.0,     0.0,     0.0,     0.0,     0.0,     0.0,     0.0,"(CONTRACTS OF 42,000 GALLONS)",06665Q,NYME,066 
MT BELV NORM BUTANE OPIS - NEW YORK MERCANTILE EXCHANGE,260825,2026-08-25,06665Q,NYME,01,066 ,   49961,    3617,    3376,    3696,   41899,   41794,   49212,   48866,     749,    1095,   49961,    3617,    3376,    3696,   41899,   41794,   49212,   48866,     749,    1095,       0,       0,       0,       0,       0,       0,       0,       0,       0,       0,    3159,     209,     -89,     452,    2497,    2852,    3158,    3215,       1,     -56,  100.0,    7.2,    6.8,    7.4,   83.9,   83.7,   98.5,   97.8,    1.5,    2.2,  100.0,    7.2,    6.8,    7.4,   83.9,   83.7,   98.5,   97.8,    1.5,    2.2,    0.0,    0.0,    0.0,    0.0,    0.0,    0.0,    0.0,    0.0,    0.0,    0.0,    110,     19,     11,     17,     65,     62,     95,     83,    110,     19,     11,     17,     65,     62,     95,     83,      0,      0,      0,      0,      0,      0,      0,      0,    25.5,    20.8,    40.9,    35.7,    19.1,    17.8,    29.7,    29.9,    25.5,    20.8,    40.9,    35.7,    19.1,    17.8,    29.7,    29.9,     0.0,     0.0,     0.0,     0.0,     0.0,     0.0,     0.0,     0.0,"(CONTRACTS OF 42,000 GALLONS)",06665Q,NYME,066 
MT BELVIEU ETHANE OPIS - NEW YORK MERCANTILE EXCHANGE,260818,2026-08-18,06665P,NYME,01,066 ,   44055,    2437,     780,     805,   40556,   41758,   43798,   43343,     257,     712,   44055,    2437,     780,     805,   40556,   41758,   43798,   43343,     257,     712,       0,       0,       0,       0,       0,       0,       0,       0,       0,       0,    5130,     -20,       0,     -55,    5210,    5718,    5135,    5663,      -5,    -533,  100.0,    5.5,    1.8,    1.8,   92.1,   94.8,   99.4,   98.4,    0.6,    1.6,  100.0,    5.5,    1.8,    1.8,   92.1,   94.8,   99.4,   98.4,    0.6,    1.6,    0.0,    0.0,    0.0,    0.0,    0.0,    0.0,    0.0,    0.0,    0.0,    0.0,     50,     11,      5,      6,     28,     30,     41,     39,     50,     11,      5,      6,     28,     30,     41,     39,      0,      0,      0,      0,      0,      0,      0,      0,    57.7,    40.6,    73.2,    58.0,    44.7,    32.5,    50.4,    43.3,    57.7,    40.6,    73.2,    58.0,    44.7,    32.5,    50.4,    43.3,     0.0,     0.0,     0.0,     0.0,     0.0,     0.0,     0.0,     0.0,"(CONTRACTS OF 42,000 GALLONS)",06665P,NYME,066 
MT BELVIEU ETHANE OPIS - NEW YORK MERCANTILE EXCHANGE,260825,2026-08-25,06665P,NYME,01,066 ,   44927,    2417,     670,     765,   41508,   42799,   44690,   44234,     237,     693,   44927,    2417,     670,     765,   41508,   42799,   44690,   44234,     237,     693,       0,       0,       0,       0,       0,       0,       0,       0,       0,       0,     872,     -20,    -110,     -40,     952,    1041,     892,     891,     -20,     -19,  100.0,    5.4,    1.5,    1.7,   92.4,   95.3,   99.5,   98.5,    0.5,    1.5,  100.0,    5.4,    1.5,    1.7,   92.4,   95.3,   99.5,   98.5,    0.5,    1.5,    0.0,    0.0,    0.0,    0.0,    0.0,    0.0,    0.0,    0.0,    0.0,    0.0,     51,     11,      4,      7,     28,     33,     42,     42,     51,     11,      4,      7,     28,     33,     42,     42,      0,      0,      0,      0,      0,      0,      0,      0,    56.9,    40.0,    74.1,    58.5,    45.1,    31.9,    51.4,    42.1,    56.9,    40.0,    74.1,    58.5,    45.1,    31.9,    51.4,    42.1,     0.0,     0.0,     0.0,     0.0,     0.0,     0.0,     0.0,     0.0,"(CONTRACTS OF 42,000 GALLONS)",06665P,NYME,066 
"NANO BITCOIN PERP STYLE - COINBASE DERIVATIVES, LLC",260818,2026-08-18,133LM4,FREX,00,133 ,  220248,  205602,  213401,      17,    1255,      45,  206874,  213463,   13374,    6785,  220248,  205602,  213401,      17,    1255,      45,  206874,  213463,   13374,    6785,       0,       0,       0,       0,       0,       0,       0,       0,       0,       0,   60850,   61166,   68532,      17,     -96,   -8348,   61087,   60201,    -237,     649,  100.0,   93.4,   96.9,    0.0,    0.6,    0.0,   93.9,   96.9,    6.1,    3.1,  100.0,   93.4,   96.9,    0.0,    0.6,    0.0,   93.9,   96.9,    6.1,    3.1,    0.0,    0.0,    0.0,    0.0,    0.0,    0.0,    0.0,    0.0,    0.0,    0.0,   1297,    691,    600,      1,      5,      1,    696,    602,   1297,    691,    600,      1,      5,      1,    696,    602,      0,      0,      0,      0,      0,      0,      0,      0,    45.7,    25.2,    50.4,    33.9,    45.7,    25.2,    50.4,    33.9,    45.7,    25.2,    50.4,    33.9,    45.7,    25.2,    50.4,    33.9,     0.0,     0.0,     0.0,     0.0,     0.0,     0.0,     0.0,     0.0,(1/100 X Bitcoin),133LM4,FREX,133 
"NANO BITCOIN PERP STYLE - COINBASE DERIVATIVES, LLC",260825,2026-08-25,133LM4,FREX,00,133 ,  232258,  217882,  211669,       0,    1333,   11268,  219215,  222937,   13043,    9321,  232258,  217882,  211669,       0,    1333,   11268,  219215,  222937,   13043,    9321,       0,       0,       0,       0,       0,       0,       0,       0,       0,       0,   12010,   12280,   -1732,     -17,      78,   11223,   12341,    9474,    -331,    2536,  100.0,   93.8,   91.1,    0.0,    0.6,    4.9,   94.4,   96.0,    5.6,    4.0,  100.0,   93.8,   91.1,    0.0,    0.6,    4.9,   94.4,   96.0,    5.6,    4.0,    0.0,    0.0,    0.0,    0.0,    0.0,    0.0,    0.0,    0.0,    0.0,    0.0,   1196,    613,    576,      0,      4,      3,    617,    579,   1196,    613,    576,      0,      4,      3,    617,    579,      0,      0,      0,      0,      0,      0,      0,      0,    54.1,    38.1,    57.7,    46.3,    54.1,    38.1,    57.7,    46.3,    54.1,    38.1,    57.7,    46.3,    54.1,    38.1,    57.7,    46.3,     0.0,     0.0,     0.0,     0.0,     0.0,     0.0,     0.0,     0.0,(1/100 X Bitcoin),133LM4,FREX,133 
"NANO ETHER - COINBASE DERIVATIVES, LLC",260818,2026-08-18,146LM1,FREX,00,146 ,   46069,   45340,   45697,       9,       0,      42,   45349,   45748,     720,     321,   46069,   45340,   45697,       9,       0,      42,   45349,   45748,     720,     321,       0,       0,       0,       0,       0,       0,       0,       0,       0,       0,    8427,    8597,    8561,    -224,       0,       6,    8373,    8343,      54,      84,  100.0,   98.4,   99.2,    0.0,    0.0,    0.1,   98.4,   99.3,    1.6,    0.7,  100.0,   98.4,   99.2,    0.0,    0.0,    0.1,   98.4,   99.3,    1.6,    0.7,    0.0,    0.0,    0.0,    0.0,    0.0,    0.0,    0.0,    0.0,    0.0,    0.0,    114,     74,     39,      2,      0,      1,     75,     41,    114,     74,     39,      2,      0,      1,     75,     41,      0,      0,      0,      0,      0,      0,      0,      0,    50.6,    71.1,    77.3,    88.0,    50.6,    71.1,    77.3,    88.0,    50.6,    71.1,    77.3,    88.0,    50.6,    71.1,    77.3,    88.0,     0.0,     0.0,     0.0,     0.0,     0.0,     0.0,     0.0,     0.0,"(0.1 Ether or 1/10 X$2,000 = $200)",146LM1,FREX,146 
"NANO ETHER - COINBASE DERIVATIVES, LLC",260825,2026-08-25,146LM1,FREX,00,146 ,   58795,   57904,   58258,      49,       0,       0,   57953,   58307,     842,     488,   58795,   57904,   58258,      49,       0,       0,   57953,   58307,     842,     488,       0,       0,       0,       0,       0,       0,       0,       0,       0,       0,   12726,   12564,   12561,      40,       0,     -42,   12604,   12559,     122,     167,  100.0,   98.5,   99.1,    0.1,    0.0,    0.0,   98.6,   99.2,    1.4,    0.8,  100.0,   98.5,   99.1,    0.1,    0.0,    0.0,   98.6,   99.2,    1.4,    0.8,    0.0,    0.0,    0.0,    0.0,    0.0,    0.0,    0.0,    0.0,    0.0,    0.0,    117,     78,     39,      3,      0,      0,     79,     41,    117,     78,     39,      3,      0,      0,     79,     41,      0,      0,      0,      0,      0,      0,      0,      0,    58.7,    79.3,    76.0,    92.8,    58.7,    79.3,    76.0,    92.8,    58.7,    79.3,    76.0,    92.8,    58.7,    79.3,    76.0,    92.8,     0.0,     0.0,     0.0,     0.0,     0.0,     0.0,     0.0,     0.0,"(0.1 Ether or 1/10 X$2,000 = $200)",146LM1,FREX,146 
"NANO ETHER PERP STYLE - COINBASE DERIVATIVES, LLC",260818,2026-08-18,146LM3,FREX,00,146 ,  306058,  294758,  257187,       8,    1579,   46443,  296345,  303638,    9713,    2420,  306058,  294758,  257187,       8,    1579,   46443,  296345,  303638,    9713,    2420,       0,       0,       0,       0,       0,       0,       0,       0,       0,       0,   85641,   85545,   85330,       0,       0,     175,   85545,   85505,      96,     136,  100.0,   96.3,   84.0,    0.0,    0.5,   15.2,   96.8,   99.2,    3.2,    0.8,  100.0,   96.3,   84.0,    0.0,    0.5,   15.2,   96.8,   99.2,    3.2,    0.8,    0.0,    0.0,    0.0,    0.0,    0.0,    0.0,    0.0,    0.0,    0.0,    0.0,    998,    686,    304,      1,      6,      2,    693,    306,    998,    686,    304,      1,      6,      2,    693,    306,      0,      0,      0,      0,      0,      0,      0,      0,    42.9,    35.4,    48.6,    51.0,    42.9,    35.4,    48.6,    51.0,    42.9,    35.4,    48.6,    51.0,    42.9,    35.4,    48.6,    51.0,     0.0,     0.0,     0.0,     0.0,     0.0,     0.0,     0.0,     0.0,(1/10 X Ether),146LM3,FREX,146 
"NANO ETHER PERP STYLE - COINBASE DERIVATIVES, LLC",260825,2026-08-25,146LM3,FREX,00,146 ,  371191,  357126,  312722,       6,    4179,   54826,  361311,  367554,    9880,    3637,  371191,  357126,  312722,       6,    4179,   54826,  361311,  367554,    9880,    3637,       0,       0,       0,       0,       0,       0,       0,       0,       0,       0,   65133,   62368,   55535,      -2,    2600,    8383,   64966,   63916,     167,    1217,  100.0,   96.2,   84.2,    0.0,    1.1,   14.8,   97.3,   99.0,    2.7,    1.0,  100.0,   96.2,   84.2,    0.0,    1.1,   14.8,   97.3,   99.0,    2.7,    1.0,    0.0,    0.0,    0.0,    0.0,    0.0,    0.0,    0.0,    0.0,    0.0,    0.0,    886,    608,    271,      1,      4,      3,    613,    274,    886,    608,    271,      1,      4,      3,    613,    274,      0,      0,      0,      0,      0,      0,      0,      0,    58.4,    56.7,    62.3,    68.3,    58.4,    56.7,    62.3,    68.3,    58.4,    56.7,    62.3,    68.3,    58.4,    56.7,    62.3,    68.3,     0.0,     0.0,     0.0,     0.0,     0.0,     0.0,     0.0,     0.0,(1/10 X Ether),146LM3,FREX,146 
"NANO SOLANA - COINBASE DERIVATIVES, LLC",260818,2026-08-18,177LM1,FREX,00,177 ,   15694,   14790,   15072,     486,       0,      56,   15276,   15614,     418,      80,   15694,   14790,   15072,     486,       0,      56,   15276,   15614,     418,      80,       0,       0,       0,       0,       0,       0,       0,       0,       0,       0,    2216,    1897,    1914,     307,       0,      -3,    2204,    2218,      12,      -2,  100.0,   94.2,   96.0,    3.1,    0.0,    0.4,   97.3,   99.5,    2.7,    0.5,  100.0,   94.2,   96.0,    3.1,    0.0,    0.4,   97.3,   99.5,    2.7,    0.5,    0.0,    0.0,    0.0,    0.0,    0.0,    0.0,    0.0,    0.0,    0.0,    0.0,     31,     19,     11,      1,      0,      1,     20,     12,     31,     19,     11,      1,      0,      1,     20,     12,      0,      0,      0,      0,      0,      0,      0,      0,    88.8,    92.6,    93.1,    98.1,    87.0,    89.5,    90.6,    95.0,    88.8,    92.6,    93.1,    98.1,    87.0,    89.5,    90.6,    95.0,     0.0,     0.0,     0.0,     0.0,     0.0,     0.0,     0.0,     0.0,(5 Solana x $250 = $1250),177LM1,FREX,177 
"NANO SOLANA - COINBASE DERIVATIVES, LLC",260825,2026-08-25,177LM1,FREX,00,177 ,   16496,   13515,   13780,    2531,       0,      26,   16046,   16337,     450,     159,   16496,   13515,   13780,    2531,       0,      26,   16046,   16337,     450,     159,       0,       0,       0,       0,       0,       0,       0,       0,       0,       0,     802,   -1275,   -1292,    2045,       0,     -30,     770,     723,      32,      79,  100.0,   81.9,   83.5,   15.3,    0.0,    0.2,   97.3,   99.0,    2.7,    1.0,  100.0,   81.9,   83.5,   15.3,    0.0,    0.2,   97.3,   99.0,    2.7,    1.0,    0.0,    0.0,    0.0,    0.0,    0.0,    0.0,    0.0,    0.0,    0.0,    0.0,     31,     17,     13,      2,      0,      1,     18,     15,     31,     17,     13,      2,      0,      1,     18,     15,      0,      0,      0,      0,      0,      0,      0,      0,    86.8,    90.0,    94.0,    96.7,    76.0,    77.3,    79.2,    81.9,    86.8,    90.0,    94.0,    96.7,    76.0,    77.3,    79.2,    81.9,     0.0,     0.0,     0.0,     0.0,     0.0,     0.0,     0.0,     0.0,(5 Solana x $250 = $1250),177LM1,FREX,177 
"NANO SOLANA PERP STYLE - COINBASE DERIVATIVES, LLC",260818,2026-08-18,177LM3,FREX,00,177 ,   33996,   27531,   22247,       0,    1118,    3444,   28649,   25691,    5347,    8305,   33996,   27531,   22247,       0,    1118,    3444,   28649,   25691,    5347,    8305,       0,       0,       0,       0,       0,       0,       0,       0,       0,       0,   -2720,   -2587,   -3624,       0,       9,     934,   -2578,   -2690,    -142,     -30,  100.0,   81.0,   65.4,    0.0,    3.3,   10.1,   84.3,   75.6,   15.7,   24.4,  100.0,   81.0,   65.4,    0.0,    3.3,   10.1,   84.3,   75.6,   15.7,   24.4,    0.0,    0.0,    0.0,    0.0,    0.0,    0.0,    0.0,    0.0,    0.0,    0.0,    329,    249,     74,      0,      3,      3,    252,     77,    329,    249,     74,      0,      3,      3,    252,     77,      0,      0,      0,      0,      0,      0,      0,      0,    11.4,    39.5,    19.7,    51.9,    11.4,    39.5,    19.7,    51.9,    11.4,    39.5,    19.7,    51.9,    11.4,    39.5,    19.7,    51.9,     0.0,     0.0,     0.0,     0.0,     0.0,     0.0,     0.0,     0.0,(5 Solana x $180 = $900),177LM3,FREX,177 
"NANO SOLANA PERP STYLE - COINBASE DERIVATIVES, LLC",260825,2026-08-25,177LM3,FREX,00,177 ,   33264,   26572,   18654,       0,    1112,    4547,   27684,   23201,    5580,   10063,   33264,   26572,   18654,       0,    1112,    4547,   27684,   23201,    5580,   10063,       0,       0,       0,       0,       0,       0,       0,       0,       0,       0,    -732,    -959,   -3593,       0,      -6,    1103,    -965,   -2490,     233,    1758,  100.0,   79.9,   56.1,    0.0,    3.3,   13.7,   83.2,   69.7,   16.8,   30.3,  100.0,   79.9,   56.1,    0.0,    3.3,   13.7,   83.2,   69.7,   16.8,   30.3,    0.0,    0.0,    0.0,    0.0,    0.0,    0.0,    0.0,    0.0,    0.0,    0.0,    290,    218,     67,      0,      3,      2,    221,     69,    290,    218,     67,      0,      3,      2,    221,     69,      0,      0,      0,      0,      0,      0,      0,      0,    16.7,    30.2,    24.5,    46.0,    16.7,    30.2,    24.5,    46.0,    16.7,    30.2,    24.5,    46.0,    16.7,    30.2,    24.5,    46.0,     0.0,     0.0,     0.0,     0.0,     0.0,     0.0,     0.0,     0.0,(5 Solana x $180 = $900),177LM3,FREX,177 
"NANO XRP - COINBASE DERIVATIVES, LLC",260818,2026-08-18,176LM1,FREX,00,176 ,   27721,   26098,   26580,    1002,       0,       0,   27100,   27582,     621,     139,   27721,   26098,   26580,    1002,       0,       0,   27100,   27582,     621,     139,       0,       0,       0,       0,       0,       0,       0,       0,       0,       0,    1737,    2111,    2149,    -428,       0,       0,    1683,    1721,      54,      16,  100.0,   94.1,   95.9,    3.6,    0.0,    0.0,   97.8,   99.5,    2.2,    0.5,  100.0,   94.1,   95.9,    3.6,    0.0,    0.0,   97.8,   99.5,    2.2,    0.5,    0.0,    0.0,    0.0,    0.0,    0.0,    0.0,    0.0,    0.0,    0.0,    0.0,     42,     28,     14,      1,      0,      0,     29,     14,     42,     28,     14,      1,      0,      0,     29,     14,      0,      0,      0,      0,      0,      0,      0,      0,    88.8,    89.7,    92.7,    98.3,    86.4,    86.1,    89.8,    94.7,    88.8,    89.7,    92.7,    98.3,    86.4,    86.1,    89.8,    94.7,     0.0,     0.0,     0.0,     0.0,     0.0,     0.0,     0.0,     0.0,(500 XRP x $2.00 = $1000),176LM1,FREX,176 
"NANO XRP - COINBASE DERIVATIVES, LLC",260825,2026-08-25,176LM1,FREX,00,176 ,   54370,   53766,   54113,       0,       0,       0,   53766,   54113,     604,     257,   54370,   53766,   54113,       0,       0,       0,   53766,   54113,     604,     257,       0,       0,       0,       0,       0,       0,       0,       0,       0,       0,   26649,   27668,   27533,   -1002,       0,       0,   26666,   26531,     -17,     118,  100.0,   98.9,   99.5,    0.0,    0.0,    0.0,   98.9,   99.5,    1.1,    0.5,  100.0,   98.9,   99.5,    0.0,    0.0,    0.0,   98.9,   99.5,    1.1,    0.5,    0.0,    0.0,    0.0,    0.0,    0.0,    0.0,    0.0,    0.0,    0.0,    0.0,     53,     35,     18,      0,      0,      0,     35,     18,     53,     35,     18,      0,      0,      0,     35,     18,      0,      0,      0,      0,      0,      0,      0,      0,    95.1,    95.5,    96.5,    98.4,    95.1,    95.5,    96.5,    98.4,    95.1,    95.5,    96.5,    98.4,    95.1,    95.5,    96.5,    98.4,     0.0,     0.0,     0.0,     0.0,     0.0,     0.0,     0.0,     0.0,(500 XRP x $2.00 = $1000),176LM1,FREX,176 
"NANO XRP PERP STYLE - COINBASE DERIVATIVES, LLC",260818,2026-08-18,176LM3,FREX,00,176 ,   37693,   31732,   25910,       0,       0,   11072,   31732,   36982,    5961,     711,   37693,   31732,   25910,       0,       0,   11072,   31732,   36982,    5961,     711,       0,       0,       0,       0,       0,       0,       0,       0,       0,       0,    3327,    3042,    3603,       0,       0,    -372,    3042,    3231,     285,      96,  100.0,   84.2,   68.7,    0.0,    0.0,   29.4,   84.2,   98.1,   15.8,    1.9,  100.0,   84.2,   68.7,    0.0,    0.0,   29.4,   84.2,   98.1,   15.8,    1.9,    0.0,    0.0,    0.0,    0.0,    0.0,    0.0,    0.0,    0.0,    0.0,    0.0,    271,    232,     36,      0,      0,      3,    232,     39,    271,    232,     36,      0,      0,      3,    232,     39,      0,      0,      0,      0,      0,      0,      0,      0,    23.7,    68.0,    30.9,    89.6,    23.7,    68.0,    30.9,    89.6,    23.7,    68.0,    30.9,    89.6,    23.7,    68.0,    30.9,    89.6,     0.0,     0.0,     0.0,     0.0,     0.0,     0.0,     0.0,     0.0,(500 XRP x $2.00 = $1000),176LM3,FREX,176 
"NANO XRP PERP STYLE - COINBASE DERIVATIVES, LLC",260825,2026-08-25,176LM3,FREX,00,176 ,   43036,   36766,   27964,       0,     200,   13039,   36966,   41003,    6070,    2033,   43036,   36766,   27964,       0,     200,   13039,   36966,   41003,    6070,    2033,       0,       0,       0,       0,       0,       0,       0,       0,       0,       0,    5343,    5034,    2054,       0,     200,    1967,    5234,    4021,     109,    1322,  100.0,   85.4,   65.0,    0.0,    0.5,   30.3,   85.9,   95.3,   14.1,    4.7,  100.0,   85.4,   65.0,    0.0,    0.5,   30.3,   85.9,   95.3,   14.1,    4.7,    0.0,    0.0,    0.0,    0.0,    0.0,    0.0,    0.0,    0.0,    0.0,    0.0,    273,    217,     52,      0,      1,      3,    218,     55,    273,    217,     52,      0,      1,      3,    218,     55,      0,      0,      0,      0,      0,      0,      0,      0,    31.9,    68.0,    38.8,    86.5,    31.9,    68.0,    38.8,    86.5,    31.9,    68.0,    38.8,    86.5,    31.9,    68.0,    38.8,    86.5,     0.0,     0.0,     0.0,     0.0,     0.0,     0.0,     0.0,     0.0,(500 XRP x $2.00 = $1000),176LM3,FREX,176 
NASDAQ MINI - CHICAGO MERCANTILE EXCHANGE,260818,2026-08-18,209742,CME ,00,209 ,  297931,   83526,   93942,    7644,  157951,  170298,  249121,  271884,   48810,   26047,  297931,   83526,   93942,    7644,  157951,  170298,  249121,  271884,   48810,   26047,       0,       0,       0,       0,       0,       0,       0,       0,       0,       0,   15269,   13198,  -15688,   -2287,    2660,   32482,   13571,   14507,    1698,     762,  100.0,   28.0,   31.5,    2.6,   53.0,   57.2,   83.6,   91.3,   16.4,    8.7,  100.0,   28.0,   31.5,    2.6,   53.0,   57.2,   83.6,   91.3,   16.4,    8.7,    0.0,    0.0,    0.0,    0.0,    0.0,    0.0,    0.0,    0.0,    0.0,    0.0,    302,     74,     55,     26,    121,     97,    213,    161,    302,     74,     55,     26,    121,     97,    213,    161,      0,      0,      0,      0,      0,      0,      0,      0,    19.2,    31.0,    30.9,    46.3,    19.0,    29.8,    30.3,    44.2,    19.2,    31.0,    30.9,    46.3,    19.0,    29.8,    30.3,    44.2,     0.0,     0.0,     0.0,     0.0,     0.0,     0.0,     0.0,     0.0,(NASDAQ 100 STOCK INDEX X $20),209742,CME ,209 
NASDAQ MINI - CHICAGO MERCANTILE EXCHANGE,260825,2026-08-25,209742,CME ,00,209 ,  301987,   88632,   78593,    5771,  156048,  193184,  250451,  277548,   51536,   24439,  301987,   88632,   78593,    5771,  156048,  193184,  250451,  277548,   51536,   24439,       0,       0,       0,       0,       0,       0,       0,       0,       0,       0,    4056,    5106,  -15349,   -1873,   -1903,   22886,    1330,    5664,    2726,   -1608,  100.0,   29.3,   26.0,    1.9,   51.7,   64.0,   82.9,   91.9,   17.1,    8.1,  100.0,   29.3,   26.0,    1.9,   51.7,   64.0,   82.9,   91.9,   17.1,    8.1,    0.0,    0.0,    0.0,    0.0,    0.0,    0.0,    0.0,    0.0,    0.0,    0.0,    291,     74,     52,     29,    120,     85,    210,    150,    291,     74,     52,     29,    120,     85,    210,    150,      0,      0,      0,      0,      0,      0,      0,      0,    20.5,    26.3,    30.9,    42.3,    20.3,    25.5,    30.6,    41.1,    20.5,    26.3,    30.9,    42.3,    20.3,    25.5,    30.6,    41.1,     0.0,     0.0,     0.0,     0.0,     0.0,     0.0,     0.0,     0.0,(NASDAQ 100 STOCK INDEX X $20),209742,CME ,209 
NASDAQ-100 Consolidated - CHICAGO MERCANTILE EXCHANGE,260818,2026-08-18,20974+,CME ,00,209 ,  318247,   79203,   91270,   19793,  165418,  171395,  264414,  282458,   53833,   35789,  318247,   79203,   91270,   19793,  165418,  171395,  264414,  282458,   53833,   35789,       0,       0,       0,       0,       0,       0,       0,       0,       0,       0,   15907,   12390,  -18448,    -892,    2159,   33067,   13658,   13727,    2250,    2180,  100.0,   24.9,   28.7,    6.2,   52.0,   53.9,   83.1,   88.8,   16.9,   11.2,  100.0,   24.9,   28.7,    6.2,   52.0,   53.9,   83.1,   88.8,   16.9,   11.2,    0.0,    0.0,    0.0,    0.0,    0.0,    0.0,    0.0,    0.0,    0.0,    0.0,    345,     90,     63,     40,    134,    104,    250,    185,    345,     90,     63,     40,    134,    104,    250,    185,      0,      0,      0,      0,      0,      0,      0,      0,    18.0,    29.8,    29.0,    44.0,    17.7,    28.4,    28.4,    42.1,    18.0,    29.8,    29.0,    44.0,    17.7,    28.4,    28.4,    42.1,     0.0,     0.0,     0.0,     0.0,     0.0,     0.0,     0.0,     0.0,(NASDAQ 100 INDEX X $20),20974+,CME ,209 
NASDAQ-100 Consolidated - CHICAGO MERCANTILE EXCHANGE,260825,2026-08-25,20974+,CME ,00,209 ,  322190,   83872,   72745,   19368,  162015,  193773,  265255,  285886,   56935,   36304,  322190,   83872,   72745,   19368,  162015,  193773,  265255,  285886,   56935,   36304,       0,       0,       0,       0,       0,       0,       0,       0,       0,       0,    3943,    4669,  -18524,    -425,   -3403,   22377,     841,    3429,    3102,     515,  100.0,   26.0,   22.6,    6.0,   50.3,   60.1,   82.3,   88.7,   17.7,   11.3,  100.0,   26.0,   22.6,    6.0,   50.3,   60.1,   82.3,   88.7,   17.7,   11.3,    0.0,    0.0,    0.0,    0.0,    0.0,    0.0,    0.0,    0.0,    0.0,    0.0,    328,     87,     57,     42,    134,     90,    243,    171,    328,     87,     57,     42,    134,     90,    243,    171,      0,      0,      0,      0,      0,      0,      0,      0,    19.2,    24.8,    29.0,    39.8,    19.0,    24.0,    28.7,    38.2,    19.2,    24.8,    29.0,    39.8,    19.0,    24.0,    28.7,    38.2,     0.0,     0.0,     0.0,     0.0,     0.0,     0.0,     0.0,     0.0,(NASDAQ 100 INDEX X $20),20974+,CME ,209 
NAT GAS ICE LD1 - ICE FUTURES ENERGY DIV,260818,2026-08-18,023391,IFED,01,023 , 7993338,  792215,  717596, 1507464, 5657012, 5749712, 7956691, 7974772,   36647,   18566, 7993338,  792215,  717596, 1507464, 5657012, 5749712, 7956691, 7974772,   36647,   18566,       0,       0,       0,       0,       0,       0,       0,       0,       0,       0,  120259,   -1058,    8774,   48981,   70902,   60179,  118825,  117934,    1434,    2325,  100.0,    9.9,    9.0,   18.9,   70.8,   71.9,   99.5,   99.8,    0.5,    0.2,  100.0,    9.9,    9.0,   18.9,   70.8,   71.9,   99.5,   99.8,    0.5,    0.2,    0.0,    0.0,    0.0,    0.0,    0.0,    0.0,    0.0,    0.0,    0.0,    0.0,    280,     44,     38,     69,    183,    146,    263,    219,    280,     44,     38,     69,    183,    146,    263,    219,      0,      0,      0,      0,      0,      0,      0,      0,    21.7,    34.0,    34.2,    49.2,    17.2,    30.1,    28.2,    43.3,    21.7,    34.0,    34.2,    49.2,    17.2,    30.1,    28.2,    43.3,     0.0,     0.0,     0.0,     0.0,     0.0,     0.0,     0.0,     0.0,"(Contracts of 2,500  MMBTU'S)",023391,IFED,023 
NAT GAS ICE LD1 - ICE FUTURES ENERGY DIV,260825,2026-08-25,023391,IFED,01,023 , 8161366,  803914,  728372, 1619836, 5697547, 5792362, 8121297, 8140570,   40069,   20796, 8161366,  803914,  728372, 1619836, 5697547, 5792362, 8121297, 8140570,   40069,   20796,       0,       0,       0,       0,       0,       0,       0,       0,       0,       0,  168028,   11699,   10776,  112372,   40535,   42650,  164606,  165798,    3422,    2230,  100.0,    9.9,    8.9,   19.8,   69.8,   71.0,   99.5,   99.7,    0.5,    0.3,  100.0,    9.9,    8.9,   19.8,   69.8,   71.0,   99.5,   99.7,    0.5,    0.3,    0.0,    0.0,    0.0,    0.0,    0.0,    0.0,    0.0,    0.0,    0.0,    0.0,    284,     42,     41,     70,    184,    146,    263,    222,    284,     42,     41,     70,    184,    146,    263,    222,      0,      0,      0,      0,      0,      0,      0,      0,    21.3,    33.6,    33.8,    48.6,    16.9,    29.4,    27.8,    42.4,    21.3,    33.6,    33.8,    48.6,    16.9,    29.4,    27.8,    42.4,     0.0,     0.0,     0.0,     0.0,     0.0,     0.0,     0.0,     0.0,"(Contracts of 2,500  MMBTU'S)",023391,IFED,023 
NAT GAS ICE PEN - ICE FUTURES ENERGY DIV,260818,2026-08-18,023392,IFED,01,023 ,  712286,  121060,  215457,  173505,  417117,  322576,  711682,  711538,     604,     748,  712286,  121060,  215457,  173505,  417117,  322576,  711682,  711538,     604,     748,       0,       0,       0,       0,       0,       0,       0,       0,       0,       0,    5875,   11116,   15299,    -833,   -4408,   -8557,    5875,    5909,       0,     -34,  100.0,   17.0,   30.2,   24.4,   58.6,   45.3,   99.9,   99.9,    0.1,    0.1,  100.0,   17.0,   30.2,   24.4,   58.6,   45.3,   99.9,   99.9,    0.1,    0.1,    0.0,    0.0,    0.0,    0.0,    0.0,    0.0,    0.0,    0.0,    0.0,    0.0,     73,     21,     14,     30,     34,     33,     66,     66,     73,     21,     14,     30,     34,     33,     66,     66,      0,      0,      0,      0,      0,      0,      0,      0,    35.4,    41.7,    56.3,    67.6,    22.4,    29.7,    33.1,    39.2,    35.4,    41.7,    56.3,    67.6,    22.4,    29.7,    33.1,    39.2,     0.0,     0.0,     0.0,     0.0,     0.0,     0.0,     0.0,     0.0,"(Contracts of 2,500  MMBTU'S)",023392,IFED,023 
NAT GAS ICE PEN - ICE FUTURES ENERGY DIV,260825,2026-08-25,023392,IFED,01,023 ,  752027,  133260,  246167,  176662,  441494,  328487,  751416,  751316,     611,     711,  752027,  133260,  246167,  176662,  441494,  328487,  751416,  751316,     611,     711,       0,       0,       0,       0,       0,       0,       0,       0,       0,       0,   39741,   12200,   30710,    3157,   24377,    5911,   39734,   39778,       7,     -37,  100.0,   17.7,   32.7,   23.5,   58.7,   43.7,   99.9,   99.9,    0.1,    0.1,  100.0,   17.7,   32.7,   23.5,   58.7,   43.7,   99.9,   99.9,    0.1,    0.1,    0.0,    0.0,    0.0,    0.0,    0.0,    0.0,    0.0,    0.0,    0.0,    0.0,     72,     23,     12,     30,     33,     33,     65,     66,     72,     23,     12,     30,     33,     33,     65,     66,      0,      0,      0,      0,      0,      0,      0,      0,    35.4,    44.7,    55.2,    70.5,    21.9,    32.5,    32.2,    41.1,    35.4,    44.7,    55.2,    70.5,    21.9,    32.5,    32.2,    41.1,     0.0,     0.0,     0.0,     0.0,     0.0,     0.0,     0.0,     0.0,"(Contracts of 2,500  MMBTU'S)",023392,IFED,023 
NAT GAS LD1 for GDD -TEXOK - ICE FUTURES ENERGY DIV,260818,2026-08-18,0233AT,IFED,01,023 ,  132038,    5954,   11042,       0,  124584,  119208,  130538,  130250,    1500,    1788,  132038,    5954,   11042,       0,  124584,  119208,  130538,  130250,    1500,    1788,       0,       0,       0,       0,       0,       0,       0,       0,       0,       0,    2550,     840,    1620,       0,    1560,     930,    2400,    2550,     150,       0,  100.0,    4.5,    8.4,    0.0,   94.4,   90.3,   98.9,   98.6,    1.1,    1.4,  100.0,    4.5,    8.4,    0.0,   94.4,   90.3,   98.9,   98.6,    1.1,    1.4,    0.0,    0.0,    0.0,    0.0,    0.0,    0.0,    0.0,    0.0,    0.0,    0.0,     44,      4,      3,      0,     24,     24,     28,     27,     44,      4,      3,      0,     24,     24,     28,     27,      0,      0,      0,      0,      0,      0,      0,      0,    75.7,    43.0,    88.1,    66.7,    74.3,    40.6,    84.2,    64.2,    75.7,    43.0,    88.1,    66.7,    74.3,    40.6,    84.2,    64.2,     0.0,     0.0,     0.0,     0.0,     0.0,     0.0,     0.0,     0.0,2500 mmbtu,0233AT,IFED,023 
NAT GAS LD1 for GDD -TEXOK - ICE FUTURES ENERGY DIV,260825,2026-08-25,0233AT,IFED,01,023 ,  142146,    7909,   12482,       0,  133198,  127156,  141107,  139638,    1039,    2508,  142146,    7909,   12482,       0,  133198,  127156,  141107,  139638,    1039,    2508,       0,       0,       0,       0,       0,       0,       0,       0,       0,       0,   10108,    1955,    1440,       0,    8614,    7948,   10569,    9388,    -461,     720,  100.0,    5.6,    8.8,    0.0,   93.7,   89.5,   99.3,   98.2,    0.7,    1.8,  100.0,    5.6,    8.8,    0.0,   93.7,   89.5,   99.3,   98.2,    0.7,    1.8,    0.0,    0.0,    0.0,    0.0,    0.0,    0.0,    0.0,    0.0,    0.0,    0.0,     48,      5,      4,      0,     28,     24,     33,     28,     48,      5,      4,      0,     28,     24,     33,     28,      0,      0,      0,      0,      0,      0,      0,      0,    72.0,    41.4,    85.8,    66.4,    69.8,    38.9,    81.7,    63.8,    72.0,    41.4,    85.8,    66.4,    69.8,    38.9,    81.7,    63.8,     0.0,     0.0,     0.0,     0.0,     0.0,     0.0,     0.0,     0.0,2500 mmbtu,0233AT,IFED,023 
NAT GAS NYME - NEW YORK MERCANTILE EXCHANGE,260818,2026-08-18,023651,NYME,01,023 , 1727378,  310806,  514309,  795159,  564584,  376258, 1670549, 1685726,   56829,   41652, 1727378,  310806,  514309,  795159,  564584,  376258, 1670549, 1685726,   56829,   41652,       0,       0,       0,       0,       0,       0,       0,       0,       0,       0,   34967,   10095,   16463,   12155,   11103,    3454,   33353,   32072,    1614,    2895,  100.0,   18.0,   29.8,   46.0,   32.7,   21.8,   96.7,   97.6,    3.3,    2.4,  100.0,   18.0,   29.8,   46.0,   32.7,   21.8,   96.7,   97.6,    3.3,    2.4,    0.0,    0.0,    0.0,    0.0,    0.0,    0.0,    0.0,    0.0,    0.0,    0.0,    330,    114,    119,    159,     83,     69,    293,    261,    330,    114,    119,    159,     83,     69,    293,    261,      0,      0,      0,      0,      0,      0,      0,      0,    16.8,    23.4,    26.3,    34.4,     9.1,    11.1,    14.0,    15.5,    16.8,    23.4,    26.3,    34.4,     9.1,    11.1,    14.0,    15.5,     0.0,     0.0,     0.0,     0.0,     0.0,     0.0,     0.0,     0.0,"(Contracts of 10,000 MMBTU'S)",023651,NYME,023 
NAT GAS NYME - NEW YORK MERCANTILE EXCHANGE,260825,2026-08-25,023651,NYME,01,023 , 1747730,  313777,  511709,  804662,  572041,  384304, 1690480, 1700675,   57250,   47055, 1747730,  313777,  511709,  804662,  572041,  384304, 1690480, 1700675,   57250,   47055,       0,       0,       0,       0,       0,       0,       0,       0,       0,       0,   20352,    2971,   -2600,    9503,    7457,    8046,   19931,   14949,     421,    5403,  100.0,   18.0,   29.3,   46.0,   32.7,   22.0,   96.7,   97.3,    3.3,    2.7,  100.0,   18.0,   29.3,   46.0,   32.7,   22.0,   96.7,   97.3,    3.3,    2.7,    0.0,    0.0,    0.0,    0.0,    0.0,    0.0,    0.0,    0.0,    0.0,    0.0,    319,    115,    109,    151,     81,     68,    288,    246,    319,    115,    109,    151,     81,     68,    288,    246,      0,      0,      0,      0,      0,      0,      0,      0,    17.2,    24.0,    27.0,    35.2,     8.9,    11.0,    13.6,    15.2,    17.2,    24.0,    27.0,    35.2,     8.9,    11.0,    13.6,    15.2,     0.0,     0.0,     0.0,     0.0,     0.0,     0.0,     0.0,     0.0,"(Contracts of 10,000 MMBTU'S)",023651,NYME,023 
NAT GAS TETCO-WLA INDEX - ICE FUTURES ENERGY DIV,260825,2026-08-25,0233EP,IFED,01,023 ,   21437,     390,   11485,       0,   20806,    9358,   21196,   20843,     241,     594,   21437,     390,   11485,       0,   20806,    9358,   21196,   20843,     241,     594,       0,       0,       0,       0,       0,       0,       0,       0,       0,       0,.,.,.,.,.,.,.,.,.,.,  100.0,    1.8,   53.6,    0.0,   97.1,   43.7,   98.9,   97.2,    1.1,    2.8,  100.0,    1.8,   53.6,    0.0,   97.1,   43.7,   98.9,   97.2,    1.1,    2.8,    0.0,    0.0,    0.0,    0.0,    0.0,    0.0,    0.0,    0.0,    0.0,    0.0,     21,      1,      3,      0,     13,      6,     14,      9,     21,      1,      3,      0,     13,      6,     14,      9,      0,      0,      0,      0,      0,      0,      0,      0,    57.8,    82.0,    84.4,    95.2,    57.8,    75.2,    81.0,    86.5,    57.8,    82.0,    84.4,    95.2,    57.8,    75.2,    81.0,    86.5,     0.0,     0.0,     0.0,     0.0,     0.0,     0.0,     0.0,     0.0,2500 MMBtus,0233EP,IFED,023 
NAT GASLNE OPIS MT B NONTET FP - ICE FUTURES ENERGY DIV,260818,2026-08-18,06641A,IFED,01,066 ,   16915,     208,    2586,     719,   15858,   12463,   16785,   15768,     130,    1147,   16915,     208,    2586,     719,   15858,   12463,   16785,   15768,     130,    1147,       0,       0,       0,       0,       0,       0,       0,       0,       0,       0,     363,       0,     345,       0,     340,      82,     340,     427,      23,     -64,  100.0,    1.2,   15.3,    4.3,   93.8,   73.7,   99.2,   93.2,    0.8,    6.8,  100.0,    1.2,   15.3,    4.3,   93.8,   73.7,   99.2,   93.2,    0.8,    6.8,    0.0,    0.0,    0.0,    0.0,    0.0,    0.0,    0.0,    0.0,    0.0,    0.0,     34,      2,      2,      1,     24,     26,     27,     28,     34,      2,      2,      1,     24,     26,     27,     28,      0,      0,      0,      0,      0,      0,      0,      0,    62.1,    60.0,    82.2,    74.3,    50.2,    45.0,    60.8,    55.2,    62.1,    60.0,    82.2,    74.3,    50.2,    45.0,    60.8,    55.2,     0.0,     0.0,     0.0,     0.0,     0.0,     0.0,     0.0,     0.0,42000 gallons(1000 barrels),06641A,IFED,066 
NAT GASLNE OPIS MT B NONTET FP - ICE FUTURES ENERGY DIV,260825,2026-08-25,06641A,IFED,01,066 ,   17120,     198,    2744,     570,   16232,   12599,   17000,   15913,     120,    1207,   17120,     198,    2744,     570,   16232,   12599,   17000,   15913,     120,    1207,       0,       0,       0,       0,       0,       0,       0,       0,       0,       0,     205,     -10,     158,    -149,     374,     136,     215,     145,     -10,      60,  100.0,    1.2,   16.0,    3.3,   94.8,   73.6,   99.3,   92.9,    0.7,    7.1,  100.0,    1.2,   16.0,    3.3,   94.8,   73.6,   99.3,   92.9,    0.7,    7.1,    0.0,    0.0,    0.0,    0.0,    0.0,    0.0,    0.0,    0.0,    0.0,    0.0,     34,      2,      2,      2,     23,     26,     27,     28,     34,      2,      2,      2,     23,     26,     27,     28,      0,      0,      0,      0,      0,      0,      0,      0,    63.7,    59.9,    82.1,    75.0,    52.7,    47.3,    63.1,    57.5,    63.7,    59.9,    82.1,    75.0,    52.7,    47.3,    63.1,    57.5,     0.0,     0.0,     0.0,     0.0,     0.0,     0.0,     0.0,     0.0,42000 gallons(1000 barrels),06641A,IFED,066 
NATURAL GAS INDEX: EP SAN JUAN - ICE FUTURES ENERGY DIV,260825,2026-08-25,0233AX,IFED,01,023 ,   17127,       0,       0,       0,   14722,   16151,   14722,   16151,    2405,     976,   17127,       0,       0,       0,   14722,   16151,   14722,   16151,    2405,     976,       0,       0,       0,       0,       0,       0,       0,       0,       0,       0,.,.,.,.,.,.,.,.,.,.,  100.0,    0.0,    0.0,    0.0,   86.0,   94.3,   86.0,   94.3,   14.0,    5.7,  100.0,    0.0,    0.0,    0.0,   86.0,   94.3,   86.0,   94.3,   14.0,    5.7,    0.0,    0.0,    0.0,    0.0,    0.0,    0.0,    0.0,    0.0,    0.0,    0.0,     20,      0,      0,      0,     13,     15,     13,     15,     20,      0,      0,      0,     13,     15,     13,     15,      0,      0,      0,      0,      0,      0,      0,      0,    57.8,    55.2,    76.7,    76.6,    39.7,    41.6,    52.3,    57.8,    57.8,    55.2,    76.7,    76.6,    39.7,    41.6,    52.3,    57.8,     0.0,     0.0,     0.0,     0.0,     0.0,     0.0,     0.0,     0.0,2500 MMBtu,0233AX,IFED,023 
"NEAR PROTOCAL PERP STYLE - COINBASE DERIVATIVES, LLC",260818,2026-08-18,180LM7,FREX,00,180 ,    1418,     793,    1213,       0,       0,       0,     793,    1213,     625,     205,    1418,     793,    1213,       0,       0,       0,     793,    1213,     625,     205,       0,       0,       0,       0,       0,       0,       0,       0,       0,       0,    -102,     -36,     -68,       0,       0,       0,     -36,     -68,     -66,     -34,  100.0,   55.9,   85.5,    0.0,    0.0,    0.0,   55.9,   85.5,   44.1,   14.5,  100.0,   55.9,   85.5,    0.0,    0.0,    0.0,   55.9,   85.5,   44.1,   14.5,    0.0,    0.0,    0.0,    0.0,    0.0,    0.0,    0.0,    0.0,    0.0,    0.0,     29,     19,     10,      0,      0,      0,     19,     10,     29,     19,     10,      0,      0,      0,     19,     10,      0,      0,      0,      0,      0,      0,      0,      0,    15.0,    68.8,    29.1,    81.5,    15.0,    68.8,    29.1,    81.5,    15.0,    68.8,    29.1,    81.5,    15.0,    68.8,    29.1,    81.5,     0.0,     0.0,     0.0,     0.0,     0.0,     0.0,     0.0,     0.0,(500 NER),180LM7,FREX,180 
"NEAR PROTOCAL PERP STYLE - COINBASE DERIVATIVES, LLC",260825,2026-08-25,180LM7,FREX,00,180 ,    1353,     755,    1186,       0,       0,       0,     755,    1186,     598,     167,    1353,     755,    1186,       0,       0,       0,     755,    1186,     598,     167,       0,       0,       0,       0,       0,       0,       0,       0,       0,       0,     -65,     -38,     -27,       0,       0,       0,     -38,     -27,     -27,     -38,  100.0,   55.8,   87.7,    0.0,    0.0,    0.0,   55.8,   87.7,   44.2,   12.3,  100.0,   55.8,   87.7,    0.0,    0.0,    0.0,   55.8,   87.7,   44.2,   12.3,    0.0,    0.0,    0.0,    0.0,    0.0,    0.0,    0.0,    0.0,    0.0,    0.0,     25,     17,      8,      0,      0,      0,     17,      8,     25,     17,      8,      0,      0,      0,     17,      8,      0,      0,      0,      0,      0,      0,      0,      0,    17.7,    74.7,    32.5,    87.7,    17.7,    74.7,    32.5,    87.7,    17.7,    74.7,    32.5,    87.7,    17.7,    74.7,    32.5,    87.7,     0.0,     0.0,     0.0,     0.0,     0.0,     0.0,     0.0,     0.0,(500 NER),180LM7,FREX,180 
NEPOOL DUAL RECs CLASS 1 - ICE FUTURES ENERGY DIV,260818,2026-08-18,0063DQ,IFED,01,006 ,   12760,    1065,    7546,     905,   10790,    4234,   12760,   12685,       0,      75,   12760,    1065,    7546,     905,   10790,    4234,   12760,   12685,       0,      75,       0,       0,       0,       0,       0,       0,       0,       0,       0,       0,       0,       0,       0,       0,       0,       0,       0,       0,       0,       0,  100.0,    8.3,   59.1,    7.1,   84.6,   33.2,  100.0,   99.4,    0.0,    0.6,  100.0,    8.3,   59.1,    7.1,   84.6,   33.2,  100.0,   99.4,    0.0,    0.6,    0.0,    0.0,    0.0,    0.0,    0.0,    0.0,    0.0,    0.0,    0.0,    0.0,     22,      1,      3,      1,     13,      8,     14,     12,     22,      1,      3,      1,     13,      8,     14,     12,      0,      0,      0,      0,      0,      0,      0,      0,    51.1,    67.0,    79.5,    92.0,    44.0,    67.0,    70.5,    85.0,    51.1,    67.0,    79.5,    92.0,    44.0,    67.0,    70.5,    85.0,     0.0,     0.0,     0.0,     0.0,     0.0,     0.0,     0.0,     0.0,100 MWh of Class 1 Renewable Energy Cert,0063DQ,IFED,006 
NEPOOL DUAL RECs CLASS 1 - ICE FUTURES ENERGY DIV,260825,2026-08-25,0063DQ,IFED,01,006 ,   12760,    1065,    7546,     905,   10790,    4234,   12760,   12685,       0,      75,   12760,    1065,    7546,     905,   10790,    4234,   12760,   12685,       0,      75,       0,       0,       0,       0,       0,       0,       0,       0,       0,       0,       0,       0,       0,       0,       0,       0,       0,       0,       0,       0,  100.0,    8.3,   59.1,    7.1,   84.6,   33.2,  100.0,   99.4,    0.0,    0.6,  100.0,    8.3,   59.1,    7.1,   84.6,   33.2,  100.0,   99.4,    0.0,    0.6,    0.0,    0.0,    0.0,    0.0,    0.0,    0.0,    0.0,    0.0,    0.0,    0.0,     22,      1,      3,      1,     13,      8,     14,     12,     22,      1,      3,      1,     13,      8,     14,     12,      0,      0,      0,      0,      0,      0,      0,      0,    51.1,    67.0,    79.5,    92.0,    44.0,    67.0,    70.5,    85.0,    51.1,    67.0,    79.5,    92.0,    44.0,    67.0,    70.5,    85.0,     0.0,     0.0,     0.0,     0.0,     0.0,     0.0,     0.0,     0.0,100 MWh of Class 1 Renewable Energy Cert,0063DQ,IFED,006 
NEW JERSEY RECs CLASS 2 V2027 - NODAL EXCHANGE,260818,2026-08-18,006NMM,NODX,01,006 ,   10806,    4495,     350,       0,    6311,   10456,   10806,   10806,       0,       0,   10806,    4495,     350,       0,    6311,   10456,   10806,   10806,       0,       0,       0,       0,       0,       0,       0,       0,       0,       0,       0,       0,      50,       0,       0,       0,      50,      50,      50,      50,       0,       0,  100.0,   41.6,    3.2,    0.0,   58.4,   96.8,  100.0,  100.0,    0.0,    0.0,  100.0,   41.6,    3.2,    0.0,   58.4,   96.8,  100.0,  100.0,    0.0,    0.0,    0.0,    0.0,    0.0,    0.0,    0.0,    0.0,    0.0,    0.0,    0.0,    0.0,     24,      6,      1,      0,     13,      4,     19,      5,     24,      6,      1,      0,     13,      4,     19,      5,      0,      0,      0,      0,      0,      0,      0,      0,    54.8,    96.8,    81.7,   100.0,    54.8,    96.8,    81.7,   100.0,    54.8,    96.8,    81.7,   100.0,    54.8,    96.8,    81.7,   100.0,     0.0,     0.0,     0.0,     0.0,     0.0,     0.0,     0.0,     0.0,(100 MWh representing 100 NJ Class 2 REC,006NMM,NODX,006 
NEW JERSEY RECs CLASS 2 V2027 - NODAL EXCHANGE,260825,2026-08-25,006NMM,NODX,01,006 ,   10806,    4495,     350,       0,    6311,   10456,   10806,   10806,       0,       0,   10806,    4495,     350,       0,    6311,   10456,   10806,   10806,       0,       0,       0,       0,       0,       0,       0,       0,       0,       0,       0,       0,       0,       0,       0,       0,       0,       0,       0,       0,       0,       0,  100.0,   41.6,    3.2,    0.0,   58.4,   96.8,  100.0,  100.0,    0.0,    0.0,  100.0,   41.6,    3.2,    0.0,   58.4,   96.8,  100.0,  100.0,    0.0,    0.0,    0.0,    0.0,    0.0,    0.0,    0.0,    0.0,    0.0,    0.0,    0.0,    0.0,     24,      6,      1,      0,     13,      4,     19,      5,     24,      6,      1,      0,     13,      4,     19,      5,      0,      0,      0,      0,      0,      0,      0,      0,    54.8,    96.8,    81.7,   100.0,    54.8,    96.8,    81.7,   100.0,    54.8,    96.8,    81.7,   100.0,    54.8,    96.8,    81.7,   100.0,     0.0,     0.0,     0.0,     0.0,     0.0,     0.0,     0.0,     0.0,(100 MWh representing 100 NJ Class 2 REC,006NMM,NODX,006 
NEW JERSEY RECs CLASS 2 V2028 - NODAL EXCHANGE,260818,2026-08-18,006NMW,NODX,01,006 ,    4361,    2110,    1866,       0,    2251,    2495,    4361,    4361,       0,       0,    4361,    2110,    1866,       0,    2251,    2495,    4361,    4361,       0,       0,       0,       0,       0,       0,       0,       0,       0,       0,       0,       0,.,.,.,.,.,.,.,.,.,.,  100.0,   48.4,   42.8,    0.0,   51.6,   57.2,  100.0,  100.0,    0.0,    0.0,  100.0,   48.4,   42.8,    0.0,   51.6,   57.2,  100.0,  100.0,    0.0,    0.0,    0.0,    0.0,    0.0,    0.0,    0.0,    0.0,    0.0,    0.0,    0.0,    0.0,     21,      5,      2,      0,      9,      5,     14,      7,     21,      5,      2,      0,      9,      5,     14,      7,      0,      0,      0,      0,      0,      0,      0,      0,    61.9,    89.7,    88.3,   100.0,    61.9,    89.7,    88.3,   100.0,    61.9,    89.7,    88.3,   100.0,    61.9,    89.7,    88.3,   100.0,     0.0,     0.0,     0.0,     0.0,     0.0,     0.0,     0.0,     0.0,100 MWh representing 100 NJ Class 2 RECs,006NMW,NODX,006 
NEW JERSEY RECs CLASS 2 V2028 - NODAL EXCHANGE,260825,2026-08-25,006NMW,NODX,01,006 ,    4361,    2110,    1866,       0,    2251,    2495,    4361,    4361,       0,       0,    4361,    2110,    1866,       0,    2251,    2495,    4361,    4361,       0,       0,       0,       0,       0,       0,       0,       0,       0,       0,       0,       0,       0,       0,       0,       0,       0,       0,       0,       0,       0,       0,  100.0,   48.4,   42.8,    0.0,   51.6,   57.2,  100.0,  100.0,    0.0,    0.0,  100.0,   48.4,   42.8,    0.0,   51.6,   57.2,  100.0,  100.0,    0.0,    0.0,    0.0,    0.0,    0.0,    0.0,    0.0,    0.0,    0.0,    0.0,    0.0,    0.0,     21,      5,      2,      0,      9,      5,     14,      7,     21,      5,      2,      0,      9,      5,     14,      7,      0,      0,      0,      0,      0,      0,      0,      0,    61.9,    89.7,    88.3,   100.0,    61.9,    89.7,    88.3,   100.0,    61.9,    89.7,    88.3,   100.0,    61.9,    89.7,    88.3,   100.0,     0.0,     0.0,     0.0,     0.0,     0.0,     0.0,     0.0,     0.0,100 MWh representing 100 NJ Class 2 RECs,006NMW,NODX,006 
NGPL MIDCONT BASIS - ICE FUTURES ENERGY DIV,260818,2026-08-18,0233AY,IFED,01,023 ,   98827,       0,    1552,     428,   91359,   84295,   91787,   86275,    7040,   12552,   98827,       0,    1552,     428,   91359,   84295,   91787,   86275,    7040,   12552,       0,       0,       0,       0,       0,       0,       0,       0,       0,       0,     113,       0,       0,       0,     -32,     578,     -32,     578,     145,    -465,  100.0,    0.0,    1.6,    0.4,   92.4,   85.3,   92.9,   87.3,    7.1,   12.7,  100.0,    0.0,    1.6,    0.4,   92.4,   85.3,   92.9,   87.3,    7.1,   12.7,    0.0,    0.0,    0.0,    0.0,    0.0,    0.0,    0.0,    0.0,    0.0,    0.0,     24,      0,      1,      1,     18,     18,     19,     19,     24,      0,      1,      1,     18,     18,     19,     19,      0,      0,      0,      0,      0,      0,      0,      0,    67.8,    50.4,    85.1,    73.3,    66.1,    48.3,    76.7,    66.7,    67.8,    50.4,    85.1,    73.3,    66.1,    48.3,    76.7,    66.7,     0.0,     0.0,     0.0,     0.0,     0.0,     0.0,     0.0,     0.0,2500 mmbtu,0233AY,IFED,023 
NGPL MIDCONT BASIS - ICE FUTURES ENERGY DIV,260825,2026-08-25,0233AY,IFED,01,023 ,   99344,       0,    1552,     428,   90981,   84182,   91409,   86162,    7935,   13182,   99344,       0,    1552,     428,   90981,   84182,   91409,   86162,    7935,   13182,       0,       0,       0,       0,       0,       0,       0,       0,       0,       0,     517,       0,       0,       0,    -378,    -113,    -378,    -113,     895,     630,  100.0,    0.0,    1.6,    0.4,   91.6,   84.7,   92.0,   86.7,    8.0,   13.3,  100.0,    0.0,    1.6,    0.4,   91.6,   84.7,   92.0,   86.7,    8.0,   13.3,    0.0,    0.0,    0.0,    0.0,    0.0,    0.0,    0.0,    0.0,    0.0,    0.0,     24,      0,      1,      1,     18,     18,     19,     19,     24,      0,      1,      1,     18,     18,     19,     19,      0,      0,      0,      0,      0,      0,      0,      0,    67.3,    50.2,    84.5,    72.9,    65.6,    48.1,    76.1,    66.4,    67.3,    50.2,    84.5,    72.9,    65.6,    48.1,    76.1,    66.4,     0.0,     0.0,     0.0,     0.0,     0.0,     0.0,     0.0,     0.0,2500 mmbtu,0233AY,IFED,023 
NGPL TXOK BASIS - ICE FUTURES ENERGY DIV,260818,2026-08-18,0233B1,IFED,01,023 ,  640266,   22018,   69693,    5342,  607663,  555908,  635023,  630943,    5243,    9323,  640266,   22018,   69693,    5342,  607663,  555908,  635023,  630943,    5243,    9323,       0,       0,       0,       0,       0,       0,       0,       0,       0,       0,    6573,     970,    8380,     823,    4355,   -2169,    6148,    7034,     425,    -461,  100.0,    3.4,   10.9,    0.8,   94.9,   86.8,   99.2,   98.5,    0.8,    1.5,  100.0,    3.4,   10.9,    0.8,   94.9,   86.8,   99.2,   98.5,    0.8,    1.5,    0.0,    0.0,    0.0,    0.0,    0.0,    0.0,    0.0,    0.0,    0.0,    0.0,     71,      5,      9,      7,     48,     41,     57,     53,     71,      5,      9,      7,     48,     41,     57,     53,      0,      0,      0,      0,      0,      0,      0,      0,    43.6,    55.6,    59.8,    67.6,    43.3,    53.9,    58.9,    64.8,    43.6,    55.6,    59.8,    67.6,    43.3,    53.9,    58.9,    64.8,     0.0,     0.0,     0.0,     0.0,     0.0,     0.0,     0.0,     0.0,2500 mmbtu,0233B1,IFED,023 
NGPL TXOK BASIS - ICE FUTURES ENERGY DIV,260825,2026-08-25,0233B1,IFED,01,023 ,  656091,   23214,   80065,    6219,  622119,  561315,  651552,  647599,    4539,    8492,  656091,   23214,   80065,    6219,  622119,  561315,  651552,  647599,    4539,    8492,       0,       0,       0,       0,       0,       0,       0,       0,       0,       0,   15825,    1196,   10372,     877,   14456,    5407,   16529,   16656,    -704,    -831,  100.0,    3.5,   12.2,    0.9,   94.8,   85.6,   99.3,   98.7,    0.7,    1.3,  100.0,    3.5,   12.2,    0.9,   94.8,   85.6,   99.3,   98.7,    0.7,    1.3,    0.0,    0.0,    0.0,    0.0,    0.0,    0.0,    0.0,    0.0,    0.0,    0.0,     75,      4,     13,      7,     49,     41,     58,     56,     75,      4,     13,      7,     49,     41,     58,     56,      0,      0,      0,      0,      0,      0,      0,      0,    43.7,    55.9,    60.2,    68.3,    43.4,    54.2,    59.3,    65.6,    43.7,    55.9,    60.2,    68.3,    43.4,    54.2,    59.3,    65.6,     0.0,     0.0,     0.0,     0.0,     0.0,     0.0,     0.0,     0.0,2500 mmbtu,0233B1,IFED,023 
NIKKEI STOCK AVERAGE YEN DENOM - CHICAGO MERCANTILE EXCHANGE,260818,2026-08-18,240743,CME ,00,240 ,   31049,    6003,    3480,     568,   18360,   11789,   24931,   15837,    6118,   15212,   31049,    6003,    3480,     568,   18360,   11789,   24931,   15837,    6118,   15212,       0,       0,       0,       0,       0,       0,       0,       0,       0,       0,    2186,     982,    -168,     -53,     713,    1958,    1642,    1737,     544,     449,  100.0,   19.3,   11.2,    1.8,   59.1,   38.0,   80.3,   51.0,   19.7,   49.0,  100.0,   19.3,   11.2,    1.8,   59.1,   38.0,   80.3,   51.0,   19.7,   49.0,    0.0,    0.0,    0.0,    0.0,    0.0,    0.0,    0.0,    0.0,    0.0,    0.0,     46,     12,      8,      3,     17,     11,     30,     21,     46,     12,      8,      3,     17,     11,     30,     21,      0,      0,      0,      0,      0,      0,      0,      0,    35.9,    30.5,    50.7,    39.7,    35.9,    30.5,    50.7,    38.5,    35.9,    30.5,    50.7,    39.7,    35.9,    30.5,    50.7,    38.5,     0.0,     0.0,     0.0,     0.0,     0.0,     0.0,     0.0,     0.0,(NIKKEI INDEX X JPY 500),240743,CME ,240 
NIKKEI STOCK AVERAGE YEN DENOM - CHICAGO MERCANTILE EXCHANGE,260825,2026-08-25,240743,CME ,00,240 ,   31113,    6624,    3330,     510,   18522,    9377,   25656,   13217,    5457,   17896,   31113,    6624,    3330,     510,   18522,    9377,   25656,   13217,    5457,   17896,       0,       0,       0,       0,       0,       0,       0,       0,       0,       0,      64,     621,    -150,     -58,     162,   -2412,     725,   -2620,    -661,    2684,  100.0,   21.3,   10.7,    1.6,   59.5,   30.1,   82.5,   42.5,   17.5,   57.5,  100.0,   21.3,   10.7,    1.6,   59.5,   30.1,   82.5,   42.5,   17.5,   57.5,    0.0,    0.0,    0.0,    0.0,    0.0,    0.0,    0.0,    0.0,    0.0,    0.0,     44,     15,      6,      3,     16,      9,     31,     18,     44,     15,      6,      3,     16,      9,     31,     18,      0,      0,      0,      0,      0,      0,      0,      0,    36.2,    26.9,    51.6,    34.7,    36.2,    26.9,    51.6,    33.1,    36.2,    26.9,    51.6,    34.7,    36.2,    26.9,    51.6,    33.1,     0.0,     0.0,     0.0,     0.0,     0.0,     0.0,     0.0,     0.0,(NIKKEI INDEX X JPY 500),240743,CME ,240 
NJ COMPLIANCE RECs CLASS 1 - ICE FUTURES ENERGY DIV,260818,2026-08-18,0063DR,IFED,01,006 ,   26688,   12085,    7822,       0,   14602,   18866,   26687,   26688,       1,       0,   26688,   12085,    7822,       0,   14602,   18866,   26687,   26688,       1,       0,       0,       0,       0,       0,       0,       0,       0,       0,       0,       0,    1200,     100,     800,       0,    1100,     400,    1200,    1200,       0,       0,  100.0,   45.3,   29.3,    0.0,   54.7,   70.7,  100.0,  100.0,    0.0,    0.0,  100.0,   45.3,   29.3,    0.0,   54.7,   70.7,  100.0,  100.0,    0.0,    0.0,    0.0,    0.0,    0.0,    0.0,    0.0,    0.0,    0.0,    0.0,    0.0,    0.0,     22,      4,      4,      0,     11,      5,     15,      9,     22,      4,      4,      0,     11,      5,     15,      9,      0,      0,      0,      0,      0,      0,      0,      0,    74.9,    93.6,    92.7,    99.8,    74.9,    93.6,    92.7,    99.5,    74.9,    93.6,    92.7,    99.8,    74.9,    93.6,    92.7,    99.5,     0.0,     0.0,     0.0,     0.0,     0.0,     0.0,     0.0,     0.0,100 MWh of Class 1 Renewable Energy Cert,0063DR,IFED,006 
NJ COMPLIANCE RECs CLASS 1 - ICE FUTURES ENERGY DIV,260825,2026-08-25,0063DR,IFED,01,006 ,   26688,   12085,    7822,       0,   14602,   18866,   26687,   26688,       1,       0,   26688,   12085,    7822,       0,   14602,   18866,   26687,   26688,       1,       0,       0,       0,       0,       0,       0,       0,       0,       0,       0,       0,       0,       0,       0,       0,       0,       0,       0,       0,       0,       0,  100.0,   45.3,   29.3,    0.0,   54.7,   70.7,  100.0,  100.0,    0.0,    0.0,  100.0,   45.3,   29.3,    0.0,   54.7,   70.7,  100.0,  100.0,    0.0,    0.0,    0.0,    0.0,    0.0,    0.0,    0.0,    0.0,    0.0,    0.0,    0.0,    0.0,     22,      4,      4,      0,     11,      5,     15,      9,     22,      4,      4,      0,     11,      5,     15,      9,      0,      0,      0,      0,      0,      0,      0,      0,    74.9,    93.6,    92.7,    99.8,    74.9,    93.6,    92.7,    99.5,    74.9,    93.6,    92.7,    99.8,    74.9,    93.6,    92.7,    99.5,     0.0,     0.0,     0.0,     0.0,     0.0,     0.0,     0.0,     0.0,100 MWh of Class 1 Renewable Energy Cert,0063DR,IFED,006 
NJ SRECS - ICE FUTURES ENERGY DIV,260818,2026-08-18,0063CC,IFED,01,006 ,  126019,   26534,   48721,    1930,   97555,   75368,  126019,  126019,       0,       0,  126019,   26534,   48721,    1930,   97555,   75368,  126019,  126019,       0,       0,       0,       0,       0,       0,       0,       0,       0,       0,       0,       0,     150,       0,     240,      10,     140,    -100,     150,     150,       0,       0,  100.0,   21.1,   38.7,    1.5,   77.4,   59.8,  100.0,  100.0,    0.0,    0.0,  100.0,   21.1,   38.7,    1.5,   77.4,   59.8,  100.0,  100.0,    0.0,    0.0,    0.0,    0.0,    0.0,    0.0,    0.0,    0.0,    0.0,    0.0,    0.0,    0.0,     36,      4,      8,      2,     18,     10,     23,     19,     36,      4,      8,      2,     18,     10,     23,     19,      0,      0,      0,      0,      0,      0,      0,      0,    54.3,    88.2,    77.4,    95.0,    54.3,    88.2,    77.4,    93.5,    54.3,    88.2,    77.4,    95.0,    54.3,    88.2,    77.4,    93.5,     0.0,     0.0,     0.0,     0.0,     0.0,     0.0,     0.0,     0.0,(10 SRECs),0063CC,IFED,006 
NJ SRECS - ICE FUTURES ENERGY DIV,260825,2026-08-25,0063CC,IFED,01,006 ,  127519,   26534,   49621,    1930,   99055,   75968,  127519,  127519,       0,       0,  127519,   26534,   49621,    1930,   99055,   75968,  127519,  127519,       0,       0,       0,       0,       0,       0,       0,       0,       0,       0,       0,       0,    1500,       0,     900,       0,    1500,     600,    1500,    1500,       0,       0,  100.0,   20.8,   38.9,    1.5,   77.7,   59.6,  100.0,  100.0,    0.0,    0.0,  100.0,   20.8,   38.9,    1.5,   77.7,   59.6,  100.0,  100.0,    0.0,    0.0,    0.0,    0.0,    0.0,    0.0,    0.0,    0.0,    0.0,    0.0,    0.0,    0.0,     36,      4,      8,      2,     18,     10,     23,     19,     36,      4,      8,      2,     18,     10,     23,     19,      0,      0,      0,      0,      0,      0,      0,      0,    53.7,    86.7,    77.7,    94.3,    53.7,    86.7,    77.7,    92.7,    53.7,    86.7,    77.7,    94.3,    53.7,    86.7,    77.7,    92.7,     0.0,     0.0,     0.0,     0.0,     0.0,     0.0,     0.0,     0.0,(10 SRECs),0063CC,IFED,006 
NNG VENTURA BASIS - ICE FUTURES ENERGY DIV,260818,2026-08-18,0233BB,IFED,01,023 ,  146415,       0,    4695,     307,  123685,  138811,  123992,  143813,   22423,    2602,  146415,       0,    4695,     307,  123685,  138811,  123992,  143813,   22423,    2602,       0,       0,       0,       0,       0,       0,       0,       0,       0,       0,   10615,       0,     603,     307,   11355,   10643,   11662,   11553,   -1047,    -938,  100.0,    0.0,    3.2,    0.2,   84.5,   94.8,   84.7,   98.2,   15.3,    1.8,  100.0,    0.0,    3.2,    0.2,   84.5,   94.8,   84.7,   98.2,   15.3,    1.8,    0.0,    0.0,    0.0,    0.0,    0.0,    0.0,    0.0,    0.0,    0.0,    0.0,     32,      0,      4,      2,     24,     18,     26,     22,     32,      0,      4,      2,     24,     18,     26,     22,      0,      0,      0,      0,      0,      0,      0,      0,    40.2,    66.9,    63.0,    81.3,    37.0,    65.9,    55.4,    76.0,    40.2,    66.9,    63.0,    81.3,    37.0,    65.9,    55.4,    76.0,     0.0,     0.0,     0.0,     0.0,     0.0,     0.0,     0.0,     0.0,2500 mmbtu,0233BB,IFED,023 
NNG VENTURA BASIS - ICE FUTURES ENERGY DIV,260825,2026-08-25,0233BB,IFED,01,023 ,  156086,       0,    5005,     276,  133036,  147316,  133312,  152597,   22774,    3489,  156086,       0,    5005,     276,  133036,  147316,  133312,  152597,   22774,    3489,       0,       0,       0,       0,       0,       0,       0,       0,       0,       0,    9671,       0,     310,     -31,    9351,    8505,    9320,    8784,     351,     887,  100.0,    0.0,    3.2,    0.2,   85.2,   94.4,   85.4,   97.8,   14.6,    2.2,  100.0,    0.0,    3.2,    0.2,   85.2,   94.4,   85.4,   97.8,   14.6,    2.2,    0.0,    0.0,    0.0,    0.0,    0.0,    0.0,    0.0,    0.0,    0.0,    0.0,     33,      0,      4,      1,     25,     20,     26,     24,     33,      0,      4,      1,     25,     20,     26,     24,      0,      0,      0,      0,      0,      0,      0,      0,    42.1,    65.5,    64.1,    80.8,    34.7,    64.3,    53.6,    73.7,    42.1,    65.5,    64.1,    80.8,    34.7,    64.3,    53.6,    73.7,     0.0,     0.0,     0.0,     0.0,     0.0,     0.0,     0.0,     0.0,2500 mmbtu,0233BB,IFED,023 
NON FAT DRY MILK - CHICAGO MERCANTILE EXCHANGE,260818,2026-08-18,052642,CME ,00,052 ,   10520,     252,    4848,     109,    9357,    5404,    9718,   10361,     802,     159,   10520,     252,    4848,     109,    9357,    5404,    9718,   10361,     802,     159,       0,       0,       0,       0,       0,       0,       0,       0,       0,       0,     463,      93,     388,     -88,     394,     138,     399,     438,      64,      25,  100.0,    2.4,   46.1,    1.0,   88.9,   51.4,   92.4,   98.5,    7.6,    1.5,  100.0,    2.4,   46.1,    1.0,   88.9,   51.4,   92.4,   98.5,    7.6,    1.5,    0.0,    0.0,    0.0,    0.0,    0.0,    0.0,    0.0,    0.0,    0.0,    0.0,     53,      4,      8,      6,     35,     23,     43,     33,     53,      4,      8,      6,     35,     23,     43,     33,      0,      0,      0,      0,      0,      0,      0,      0,    32.8,    39.5,    51.5,    62.6,    32.3,    38.9,    47.2,    60.9,    32.8,    39.5,    51.5,    62.6,    32.3,    38.9,    47.2,    60.9,     0.0,     0.0,     0.0,     0.0,     0.0,     0.0,     0.0,     0.0,"(CONTRACTS OF 44,000 LBS.)",052642,CME ,052 
NON FAT DRY MILK - CHICAGO MERCANTILE EXCHANGE,260825,2026-08-25,052642,CME ,00,052 ,   11177,     286,    5236,      83,    9957,    5699,   10326,   11018,     851,     159,   11177,     286,    5236,      83,    9957,    5699,   10326,   11018,     851,     159,       0,       0,       0,       0,       0,       0,       0,       0,       0,       0,     657,      34,     388,     -26,     600,     295,     608,     657,      49,       0,  100.0,    2.6,   46.8,    0.7,   89.1,   51.0,   92.4,   98.6,    7.6,    1.4,  100.0,    2.6,   46.8,    0.7,   89.1,   51.0,   92.4,   98.6,    7.6,    1.4,    0.0,    0.0,    0.0,    0.0,    0.0,    0.0,    0.0,    0.0,    0.0,    0.0,     53,      4,      8,      6,     35,     24,     43,     34,     53,      4,      8,      6,     35,     24,     43,     34,      0,      0,      0,      0,      0,      0,      0,      0,    31.7,    42.6,    51.3,    64.8,    31.6,    42.2,    45.6,    63.2,    31.7,    42.6,    51.3,    64.8,    31.6,    42.2,    45.6,    63.2,     0.0,     0.0,     0.0,     0.0,     0.0,     0.0,     0.0,     0.0,"(CONTRACTS OF 44,000 LBS.)",052642,CME ,052 
NORTH EURO HOT-ROLL COIL STEEL - COMMODITY EXCHANGE INC.,260818,2026-08-18,192691,CMX ,01,192 ,    9967,    3322,     748,    1020,    5451,    8119,    9793,    9887,     174,      80,    9967,    3322,     748,    1020,    5451,    8119,    9793,    9887,     174,      80,       0,       0,       0,       0,       0,       0,       0,       0,       0,       0,     422,     326,      25,     -45,     150,     440,     431,     420,      -9,       2,  100.0,   33.3,    7.5,   10.2,   54.7,   81.5,   98.3,   99.2,    1.7,    0.8,  100.0,   33.3,    7.5,   10.2,   54.7,   81.5,   98.3,   99.2,    1.7,    0.8,    0.0,    0.0,    0.0,    0.0,    0.0,    0.0,    0.0,    0.0,    0.0,    0.0,     24,      6,      1,      2,     14,      8,     21,     11,     24,      6,      1,      2,     14,      8,     21,     11,      0,      0,      0,      0,      0,      0,      0,      0,    79.8,    85.7,    89.6,    98.3,    65.0,    76.9,    72.6,    79.1,    79.8,    85.7,    89.6,    98.3,    65.0,    76.9,    72.6,    79.1,     0.0,     0.0,     0.0,     0.0,     0.0,     0.0,     0.0,     0.0,(20 Metric Tons),192691,CMX ,192 
NORTH EURO HOT-ROLL COIL STEEL - COMMODITY EXCHANGE INC.,260825,2026-08-25,192691,CMX ,01,192 ,    9498,    3043,     798,     596,    5670,    8029,    9309,    9423,     189,      75,    9498,    3043,     798,     596,    5670,    8029,    9309,    9423,     189,      75,       0,       0,       0,       0,       0,       0,       0,       0,       0,       0,    -469,    -279,      50,    -424,     219,     -90,    -484,    -464,      15,      -5,  100.0,   32.0,    8.4,    6.3,   59.7,   84.5,   98.0,   99.2,    2.0,    0.8,  100.0,   32.0,    8.4,    6.3,   59.7,   84.5,   98.0,   99.2,    2.0,    0.8,    0.0,    0.0,    0.0,    0.0,    0.0,    0.0,    0.0,    0.0,    0.0,    0.0,     25,      7,      1,      2,     14,      8,     22,     11,     25,      7,      1,      2,     14,      8,     22,     11,      0,      0,      0,      0,      0,      0,      0,      0,    74.7,    86.4,    85.3,    98.2,    65.1,    81.6,    75.1,    84.1,    74.7,    86.4,    85.3,    98.2,    65.1,    81.6,    75.1,    84.1,     0.0,     0.0,     0.0,     0.0,     0.0,     0.0,     0.0,     0.0,(20 Metric Tons),192691,CMX ,192 
NWP ROCKIES FIN BASIS - ICE FUTURES ENERGY DIV,260818,2026-08-18,023395,IFED,01,023 ,  379678,   27080,    5808,    7951,  332678,  356902,  367709,  370661,   11969,    9017,  379678,   27080,    5808,    7951,  332678,  356902,  367709,  370661,   11969,    9017,       0,       0,       0,       0,       0,       0,       0,       0,       0,       0,    6397,    2160,   -1113,    -502,    4965,    6944,    6623,    5329,    -226,    1068,  100.0,    7.1,    1.5,    2.1,   87.6,   94.0,   96.8,   97.6,    3.2,    2.4,  100.0,    7.1,    1.5,    2.1,   87.6,   94.0,   96.8,   97.6,    3.2,    2.4,    0.0,    0.0,    0.0,    0.0,    0.0,    0.0,    0.0,    0.0,    0.0,    0.0,     65,      7,      5,      7,     45,     43,     55,     52,     65,      7,      5,      7,     45,     43,     55,     52,      0,      0,      0,      0,      0,      0,      0,      0,    47.9,    44.5,    64.2,    63.3,    36.8,    40.1,    51.8,    53.4,    47.9,    44.5,    64.2,    63.3,    36.8,    40.1,    51.8,    53.4,     0.0,     0.0,     0.0,     0.0,     0.0,     0.0,     0.0,     0.0,"(Contracts of 2,500  MMBTU'S)",023395,IFED,023 
NWP ROCKIES FIN BASIS - ICE FUTURES ENERGY DIV,260825,2026-08-25,023395,IFED,01,023 ,  388712,   28744,    5316,    8852,  338074,  362451,  375670,  376619,   13042,   12093,  388712,   28744,    5316,    8852,  338074,  362451,  375670,  376619,   13042,   12093,       0,       0,       0,       0,       0,       0,       0,       0,       0,       0,    9034,    1664,    -492,     901,    5396,    5549,    7961,    5958,    1073,    3076,  100.0,    7.4,    1.4,    2.3,   87.0,   93.2,   96.6,   96.9,    3.4,    3.1,  100.0,    7.4,    1.4,    2.3,   87.0,   93.2,   96.6,   96.9,    3.4,    3.1,    0.0,    0.0,    0.0,    0.0,    0.0,    0.0,    0.0,    0.0,    0.0,    0.0,     68,     10,      5,      6,     44,     42,     56,     51,     68,     10,      5,      6,     44,     42,     56,     51,      0,      0,      0,      0,      0,      0,      0,      0,    48.0,    42.9,    64.8,    62.5,    35.9,    37.2,    49.9,    49.6,    48.0,    42.9,    64.8,    62.5,    35.9,    37.2,    49.9,    49.6,     0.0,     0.0,     0.0,     0.0,     0.0,     0.0,     0.0,     0.0,"(Contracts of 2,500  MMBTU'S)",023395,IFED,023 
NWP Rockies Index - ICE FUTURES ENERGY DIV,260818,2026-08-18,0233BD,IFED,01,023 ,   28611,    2310,    1833,     519,   24829,   24408,   27658,   26760,     953,    1851,   28611,    2310,    1833,     519,   24829,   24408,   27658,   26760,     953,    1851,       0,       0,       0,       0,       0,       0,       0,       0,       0,       0,    5449,    -150,    -120,     199,    5582,    5010,    5631,    5089,    -182,     360,  100.0,    8.1,    6.4,    1.8,   86.8,   85.3,   96.7,   93.5,    3.3,    6.5,  100.0,    8.1,    6.4,    1.8,   86.8,   85.3,   96.7,   93.5,    3.3,    6.5,    0.0,    0.0,    0.0,    0.0,    0.0,    0.0,    0.0,    0.0,    0.0,    0.0,     35,      3,      4,      2,     19,     18,     23,     23,     35,      3,      4,      2,     19,     18,     23,     23,      0,      0,      0,      0,      0,      0,      0,      0,    48.1,    54.4,    68.7,    72.0,    48.1,    54.4,    68.4,    71.4,    48.1,    54.4,    68.7,    72.0,    48.1,    54.4,    68.4,    71.4,     0.0,     0.0,     0.0,     0.0,     0.0,     0.0,     0.0,     0.0,2500 mmbtu,0233BD,IFED,023 
NWP Rockies Index - ICE FUTURES ENERGY DIV,260825,2026-08-25,0233BD,IFED,01,023 ,   34543,    2310,    1833,    1299,   29777,   29013,   33386,   32145,    1157,    2398,   34543,    2310,    1833,    1299,   29777,   29013,   33386,   32145,    1157,    2398,       0,       0,       0,       0,       0,       0,       0,       0,       0,       0,    5932,       0,       0,     780,    4948,    4605,    5728,    5385,     204,     547,  100.0,    6.7,    5.3,    3.8,   86.2,   84.0,   96.7,   93.1,    3.3,    6.9,  100.0,    6.7,    5.3,    3.8,   86.2,   84.0,   96.7,   93.1,    3.3,    6.9,    0.0,    0.0,    0.0,    0.0,    0.0,    0.0,    0.0,    0.0,    0.0,    0.0,     34,      3,      4,      2,     18,     17,     22,     22,     34,      3,      4,      2,     18,     17,     22,     22,      0,      0,      0,      0,      0,      0,      0,      0,    44.7,    54.5,    65.2,    71.1,    41.8,    54.5,    60.7,    66.4,    44.7,    54.5,    65.2,    71.1,    41.8,    54.5,    60.7,    66.4,     0.0,     0.0,     0.0,     0.0,     0.0,     0.0,     0.0,     0.0,2500 mmbtu,0233BD,IFED,023 
NWP SUMAS BASIS - ICE FUTURES ENERGY DIV,260818,2026-08-18,0233BC,IFED,01,023 ,   70271,     877,     303,       0,   63390,   54418,   64267,   54721,    6004,   15550,   70271,     877,     303,       0,   63390,   54418,   64267,   54721,    6004,   15550,       0,       0,       0,       0,       0,       0,       0,       0,       0,       0,    1966,    -124,    -124,       0,    2090,    2030,    1966,    1906,       0,      60,  100.0,    1.2,    0.4,    0.0,   90.2,   77.4,   91.5,   77.9,    8.5,   22.1,  100.0,    1.2,    0.4,    0.0,   90.2,   77.4,   91.5,   77.9,    8.5,   22.1,    0.0,    0.0,    0.0,    0.0,    0.0,    0.0,    0.0,    0.0,    0.0,    0.0,     21,      2,      1,      0,     13,     13,     15,     14,     21,      2,      1,      0,     13,     13,     15,     14,      0,      0,      0,      0,      0,      0,      0,      0,    62.4,    58.0,    80.7,    72.2,    62.3,    54.2,    75.9,    63.5,    62.4,    58.0,    80.7,    72.2,    62.3,    54.2,    75.9,    63.5,     0.0,     0.0,     0.0,     0.0,     0.0,     0.0,     0.0,     0.0,2500 mmbtu,0233BC,IFED,023 
NWP SUMAS BASIS - ICE FUTURES ENERGY DIV,260825,2026-08-25,0233BC,IFED,01,023 ,   71582,     989,     303,       0,   64701,   55822,   65690,   56125,    5892,   15457,   71582,     989,     303,       0,   64701,   55822,   65690,   56125,    5892,   15457,       0,       0,       0,       0,       0,       0,       0,       0,       0,       0,    1311,     112,       0,       0,    1311,    1404,    1423,    1404,    -112,     -93,  100.0,    1.4,    0.4,    0.0,   90.4,   78.0,   91.8,   78.4,    8.2,   21.6,  100.0,    1.4,    0.4,    0.0,   90.4,   78.0,   91.8,   78.4,    8.2,   21.6,    0.0,    0.0,    0.0,    0.0,    0.0,    0.0,    0.0,    0.0,    0.0,    0.0,     22,      2,      1,      0,     14,     14,     16,     15,     22,      2,      1,      0,     14,     14,     16,     15,      0,      0,      0,      0,      0,      0,      0,      0,    61.9,    58.2,    80.3,    72.7,    61.6,    54.5,    75.1,    63.9,    61.9,    58.2,    80.3,    72.7,    61.6,    54.5,    75.1,    63.9,     0.0,     0.0,     0.0,     0.0,     0.0,     0.0,     0.0,     0.0,2500 mmbtu,0233BC,IFED,023 
NY HARBOR ULSD - NEW YORK MERCANTILE EXCHANGE,260818,2026-08-18,022651,NYME,01,022 ,  271139,   49812,   35933,   52900,  117105,  152158,  219817,  240991,   51322,   30148,  271139,   49812,   35933,   52900,  117105,  152158,  219817,  240991,   51322,   30148,       0,       0,       0,       0,       0,       0,       0,       0,       0,       0,    5119,    3180,    2490,   -1986,    6435,    4086,    7629,    4590,   -2510,     529,  100.0,   18.4,   13.3,   19.5,   43.2,   56.1,   81.1,   88.9,   18.9,   11.1,  100.0,   18.4,   13.3,   19.5,   43.2,   56.1,   81.1,   88.9,   18.9,   11.1,    0.0,    0.0,    0.0,    0.0,    0.0,    0.0,    0.0,    0.0,    0.0,    0.0,    168,     50,     28,     52,     68,     79,    146,    135,    168,     50,     28,     52,     68,     79,    146,    135,      0,      0,      0,      0,      0,      0,      0,      0,    14.4,    16.2,    22.6,    27.5,    11.5,    13.6,    17.4,    20.6,    14.4,    16.2,    22.6,    27.5,    11.5,    13.6,    17.4,    20.6,     0.0,     0.0,     0.0,     0.0,     0.0,     0.0,     0.0,     0.0,"(CONTRACTS OF 42,000 U.S. GALLONS)",022651,NYME,022 
NY HARBOR ULSD - NEW YORK MERCANTILE EXCHANGE,260825,2026-08-25,022651,NYME,01,022 ,  271269,   48932,   36452,   50031,  122182,  156278,  221145,  242761,   50124,   28508,  271269,   48932,   36452,   50031,  122182,  156278,  221145,  242761,   50124,   28508,       0,       0,       0,       0,       0,       0,       0,       0,       0,       0,     130,    -880,     519,   -2869,    5077,    4120,    1328,    1770,   -1198,   -1640,  100.0,   18.0,   13.4,   18.4,   45.0,   57.6,   81.5,   89.5,   18.5,   10.5,  100.0,   18.0,   13.4,   18.4,   45.0,   57.6,   81.5,   89.5,   18.5,   10.5,    0.0,    0.0,    0.0,    0.0,    0.0,    0.0,    0.0,    0.0,    0.0,    0.0,    172,     49,     29,     54,     70,     80,    150,    138,    172,     49,     29,     54,     70,     80,    150,    138,      0,      0,      0,      0,      0,      0,      0,      0,    14.0,    15.7,    22.5,    27.7,    11.7,    14.0,    17.5,    20.7,    14.0,    15.7,    22.5,    27.7,    11.7,    14.0,    17.5,    20.7,     0.0,     0.0,     0.0,     0.0,     0.0,     0.0,     0.0,     0.0,"(CONTRACTS OF 42,000 U.S. GALLONS)",022651,NYME,022 
NYISO ZONE A DA OFF-PK FIX PR - ICE FUTURES ENERGY DIV,260818,2026-08-18,0643BZ,IFED,01,064 ,   34011,    1440,    2204,     658,   31238,   30816,   33336,   33678,     675,     333,   34011,    1440,    2204,     658,   31238,   30816,   33336,   33678,     675,     333,       0,       0,       0,       0,       0,       0,       0,       0,       0,       0,    1497,       0,     -85,       0,    1491,    1585,    1491,    1500,       6,      -3,  100.0,    4.2,    6.5,    1.9,   91.8,   90.6,   98.0,   99.0,    2.0,    1.0,  100.0,    4.2,    6.5,    1.9,   91.8,   90.6,   98.0,   99.0,    2.0,    1.0,    0.0,    0.0,    0.0,    0.0,    0.0,    0.0,    0.0,    0.0,    0.0,    0.0,     37,      4,      3,      4,     24,     19,     30,     24,     37,      4,      3,      4,     24,     19,     30,     24,      0,      0,      0,      0,      0,      0,      0,      0,    66.5,    66.0,    79.2,    82.9,    61.6,    63.4,    70.1,    73.6,    66.5,    66.0,    79.2,    82.9,    61.6,    63.4,    70.1,    73.6,     0.0,     0.0,     0.0,     0.0,     0.0,     0.0,     0.0,     0.0,(1MW for about 368 Hours),0643BZ,IFED,064 
NYISO ZONE A DA OFF-PK FIX PR - ICE FUTURES ENERGY DIV,260825,2026-08-25,0643BZ,IFED,01,064 ,   34167,    1463,    1164,    1114,   30870,   31561,   33447,   33839,     720,     328,   34167,    1463,    1164,    1114,   30870,   31561,   33447,   33839,     720,     328,       0,       0,       0,       0,       0,       0,       0,       0,       0,       0,     156,      23,   -1040,     456,    -368,     745,     111,     161,      45,      -5,  100.0,    4.3,    3.4,    3.3,   90.4,   92.4,   97.9,   99.0,    2.1,    1.0,  100.0,    4.3,    3.4,    3.3,   90.4,   92.4,   97.9,   99.0,    2.1,    1.0,    0.0,    0.0,    0.0,    0.0,    0.0,    0.0,    0.0,    0.0,    0.0,    0.0,     36,      4,      3,      4,     23,     19,     29,     24,     36,      4,      3,      4,     23,     19,     29,     24,      0,      0,      0,      0,      0,      0,      0,      0,    64.3,    68.4,    77.4,    83.7,    58.6,    65.9,    67.5,    74.8,    64.3,    68.4,    77.4,    83.7,    58.6,    65.9,    67.5,    74.8,     0.0,     0.0,     0.0,     0.0,     0.0,     0.0,     0.0,     0.0,(1MW for about 368 Hours),0643BZ,IFED,064 
NYISO ZONE A DA PEAK - ICE FUTURES ENERGY DIV,260818,2026-08-18,0643BY,IFED,01,064 ,   33538,     583,    3479,     286,   31860,   29283,   32729,   33048,     809,     490,   33538,     583,    3479,     286,   31860,   29283,   32729,   33048,     809,     490,       0,       0,       0,       0,       0,       0,       0,       0,       0,       0,    1309,      10,     -65,     -10,    1307,    1384,    1307,    1309,       2,       0,  100.0,    1.7,   10.4,    0.9,   95.0,   87.3,   97.6,   98.5,    2.4,    1.5,  100.0,    1.7,   10.4,    0.9,   95.0,   87.3,   97.6,   98.5,    2.4,    1.5,    0.0,    0.0,    0.0,    0.0,    0.0,    0.0,    0.0,    0.0,    0.0,    0.0,     38,      5,      3,      4,     24,     24,     31,     29,     38,      5,      3,      4,     24,     24,     31,     29,      0,      0,      0,      0,      0,      0,      0,      0,    69.8,    66.2,    82.4,    82.2,    68.3,    61.2,    77.0,    73.8,    69.8,    66.2,    82.4,    82.2,    68.3,    61.2,    77.0,    73.8,     0.0,     0.0,     0.0,     0.0,     0.0,     0.0,     0.0,     0.0,(Contracts of 800MWh),0643BY,IFED,064 
NYISO ZONE A DA PEAK - ICE FUTURES ENERGY DIV,260825,2026-08-25,0643BY,IFED,01,064 ,   33198,     613,    2131,     694,   31084,   29850,   32391,   32675,     807,     523,   33198,     613,    2131,     694,   31084,   29850,   32391,   32675,     807,     523,       0,       0,       0,       0,       0,       0,       0,       0,       0,       0,    -340,      30,   -1348,     408,    -776,     567,    -338,    -373,      -2,      33,  100.0,    1.8,    6.4,    2.1,   93.6,   89.9,   97.6,   98.4,    2.4,    1.6,  100.0,    1.8,    6.4,    2.1,   93.6,   89.9,   97.6,   98.4,    2.4,    1.6,    0.0,    0.0,    0.0,    0.0,    0.0,    0.0,    0.0,    0.0,    0.0,    0.0,     38,      5,      3,      4,     24,     24,     31,     29,     38,      5,      3,      4,     24,     24,     31,     29,      0,      0,      0,      0,      0,      0,      0,      0,    66.8,    65.5,    80.9,    82.1,    65.2,    59.2,    74.1,    71.8,    66.8,    65.5,    80.9,    82.1,    65.2,    59.2,    74.1,    71.8,     0.0,     0.0,     0.0,     0.0,     0.0,     0.0,     0.0,     0.0,(Contracts of 800MWh),0643BY,IFED,064 
NYISO ZONE G DA OFF-PK - ICE FUTURES ENERGY DIV,260818,2026-08-18,0643C4,IFED,01,064 ,   21013,     668,    3896,    1334,   18263,   15380,   20265,   20610,     748,     403,   21013,     668,    3896,    1334,   18263,   15380,   20265,   20610,     748,     403,       0,       0,       0,       0,       0,       0,       0,       0,       0,       0,     342,      48,     258,    -136,     259,      52,     171,     174,     171,     168,  100.0,    3.2,   18.5,    6.3,   86.9,   73.2,   96.4,   98.1,    3.6,    1.9,  100.0,    3.2,   18.5,    6.3,   86.9,   73.2,   96.4,   98.1,    3.6,    1.9,    0.0,    0.0,    0.0,    0.0,    0.0,    0.0,    0.0,    0.0,    0.0,    0.0,     36,      4,      5,      6,     21,     22,     28,     30,     36,      4,      5,      6,     21,     22,     28,     30,      0,      0,      0,      0,      0,      0,      0,      0,    47.4,    52.9,    67.5,    70.9,    46.0,    48.5,    59.8,    59.7,    47.4,    52.9,    67.5,    70.9,    46.0,    48.5,    59.8,    59.7,     0.0,     0.0,     0.0,     0.0,     0.0,     0.0,     0.0,     0.0,(1MW for about 368 Hours),0643C4,IFED,064 
NYISO ZONE G DA OFF-PK - ICE FUTURES ENERGY DIV,260825,2026-08-25,0643C4,IFED,01,064 ,   20568,     339,    3560,    1230,   18395,   15392,   19964,   20182,     604,     386,   20568,     339,    3560,    1230,   18395,   15392,   19964,   20182,     604,     386,       0,       0,       0,       0,       0,       0,       0,       0,       0,       0,    -445,    -329,    -336,    -104,     132,      12,    -301,    -428,    -144,     -17,  100.0,    1.6,   17.3,    6.0,   89.4,   74.8,   97.1,   98.1,    2.9,    1.9,  100.0,    1.6,   17.3,    6.0,   89.4,   74.8,   97.1,   98.1,    2.9,    1.9,    0.0,    0.0,    0.0,    0.0,    0.0,    0.0,    0.0,    0.0,    0.0,    0.0,     38,      4,      6,      6,     22,     22,     30,     30,     38,      4,      6,      6,     22,     22,     30,     30,      0,      0,      0,      0,      0,      0,      0,      0,    47.5,    51.2,    67.1,    69.7,    46.8,    46.1,    60.9,    57.7,    47.5,    51.2,    67.1,    69.7,    46.8,    46.1,    60.9,    57.7,     0.0,     0.0,     0.0,     0.0,     0.0,     0.0,     0.0,     0.0,(1MW for about 368 Hours),0643C4,IFED,064 
NYISO ZONE G DA PEAK - ICE FUTURES ENERGY DIV,260818,2026-08-18,0643C3,IFED,01,064 ,   24732,    1204,    4590,    1893,   21199,   18191,   24296,   24674,     436,      58,   24732,    1204,    4590,    1893,   21199,   18191,   24296,   24674,     436,      58,       0,       0,       0,       0,       0,       0,       0,       0,       0,       0,     278,    -247,     -33,     308,     216,      37,     277,     312,       1,     -34,  100.0,    4.9,   18.6,    7.7,   85.7,   73.6,   98.2,   99.8,    1.8,    0.2,  100.0,    4.9,   18.6,    7.7,   85.7,   73.6,   98.2,   99.8,    1.8,    0.2,    0.0,    0.0,    0.0,    0.0,    0.0,    0.0,    0.0,    0.0,    0.0,    0.0,     47,     10,      8,      7,     26,     24,     38,     37,     47,     10,      8,      7,     26,     24,     38,     37,      0,      0,      0,      0,      0,      0,      0,      0,    47.4,    50.6,    65.7,    69.7,    46.6,    46.6,    58.1,    60.2,    47.4,    50.6,    65.7,    69.7,    46.6,    46.6,    58.1,    60.2,     0.0,     0.0,     0.0,     0.0,     0.0,     0.0,     0.0,     0.0,(Contracts of 800MWh),0643C3,IFED,064 
NYISO ZONE G DA PEAK - ICE FUTURES ENERGY DIV,260825,2026-08-25,0643C3,IFED,01,064 ,   24823,    1329,    4991,    1452,   21572,   18297,   24353,   24740,     470,      83,   24823,    1329,    4991,    1452,   21572,   18297,   24353,   24740,     470,      83,       0,       0,       0,       0,       0,       0,       0,       0,       0,       0,      91,     125,     401,    -441,     373,     106,      57,      66,      34,      25,  100.0,    5.4,   20.1,    5.8,   86.9,   73.7,   98.1,   99.7,    1.9,    0.3,  100.0,    5.4,   20.1,    5.8,   86.9,   73.7,   98.1,   99.7,    1.9,    0.3,    0.0,    0.0,    0.0,    0.0,    0.0,    0.0,    0.0,    0.0,    0.0,    0.0,     47,      9,      9,      7,     26,     24,     37,     38,     47,      9,      9,      7,     26,     24,     37,     38,      0,      0,      0,      0,      0,      0,      0,      0,    47.7,    47.6,    66.3,    67.4,    46.3,    43.4,    59.2,    58.5,    47.7,    47.6,    66.3,    67.4,    46.3,    43.4,    59.2,    58.5,     0.0,     0.0,     0.0,     0.0,     0.0,     0.0,     0.0,     0.0,(Contracts of 800MWh),0643C3,IFED,064 
NYISO ZONE J DA OFF-PK FIXED - ICE FUTURES ENERGY DIV,260818,2026-08-18,0643BX,IFED,01,064 ,    8293,    2657,     895,      55,    5293,    7143,    8005,    8093,     288,     200,    8293,    2657,     895,      55,    5293,    7143,    8005,    8093,     288,     200,       0,       0,       0,       0,       0,       0,       0,       0,       0,       0,     350,     370,     120,     -20,       0,     250,     350,     350,       0,       0,  100.0,   32.0,   10.8,    0.7,   63.8,   86.1,   96.5,   97.6,    3.5,    2.4,  100.0,   32.0,   10.8,    0.7,   63.8,   86.1,   96.5,   97.6,    3.5,    2.4,    0.0,    0.0,    0.0,    0.0,    0.0,    0.0,    0.0,    0.0,    0.0,    0.0,     22,      4,      1,      3,     11,     12,     16,     15,     22,      4,      1,      3,     11,     12,     16,     15,      0,      0,      0,      0,      0,      0,      0,      0,    61.6,    63.8,    83.8,    85.3,    61.6,    63.7,    78.2,    80.4,    61.6,    63.8,    83.8,    85.3,    61.6,    63.7,    78.2,    80.4,     0.0,     0.0,     0.0,     0.0,     0.0,     0.0,     0.0,     0.0,(1 MW for about 368 Hours),0643BX,IFED,064 
NYISO ZONE J DA OFF-PK FIXED - ICE FUTURES ENERGY DIV,260825,2026-08-25,0643BX,IFED,01,064 ,    8823,    2657,    1195,      55,    5511,    7373,    8223,    8623,     600,     200,    8823,    2657,    1195,      55,    5511,    7373,    8223,    8623,     600,     200,       0,       0,       0,       0,       0,       0,       0,       0,       0,       0,     530,       0,     300,       0,     218,     230,     218,     530,     312,       0,  100.0,   30.1,   13.5,    0.6,   62.5,   83.6,   93.2,   97.7,    6.8,    2.3,  100.0,   30.1,   13.5,    0.6,   62.5,   83.6,   93.2,   97.7,    6.8,    2.3,    0.0,    0.0,    0.0,    0.0,    0.0,    0.0,    0.0,    0.0,    0.0,    0.0,     22,      4,      1,      3,     12,     12,     17,     15,     22,      4,      1,      3,     12,     12,     17,     15,      0,      0,      0,      0,      0,      0,      0,      0,    57.9,    63.4,    78.6,    85.6,    57.9,    59.9,    73.3,    79.0,    57.9,    63.4,    78.6,    85.6,    57.9,    59.9,    73.3,    79.0,     0.0,     0.0,     0.0,     0.0,     0.0,     0.0,     0.0,     0.0,(1 MW for about 368 Hours),0643BX,IFED,064 
NYISO ZONE J DA PEAK - ICE FUTURES ENERGY DIV,260818,2026-08-18,0643BW,IFED,01,064 ,   10059,    2766,    1416,      87,    6885,    8400,    9738,    9903,     321,     156,   10059,    2766,    1416,      87,    6885,    8400,    9738,    9903,     321,     156,       0,       0,       0,       0,       0,       0,       0,       0,       0,       0,     320,     320,      70,       0,       0,     250,     320,     320,       0,       0,  100.0,   27.5,   14.1,    0.9,   68.4,   83.5,   96.8,   98.4,    3.2,    1.6,  100.0,   27.5,   14.1,    0.9,   68.4,   83.5,   96.8,   98.4,    3.2,    1.6,    0.0,    0.0,    0.0,    0.0,    0.0,    0.0,    0.0,    0.0,    0.0,    0.0,     27,      4,      3,      3,     14,     14,     20,     18,     27,      4,      3,      3,     14,     14,     20,     18,      0,      0,      0,      0,      0,      0,      0,      0,    55.5,    62.8,    77.8,    85.1,    54.6,    62.7,    73.4,    81.3,    55.5,    62.8,    77.8,    85.1,    54.6,    62.7,    73.4,    81.3,     0.0,     0.0,     0.0,     0.0,     0.0,     0.0,     0.0,     0.0,(Contracts of 800MWh),0643BW,IFED,064 
NYISO ZONE J DA PEAK - ICE FUTURES ENERGY DIV,260825,2026-08-25,0643BW,IFED,01,064 ,   10538,    2946,    1716,      86,    7173,    8580,   10205,   10382,     333,     156,   10538,    2946,    1716,      86,    7173,    8580,   10205,   10382,     333,     156,       0,       0,       0,       0,       0,       0,       0,       0,       0,       0,     479,     180,     300,      -1,     288,     180,     467,     479,      12,       0,  100.0,   28.0,   16.3,    0.8,   68.1,   81.4,   96.8,   98.5,    3.2,    1.5,  100.0,   28.0,   16.3,    0.8,   68.1,   81.4,   96.8,   98.5,    3.2,    1.5,    0.0,    0.0,    0.0,    0.0,    0.0,    0.0,    0.0,    0.0,    0.0,    0.0,     27,      4,      3,      3,     15,     14,     21,     18,     27,      4,      3,      3,     15,     14,     21,     18,      0,      0,      0,      0,      0,      0,      0,      0,    52.8,    62.8,    74.0,    85.7,    52.2,    59.9,    70.0,    79.3,    52.8,    62.8,    74.0,    85.7,    52.2,    59.9,    70.0,    79.3,     0.0,     0.0,     0.0,     0.0,     0.0,     0.0,     0.0,     0.0,(Contracts of 800MWh),0643BW,IFED,064 
NYISO.CENTRL_month_off_dap - NODAL EXCHANGE,260818,2026-08-18,064CTR,NODX,01,064 ,   33938,   10405,       0,     120,   21913,   33268,   32438,   33388,    1500,     550,   33938,   10405,       0,     120,   21913,   33268,   32438,   33388,    1500,     550,       0,       0,       0,       0,       0,       0,       0,       0,       0,       0,       0,       0,       0,       0,       0,       0,       0,       0,       0,       0,  100.0,   30.7,    0.0,    0.4,   64.6,   98.0,   95.6,   98.4,    4.4,    1.6,  100.0,   30.7,    0.0,    0.4,   64.6,   98.0,   95.6,   98.4,    4.4,    1.6,    0.0,    0.0,    0.0,    0.0,    0.0,    0.0,    0.0,    0.0,    0.0,    0.0,     22,      2,      0,      1,     18,      5,     20,      6,     22,      2,      0,      1,     18,      5,     20,      6,      0,      0,      0,      0,      0,      0,      0,      0,    72.4,    97.6,    86.5,    98.4,    72.4,    96.5,    86.5,    96.5,    72.4,    97.6,    86.5,    98.4,    72.4,    96.5,    86.5,    96.5,     0.0,     0.0,     0.0,     0.0,     0.0,     0.0,     0.0,     0.0,Megawatt Hours (MWh),064CTR,NODX,064 
NYISO.CENTRL_month_off_dap - NODAL EXCHANGE,260825,2026-08-25,064CTR,NODX,01,064 ,   34118,   10285,       0,     120,   22433,   33568,   32838,   33688,    1280,     430,   34118,   10285,       0,     120,   22433,   33568,   32838,   33688,    1280,     430,       0,       0,       0,       0,       0,       0,       0,       0,       0,       0,     180,    -120,       0,       0,     520,     300,     400,     300,    -220,    -120,  100.0,   30.1,    0.0,    0.4,   65.8,   98.4,   96.2,   98.7,    3.8,    1.3,  100.0,   30.1,    0.0,    0.4,   65.8,   98.4,   96.2,   98.7,    3.8,    1.3,    0.0,    0.0,    0.0,    0.0,    0.0,    0.0,    0.0,    0.0,    0.0,    0.0,     23,      2,      0,      1,     19,      7,     21,      8,     23,      2,      0,      1,     19,      7,     21,      8,      0,      0,      0,      0,      0,      0,      0,      0,    71.6,    97.1,    85.7,    98.7,    71.1,    96.0,    85.1,    96.0,    71.6,    97.1,    85.7,    98.7,    71.1,    96.0,    85.1,    96.0,     0.0,     0.0,     0.0,     0.0,     0.0,     0.0,     0.0,     0.0,Megawatt Hours (MWh),064CTR,NODX,064 
NYISO.CENTRL_month_on_dap - NODAL EXCHANGE,260818,2026-08-18,064CTQ,NODX,01,064 ,   37043,   11730,       0,     120,   23593,   36223,   35443,   36343,    1600,     700,   37043,   11730,       0,     120,   23593,   36223,   35443,   36343,    1600,     700,       0,       0,       0,       0,       0,       0,       0,       0,       0,       0,     600,       0,       0,       0,     600,     480,     600,     480,       0,     120,  100.0,   31.7,    0.0,    0.3,   63.7,   97.8,   95.7,   98.1,    4.3,    1.9,  100.0,   31.7,    0.0,    0.3,   63.7,   97.8,   95.7,   98.1,    4.3,    1.9,    0.0,    0.0,    0.0,    0.0,    0.0,    0.0,    0.0,    0.0,    0.0,    0.0,     22,      2,      0,      1,     16,      5,     18,      6,     22,      2,      0,      1,     16,      5,     18,      6,      0,      0,      0,      0,      0,      0,      0,      0,    70.9,    96.6,    84.1,    98.1,    70.9,    96.0,    84.1,    96.3,    70.9,    96.6,    84.1,    98.1,    70.9,    96.0,    84.1,    96.3,     0.0,     0.0,     0.0,     0.0,     0.0,     0.0,     0.0,     0.0,Megawatt Hours (MWh),064CTQ,NODX,064 
NYISO.CENTRL_month_on_dap - NODAL EXCHANGE,260825,2026-08-25,064CTQ,NODX,01,064 ,   37223,   11610,       0,     120,   24173,   36403,   35903,   36523,    1320,     700,   37223,   11610,       0,     120,   24173,   36403,   35903,   36523,    1320,     700,       0,       0,       0,       0,       0,       0,       0,       0,       0,       0,     180,    -120,       0,       0,     580,     180,     460,     180,    -280,       0,  100.0,   31.2,    0.0,    0.3,   64.9,   97.8,   96.5,   98.1,    3.5,    1.9,  100.0,   31.2,    0.0,    0.3,   64.9,   97.8,   96.5,   98.1,    3.5,    1.9,    0.0,    0.0,    0.0,    0.0,    0.0,    0.0,    0.0,    0.0,    0.0,    0.0,     23,      2,      0,      1,     17,      6,     19,      7,     23,      2,      0,      1,     17,      6,     19,      7,      0,      0,      0,      0,      0,      0,      0,      0,    70.2,    96.1,    83.3,    98.1,    69.7,    95.6,    82.9,    95.9,    70.2,    96.1,    83.3,    98.1,    69.7,    95.6,    82.9,    95.9,     0.0,     0.0,     0.0,     0.0,     0.0,     0.0,     0.0,     0.0,Megawatt Hours (MWh),064CTQ,NODX,064 
NYISO.HUD VL_month_off_dap - NODAL EXCHANGE,260818,2026-08-18,064CXP,NODX,01,064 ,   37523,     480,    7856,    1012,   31489,   24210,   32981,   33078,    4542,    4445,   37523,     480,    7856,    1012,   31489,   24210,   32981,   33078,    4542,    4445,       0,       0,       0,       0,       0,       0,       0,       0,       0,       0,    -165,    -240,      25,     240,    -135,    -400,    -135,    -135,     -30,     -30,  100.0,    1.3,   20.9,    2.7,   83.9,   64.5,   87.9,   88.2,   12.1,   11.8,  100.0,    1.3,   20.9,    2.7,   83.9,   64.5,   87.9,   88.2,   12.1,   11.8,    0.0,    0.0,    0.0,    0.0,    0.0,    0.0,    0.0,    0.0,    0.0,    0.0,     32,      3,      4,      2,     23,     20,     27,     25,     32,      3,      4,      2,     23,     20,     27,     25,      0,      0,      0,      0,      0,      0,      0,      0,    43.6,    48.2,    63.3,    69.9,    40.6,    45.7,    57.2,    63.0,    43.6,    48.2,    63.3,    69.9,    40.6,    45.7,    57.2,    63.0,     0.0,     0.0,     0.0,     0.0,     0.0,     0.0,     0.0,     0.0,Megawatt Hours (MWh),064CXP,NODX,064 
NYISO.HUD VL_month_off_dap - NODAL EXCHANGE,260825,2026-08-25,064CXP,NODX,01,064 ,   35646,    1680,    6356,    1012,   27839,   23260,   30531,   30628,    5115,    5018,   35646,    1680,    6356,    1012,   27839,   23260,   30531,   30628,    5115,    5018,       0,       0,       0,       0,       0,       0,       0,       0,       0,       0,   -1877,    1200,   -1500,       0,   -3650,    -950,   -2450,   -2450,     573,     573,  100.0,    4.7,   17.8,    2.8,   78.1,   65.3,   85.7,   85.9,   14.3,   14.1,  100.0,    4.7,   17.8,    2.8,   78.1,   65.3,   85.7,   85.9,   14.3,   14.1,    0.0,    0.0,    0.0,    0.0,    0.0,    0.0,    0.0,    0.0,    0.0,    0.0,     32,      3,      4,      2,     23,     19,     27,     24,     32,      3,      4,      2,     23,     19,     27,     24,      0,      0,      0,      0,      0,      0,      0,      0,    34.4,    45.7,    55.4,    66.6,    32.5,    43.1,    50.8,    59.4,    34.4,    45.7,    55.4,    66.6,    32.5,    43.1,    50.8,    59.4,     0.0,     0.0,     0.0,     0.0,     0.0,     0.0,     0.0,     0.0,Megawatt Hours (MWh),064CXP,NODX,064 
NYISO.HUD VL_month_on_dap - NODAL EXCHANGE,260818,2026-08-18,064CXO,NODX,01,064 ,   38167,     550,    8441,     650,   31909,   24300,   33109,   33391,    5058,    4776,   38167,     550,    8441,     650,   31909,   24300,   33109,   33391,    5058,    4776,       0,       0,       0,       0,       0,       0,       0,       0,       0,       0,      84,       0,     325,       0,     100,    -225,     100,     100,     -16,     -16,  100.0,    1.4,   22.1,    1.7,   83.6,   63.7,   86.7,   87.5,   13.3,   12.5,  100.0,    1.4,   22.1,    1.7,   83.6,   63.7,   86.7,   87.5,   13.3,   12.5,    0.0,    0.0,    0.0,    0.0,    0.0,    0.0,    0.0,    0.0,    0.0,    0.0,     33,      2,      5,      3,     24,     20,     29,     25,     33,      2,      5,      3,     24,     20,     29,     25,      0,      0,      0,      0,      0,      0,      0,      0,    40.5,    46.4,    61.2,    66.5,    36.8,    43.8,    55.8,    59.7,    40.5,    46.4,    61.2,    66.5,    36.8,    43.8,    55.8,    59.7,     0.0,     0.0,     0.0,     0.0,     0.0,     0.0,     0.0,     0.0,Megawatt Hours (MWh),064CXO,NODX,064 
NYISO.HUD VL_month_on_dap - NODAL EXCHANGE,260825,2026-08-25,064CXO,NODX,01,064 ,   36171,    1150,    6341,     710,   28365,   23456,   30225,   30507,    5946,    5664,   36171,    1150,    6341,     710,   28365,   23456,   30225,   30507,    5946,    5664,       0,       0,       0,       0,       0,       0,       0,       0,       0,       0,   -1996,     600,   -2100,      60,   -3544,    -844,   -2884,   -2884,     888,     888,  100.0,    3.2,   17.5,    2.0,   78.4,   64.8,   83.6,   84.3,   16.4,   15.7,  100.0,    3.2,   17.5,    2.0,   78.4,   64.8,   83.6,   84.3,   16.4,   15.7,    0.0,    0.0,    0.0,    0.0,    0.0,    0.0,    0.0,    0.0,    0.0,    0.0,     33,      2,      5,      3,     24,     18,     29,     23,     33,      2,      5,      3,     24,     18,     29,     23,      0,      0,      0,      0,      0,      0,      0,      0,    34.9,    43.8,    55.5,    64.1,    32.6,    41.1,    50.6,    57.3,    34.9,    43.8,    55.5,    64.1,    32.6,    41.1,    50.6,    57.3,     0.0,     0.0,     0.0,     0.0,     0.0,     0.0,     0.0,     0.0,Megawatt Hours (MWh),064CXO,NODX,064 
NYISO.N.Y.C._month_off_dap - NODAL EXCHANGE,260818,2026-08-18,064CZT,NODX,01,064 ,   28012,    1221,     600,     464,   22302,   23588,   23987,   24652,    4025,    3360,   28012,    1221,     600,     464,   22302,   23588,   23987,   24652,    4025,    3360,       0,       0,       0,       0,       0,       0,       0,       0,       0,       0,     245,     246,     -44,      44,     -45,     245,     245,     245,       0,       0,  100.0,    4.4,    2.1,    1.7,   79.6,   84.2,   85.6,   88.0,   14.4,   12.0,  100.0,    4.4,    2.1,    1.7,   79.6,   84.2,   85.6,   88.0,   14.4,   12.0,    0.0,    0.0,    0.0,    0.0,    0.0,    0.0,    0.0,    0.0,    0.0,    0.0,     26,      2,      2,      1,     15,     15,     17,     18,     26,      2,      2,      1,     15,     15,     17,     18,      0,      0,      0,      0,      0,      0,      0,      0,    54.0,    54.3,    71.8,    78.9,    54.0,    53.6,    70.5,    77.3,    54.0,    54.3,    71.8,    78.9,    54.0,    53.6,    70.5,    77.3,     0.0,     0.0,     0.0,     0.0,     0.0,     0.0,     0.0,     0.0,Megawatt Hours (MWh),064CZT,NODX,064 
NYISO.N.Y.C._month_off_dap - NODAL EXCHANGE,260825,2026-08-25,064CZT,NODX,01,064 ,   28252,    1221,     600,     464,   22542,   23828,   24227,   24892,    4025,    3360,   28252,    1221,     600,     464,   22542,   23828,   24227,   24892,    4025,    3360,       0,       0,       0,       0,       0,       0,       0,       0,       0,       0,     240,       0,       0,       0,     240,     240,     240,     240,       0,       0,  100.0,    4.3,    2.1,    1.6,   79.8,   84.3,   85.8,   88.1,   14.2,   11.9,  100.0,    4.3,    2.1,    1.6,   79.8,   84.3,   85.8,   88.1,   14.2,   11.9,    0.0,    0.0,    0.0,    0.0,    0.0,    0.0,    0.0,    0.0,    0.0,    0.0,     26,      2,      2,      1,     15,     15,     17,     18,     26,      2,      2,      1,     15,     15,     17,     18,      0,      0,      0,      0,      0,      0,      0,      0,    54.4,    54.9,    72.1,    79.1,    54.4,    54.3,    70.8,    77.7,    54.4,    54.9,    72.1,    79.1,    54.4,    54.3,    70.8,    77.7,     0.0,     0.0,     0.0,     0.0,     0.0,     0.0,     0.0,     0.0,Megawatt Hours (MWh),064CZT,NODX,064 
NYISO.N.Y.C._month_on_dap - NODAL EXCHANGE,260818,2026-08-18,064CZS,NODX,01,064 ,   28592,    1341,     675,     464,   22930,   24088,   24735,   25227,    3857,    3365,   28592,    1341,     675,     464,   22930,   24088,   24735,   25227,    3857,    3365,       0,       0,       0,       0,       0,       0,       0,       0,       0,       0,     245,     290,       0,       0,     -45,     245,     245,     245,       0,       0,  100.0,    4.7,    2.4,    1.6,   80.2,   84.2,   86.5,   88.2,   13.5,   11.8,  100.0,    4.7,    2.4,    1.6,   80.2,   84.2,   86.5,   88.2,   13.5,   11.8,    0.0,    0.0,    0.0,    0.0,    0.0,    0.0,    0.0,    0.0,    0.0,    0.0,     27,      2,      2,      1,     17,     17,     19,     20,     27,      2,      2,      1,     17,     17,     19,     20,      0,      0,      0,      0,      0,      0,      0,      0,    54.2,    55.2,    71.5,    78.6,    54.1,    54.6,    70.2,    76.5,    54.2,    55.2,    71.5,    78.6,    54.1,    54.6,    70.2,    76.5,     0.0,     0.0,     0.0,     0.0,     0.0,     0.0,     0.0,     0.0,Megawatt Hours (MWh),064CZS,NODX,064 
NYISO.N.Y.C._month_on_dap - NODAL EXCHANGE,260825,2026-08-25,064CZS,NODX,01,064 ,   28772,    1341,     675,     464,   23110,   24268,   24915,   25407,    3857,    3365,   28772,    1341,     675,     464,   23110,   24268,   24915,   25407,    3857,    3365,       0,       0,       0,       0,       0,       0,       0,       0,       0,       0,     180,       0,       0,       0,     180,     180,     180,     180,       0,       0,  100.0,    4.7,    2.3,    1.6,   80.3,   84.3,   86.6,   88.3,   13.4,   11.7,  100.0,    4.7,    2.3,    1.6,   80.3,   84.3,   86.6,   88.3,   13.4,   11.7,    0.0,    0.0,    0.0,    0.0,    0.0,    0.0,    0.0,    0.0,    0.0,    0.0,     27,      2,      2,      1,     17,     17,     19,     20,     27,      2,      2,      1,     17,     17,     19,     20,      0,      0,      0,      0,      0,      0,      0,      0,    54.6,    55.9,    71.8,    78.7,    54.6,    55.3,    70.4,    77.1,    54.6,    55.9,    71.8,    78.7,    54.6,    55.3,    70.4,    77.1,     0.0,     0.0,     0.0,     0.0,     0.0,     0.0,     0.0,     0.0,Megawatt Hours (MWh),064CZS,NODX,064 
NYISO.WEST_month_off_dap - NODAL EXCHANGE,260818,2026-08-18,064DEV,NODX,01,064 ,   35087,     150,    3849,     656,   32145,   28709,   32951,   33214,    2136,    1873,   35087,     150,    3849,     656,   32145,   28709,   32951,   33214,    2136,    1873,       0,       0,       0,       0,       0,       0,       0,       0,       0,       0,     626,       0,       0,       0,     566,     638,     566,     638,      60,     -12,  100.0,    0.4,   11.0,    1.9,   91.6,   81.8,   93.9,   94.7,    6.1,    5.3,  100.0,    0.4,   11.0,    1.9,   91.6,   81.8,   93.9,   94.7,    6.1,    5.3,    0.0,    0.0,    0.0,    0.0,    0.0,    0.0,    0.0,    0.0,    0.0,    0.0,     26,      1,      2,      1,     14,     20,     16,     22,     26,      1,      2,      1,     14,     20,     16,     22,      0,      0,      0,      0,      0,      0,      0,      0,    74.2,    53.2,    88.7,    79.7,    65.3,    48.9,    74.2,    66.0,    74.2,    53.2,    88.7,    79.7,    65.3,    48.9,    74.2,    66.0,     0.0,     0.0,     0.0,     0.0,     0.0,     0.0,     0.0,     0.0,Megawatt Hours (MWh),064DEV,NODX,064 
NYISO.WEST_month_off_dap - NODAL EXCHANGE,260825,2026-08-25,064DEV,NODX,01,064 ,   36566,     150,    3729,     656,   33624,   30308,   34430,   34693,    2136,    1873,   36566,     150,    3729,     656,   33624,   30308,   34430,   34693,    2136,    1873,       0,       0,       0,       0,       0,       0,       0,       0,       0,       0,    1479,       0,    -120,       0,    1479,    1599,    1479,    1479,       0,       0,  100.0,    0.4,   10.2,    1.8,   92.0,   82.9,   94.2,   94.9,    5.8,    5.1,  100.0,    0.4,   10.2,    1.8,   92.0,   82.9,   94.2,   94.9,    5.8,    5.1,    0.0,    0.0,    0.0,    0.0,    0.0,    0.0,    0.0,    0.0,    0.0,    0.0,     26,      1,      2,      1,     15,     20,     17,     22,     26,      1,      2,      1,     15,     20,     17,     22,      0,      0,      0,      0,      0,      0,      0,      0,    75.3,    55.4,    89.4,    80.1,    69.3,    47.8,    78.0,    69.2,    75.3,    55.4,    89.4,    80.1,    69.3,    47.8,    78.0,    69.2,     0.0,     0.0,     0.0,     0.0,     0.0,     0.0,     0.0,     0.0,Megawatt Hours (MWh),064DEV,NODX,064 
NYISO.WEST_month_on_dap - NODAL EXCHANGE,260818,2026-08-18,064DEU,NODX,01,064 ,   35174,     150,    4369,     481,   32643,   28513,   33274,   33363,    1900,    1811,   35174,     150,    4369,     481,   32643,   28513,   33274,   33363,    1900,    1811,       0,       0,       0,       0,       0,       0,       0,       0,       0,       0,     580,       0,       0,       0,     580,     592,     580,     592,       0,     -12,  100.0,    0.4,   12.4,    1.4,   92.8,   81.1,   94.6,   94.9,    5.4,    5.1,  100.0,    0.4,   12.4,    1.4,   92.8,   81.1,   94.6,   94.9,    5.4,    5.1,    0.0,    0.0,    0.0,    0.0,    0.0,    0.0,    0.0,    0.0,    0.0,    0.0,     29,      1,      1,      1,     19,     20,     21,     21,     29,      1,      1,      1,     19,     20,     21,     21,      0,      0,      0,      0,      0,      0,      0,      0,    69.4,    52.5,    82.7,    79.3,    59.8,    45.9,    69.3,    68.5,    69.4,    52.5,    82.7,    79.3,    59.8,    45.9,    69.3,    68.5,     0.0,     0.0,     0.0,     0.0,     0.0,     0.0,     0.0,     0.0,Megawatt Hours (MWh),064DEU,NODX,064 
NYISO.WEST_month_on_dap - NODAL EXCHANGE,260825,2026-08-25,064DEU,NODX,01,064 ,   36620,     150,    4249,     481,   34089,   30079,   34720,   34809,    1900,    1811,   36620,     150,    4249,     481,   34089,   30079,   34720,   34809,    1900,    1811,       0,       0,       0,       0,       0,       0,       0,       0,       0,       0,    1446,       0,    -120,       0,    1446,    1566,    1446,    1446,       0,       0,  100.0,    0.4,   11.6,    1.3,   93.1,   82.1,   94.8,   95.1,    5.2,    4.9,  100.0,    0.4,   11.6,    1.3,   93.1,   82.1,   94.8,   95.1,    5.2,    4.9,    0.0,    0.0,    0.0,    0.0,    0.0,    0.0,    0.0,    0.0,    0.0,    0.0,     29,      1,      1,      1,     20,     20,     22,     21,     29,      1,      1,      1,     20,     20,     22,     21,      0,      0,      0,      0,      0,      0,      0,      0,    70.1,    52.7,    83.2,    79.2,    62.3,    45.2,    71.5,    69.7,    70.1,    52.7,    83.2,    79.2,    62.3,    45.2,    71.5,    69.7,     0.0,     0.0,     0.0,     0.0,     0.0,     0.0,     0.0,     0.0,Megawatt Hours (MWh),064DEU,NODX,064 
NZ DOLLAR - CHICAGO MERCANTILE EXCHANGE,260818,2026-08-18,112741,CME ,00,112 ,   89153,    6344,   38964,     651,   78796,   44474,   85791,   84089,    3362,    5064,   89153,    6344,   38964,     651,   78796,   44474,   85791,   84089,    3362,    5064,       0,       0,       0,       0,       0,       0,       0,       0,       0,       0,   -7687,    1395,   -5571,     511,   -9500,   -2191,   -7594,   -7251,     -93,    -436,  100.0,    7.1,   43.7,    0.7,   88.4,   49.9,   96.2,   94.3,    3.8,    5.7,  100.0,    7.1,   43.7,    0.7,   88.4,   49.9,   96.2,   94.3,    3.8,    5.7,    0.0,    0.0,    0.0,    0.0,    0.0,    0.0,    0.0,    0.0,    0.0,    0.0,    100,     25,     38,      6,     22,     22,     52,     61,    100,     25,     38,      6,     22,     22,     52,     61,      0,      0,      0,      0,      0,      0,      0,      0,    78.0,    46.2,    86.7,    63.2,    78.0,    46.0,    86.7,    63.1,    78.0,    46.2,    86.7,    63.2,    78.0,    46.0,    86.7,    63.1,     0.0,     0.0,     0.0,     0.0,     0.0,     0.0,     0.0,     0.0,"(CONTRACTS OF NZD 100,000)",112741,CME ,112 
NZ DOLLAR - CHICAGO MERCANTILE EXCHANGE,260825,2026-08-25,112741,CME ,00,112 ,   88964,    9545,   23784,     967,   74400,   59296,   84912,   84047,    4052,    4917,   88964,    9545,   23784,     967,   74400,   59296,   84912,   84047,    4052,    4917,       0,       0,       0,       0,       0,       0,       0,       0,       0,       0,    -189,    3201,  -15180,     316,   -4396,   14822,    -879,     -42,     690,    -147,  100.0,   10.7,   26.7,    1.1,   83.6,   66.7,   95.4,   94.5,    4.6,    5.5,  100.0,   10.7,   26.7,    1.1,   83.6,   66.7,   95.4,   94.5,    4.6,    5.5,    0.0,    0.0,    0.0,    0.0,    0.0,    0.0,    0.0,    0.0,    0.0,    0.0,    105,     23,     43,      7,     26,     20,     54,     65,    105,     23,     43,      7,     26,     20,     54,     65,      0,      0,      0,      0,      0,      0,      0,      0,    71.3,    50.4,    82.4,    62.5,    71.3,    50.4,    82.0,    61.7,    71.3,    50.4,    82.4,    62.5,    71.3,    50.4,    82.0,    61.7,     0.0,     0.0,     0.0,     0.0,     0.0,     0.0,     0.0,     0.0,"(CONTRACTS OF NZD 100,000)",112741,CME ,112 
"Nano Bitcoin - COINBASE DERIVATIVES, LLC",260818,2026-08-18,133LM1,FREX,00,133 ,  129837,  128471,  125736,     104,     170,     940,  128745,  126780,    1092,    3057,  129837,  128471,  125736,     104,     170,     940,  128745,  126780,    1092,    3057,       0,       0,       0,       0,       0,       0,       0,       0,       0,       0,     713,     829,     429,      30,      20,       7,     879,     466,    -166,     247,  100.0,   98.9,   96.8,    0.1,    0.1,    0.7,   99.2,   97.6,    0.8,    2.4,  100.0,   98.9,   96.8,    0.1,    0.1,    0.7,   99.2,   97.6,    0.8,    2.4,    0.0,    0.0,    0.0,    0.0,    0.0,    0.0,    0.0,    0.0,    0.0,    0.0,    133,     72,     58,      3,      1,      2,     75,     61,    133,     72,     58,      3,      1,      2,     75,     61,      0,      0,      0,      0,      0,      0,      0,      0,    91.8,    74.5,    93.9,    88.1,    91.8,    74.4,    93.9,    88.0,    91.8,    74.5,    93.9,    88.1,    91.8,    74.4,    93.9,    88.0,     0.0,     0.0,     0.0,     0.0,     0.0,     0.0,     0.0,     0.0,(1/100 X Bitcoin = $300),133LM1,FREX,133 
"Nano Bitcoin - COINBASE DERIVATIVES, LLC",260825,2026-08-25,133LM1,FREX,00,133 ,  105264,  102620,   99779,    1227,     120,     900,  103967,  101906,    1297,    3358,  105264,  102620,   99779,    1227,     120,     900,  103967,  101906,    1297,    3358,       0,       0,       0,       0,       0,       0,       0,       0,       0,       0,  -24573,  -25851,  -25957,    1123,     -50,     -40,  -24778,  -24874,     205,     301,  100.0,   97.5,   94.8,    1.2,    0.1,    0.9,   98.8,   96.8,    1.2,    3.2,  100.0,   97.5,   94.8,    1.2,    0.1,    0.9,   98.8,   96.8,    1.2,    3.2,    0.0,    0.0,    0.0,    0.0,    0.0,    0.0,    0.0,    0.0,    0.0,    0.0,    145,     76,     67,      5,      1,      1,     79,     71,    145,     76,     67,      5,      1,      1,     79,     71,      0,      0,      0,      0,      0,      0,      0,      0,    85.9,    72.5,    91.4,    87.1,    85.8,    72.5,    90.8,    86.5,    85.9,    72.5,    91.4,    87.1,    85.8,    72.5,    90.8,    86.5,     0.0,     0.0,     0.0,     0.0,     0.0,     0.0,     0.0,     0.0,(1/100 X Bitcoin = $300),133LM1,FREX,133 
"ONDO PERP STYLE - COINBASE DERIVATIVES, LLC",260818,2026-08-18,180LM8,FREX,00,180 ,    7164,    6079,    7084,       0,       0,       0,    6079,    7084,    1085,      80,    7164,    6079,    7084,       0,       0,       0,    6079,    7084,    1085,      80,       0,       0,       0,       0,       0,       0,       0,       0,       0,       0,     225,     268,     294,       0,       0,       0,     268,     294,     -43,     -69,  100.0,   84.9,   98.9,    0.0,    0.0,    0.0,   84.9,   98.9,   15.1,    1.1,  100.0,   84.9,   98.9,    0.0,    0.0,    0.0,   84.9,   98.9,   15.1,    1.1,    0.0,    0.0,    0.0,    0.0,    0.0,    0.0,    0.0,    0.0,    0.0,    0.0,     81,     70,     11,      0,      0,      0,     70,     11,     81,     70,     11,      0,      0,      0,     70,     11,      0,      0,      0,      0,      0,      0,      0,      0,    29.0,    95.3,    34.5,    97.7,    29.0,    95.3,    34.5,    97.7,    29.0,    95.3,    34.5,    97.7,    29.0,    95.3,    34.5,    97.7,     0.0,     0.0,     0.0,     0.0,     0.0,     0.0,     0.0,     0.0,"(1,000 ONDO)",180LM8,FREX,180 
"ONDO PERP STYLE - COINBASE DERIVATIVES, LLC",260825,2026-08-25,180LM8,FREX,00,180 ,    4619,    3754,    4540,       0,       0,       0,    3754,    4540,     865,      79,    4619,    3754,    4540,       0,       0,       0,    3754,    4540,     865,      79,       0,       0,       0,       0,       0,       0,       0,       0,       0,       0,   -2545,   -2325,   -2544,       0,       0,       0,   -2325,   -2544,    -220,      -1,  100.0,   81.3,   98.3,    0.0,    0.0,    0.0,   81.3,   98.3,   18.7,    1.7,  100.0,   81.3,   98.3,    0.0,    0.0,    0.0,   81.3,   98.3,   18.7,    1.7,    0.0,    0.0,    0.0,    0.0,    0.0,    0.0,    0.0,    0.0,    0.0,    0.0,     58,     47,     11,      0,      0,      0,     47,     11,     58,     47,     11,      0,      0,      0,     47,     11,      0,      0,      0,      0,      0,      0,      0,      0,    23.5,    92.7,    32.1,    96.5,    23.5,    92.7,    32.1,    96.5,    23.5,    92.7,    32.1,    96.5,    23.5,    92.7,    32.1,    96.5,     0.0,     0.0,     0.0,     0.0,     0.0,     0.0,     0.0,     0.0,"(1,000 ONDO)",180LM8,FREX,180 
ONEOK GAS TRANSPORTATION BASIS - ICE FUTURES ENERGY DIV,260818,2026-08-18,0233BF,IFED,01,023 ,   68412,       0,       0,       0,   64945,   63692,   64945,   63692,    3467,    4720,   68412,       0,       0,       0,   64945,   63692,   64945,   63692,    3467,    4720,       0,       0,       0,       0,       0,       0,       0,       0,       0,       0,.,.,.,.,.,.,.,.,.,.,  100.0,    0.0,    0.0,    0.0,   94.9,   93.1,   94.9,   93.1,    5.1,    6.9,  100.0,    0.0,    0.0,    0.0,   94.9,   93.1,   94.9,   93.1,    5.1,    6.9,    0.0,    0.0,    0.0,    0.0,    0.0,    0.0,    0.0,    0.0,    0.0,    0.0,     20,      0,      0,      0,     12,     18,     12,     18,     20,      0,      0,      0,     12,     18,     12,     18,      0,      0,      0,      0,      0,      0,      0,      0,    76.9,    71.2,    90.6,    87.6,    74.8,    71.2,    87.4,    86.3,    76.9,    71.2,    90.6,    87.6,    74.8,    71.2,    87.4,    86.3,     0.0,     0.0,     0.0,     0.0,     0.0,     0.0,     0.0,     0.0,2500 mmbtu,0233BF,IFED,023 
ONEOK GAS TRANSPORTATION BASIS - ICE FUTURES ENERGY DIV,260825,2026-08-25,0233BF,IFED,01,023 ,   69636,       0,       0,       0,   66086,   64128,   66086,   64128,    3550,    5508,   69636,       0,       0,       0,   66086,   64128,   66086,   64128,    3550,    5508,       0,       0,       0,       0,       0,       0,       0,       0,       0,       0,    1224,       0,       0,       0,    1141,     436,    1141,     436,      83,     788,  100.0,    0.0,    0.0,    0.0,   94.9,   92.1,   94.9,   92.1,    5.1,    7.9,  100.0,    0.0,    0.0,    0.0,   94.9,   92.1,   94.9,   92.1,    5.1,    7.9,    0.0,    0.0,    0.0,    0.0,    0.0,    0.0,    0.0,    0.0,    0.0,    0.0,     20,      0,      0,      0,     12,     17,     12,     17,     20,      0,      0,      0,     12,     17,     12,     17,      0,      0,      0,      0,      0,      0,      0,      0,    76.8,    70.0,    90.7,    86.4,    74.4,    70.0,    87.1,    85.2,    76.8,    70.0,    90.7,    86.4,    74.4,    70.0,    87.1,    85.2,     0.0,     0.0,     0.0,     0.0,     0.0,     0.0,     0.0,     0.0,2500 mmbtu,0233BF,IFED,023 
PA COMPLIANCE AECs TIER1 - ICE FUTURES ENERGY DIV,260818,2026-08-18,0063DT,IFED,01,006 ,   48569,    9871,   17057,    1259,   37439,   30233,   48569,   48549,       0,      20,   48569,    9871,   17057,    1259,   37439,   30233,   48569,   48549,       0,      20,       0,       0,       0,       0,       0,       0,       0,       0,       0,       0,     602,     403,     -97,    -201,     400,     900,     602,     602,       0,       0,  100.0,   20.3,   35.1,    2.6,   77.1,   62.2,  100.0,  100.0,    0.0,    0.0,  100.0,   20.3,   35.1,    2.6,   77.1,   62.2,  100.0,  100.0,    0.0,    0.0,    0.0,    0.0,    0.0,    0.0,    0.0,    0.0,    0.0,    0.0,    0.0,    0.0,     35,      6,      6,      1,     20,      7,     27,     13,     35,      6,      6,      1,     20,      7,     27,     13,      0,      0,      0,      0,      0,      0,      0,      0,    44.2,    73.5,    62.1,    96.0,    44.2,    72.1,    62.1,    92.2,    44.2,    73.5,    62.1,    96.0,    44.2,    72.1,    62.1,    92.2,     0.0,     0.0,     0.0,     0.0,     0.0,     0.0,     0.0,     0.0,(100 AECs),0063DT,IFED,006 
PA COMPLIANCE AECs TIER1 - ICE FUTURES ENERGY DIV,260825,2026-08-25,0063DT,IFED,01,006 ,   48669,    9871,   17057,    1259,   37539,   30333,   48669,   48649,       0,      20,   48669,    9871,   17057,    1259,   37539,   30333,   48669,   48649,       0,      20,       0,       0,       0,       0,       0,       0,       0,       0,       0,       0,     100,       0,       0,       0,     100,     100,     100,     100,       0,       0,  100.0,   20.3,   35.0,    2.6,   77.1,   62.3,  100.0,  100.0,    0.0,    0.0,  100.0,   20.3,   35.0,    2.6,   77.1,   62.3,  100.0,  100.0,    0.0,    0.0,    0.0,    0.0,    0.0,    0.0,    0.0,    0.0,    0.0,    0.0,    0.0,    0.0,     35,      6,      6,      1,     20,      7,     27,     13,     35,      6,      6,      1,     20,      7,     27,     13,      0,      0,      0,      0,      0,      0,      0,      0,    44.1,    73.8,    62.0,    96.2,    44.1,    72.3,    62.0,    92.5,    44.1,    73.8,    62.0,    96.2,    44.1,    72.3,    62.0,    92.5,     0.0,     0.0,     0.0,     0.0,     0.0,     0.0,     0.0,     0.0,(100 AECs),0063DT,IFED,006 
PA SOLAR ALTER ENERGY CREDIT - ICE FUTURES ENERGY DIV,260818,2026-08-18,0063DA,IFED,01,006 ,   24210,   14500,     800,       0,    9710,   23410,   24210,   24210,       0,       0,   24210,   14500,     800,       0,    9710,   23410,   24210,   24210,       0,       0,       0,       0,       0,       0,       0,       0,       0,       0,       0,       0,    5000,    5000,       0,       0,       0,    5000,    5000,    5000,       0,       0,  100.0,   59.9,    3.3,    0.0,   40.1,   96.7,  100.0,  100.0,    0.0,    0.0,  100.0,   59.9,    3.3,    0.0,   40.1,   96.7,  100.0,  100.0,    0.0,    0.0,    0.0,    0.0,    0.0,    0.0,    0.0,    0.0,    0.0,    0.0,    0.0,    0.0,     20,      5,      2,      0,     10,      4,     15,      6,     20,      5,      2,      0,     10,      4,     15,      6,      0,      0,      0,      0,      0,      0,      0,      0,    67.5,    97.5,    87.4,   100.0,    67.5,    94.6,    85.3,    95.9,    67.5,    97.5,    87.4,   100.0,    67.5,    94.6,    85.3,    95.9,     0.0,     0.0,     0.0,     0.0,     0.0,     0.0,     0.0,     0.0,(10 PA SRECs),0063DA,IFED,006 
PA SOLAR ALTER ENERGY CREDIT - ICE FUTURES ENERGY DIV,260825,2026-08-25,0063DA,IFED,01,006 ,   24210,   14500,     800,       0,    9710,   23410,   24210,   24210,       0,       0,   24210,   14500,     800,       0,    9710,   23410,   24210,   24210,       0,       0,       0,       0,       0,       0,       0,       0,       0,       0,       0,       0,       0,       0,       0,       0,       0,       0,       0,       0,       0,       0,  100.0,   59.9,    3.3,    0.0,   40.1,   96.7,  100.0,  100.0,    0.0,    0.0,  100.0,   59.9,    3.3,    0.0,   40.1,   96.7,  100.0,  100.0,    0.0,    0.0,    0.0,    0.0,    0.0,    0.0,    0.0,    0.0,    0.0,    0.0,    0.0,    0.0,     20,      5,      2,      0,     10,      4,     15,      6,     20,      5,      2,      0,     10,      4,     15,      6,      0,      0,      0,      0,      0,      0,      0,      0,    67.5,    97.5,    87.4,   100.0,    67.5,    94.6,    85.3,    95.9,    67.5,    97.5,    87.4,   100.0,    67.5,    94.6,    85.3,    95.9,     0.0,     0.0,     0.0,     0.0,     0.0,     0.0,     0.0,     0.0,(10 PA SRECs),0063DA,IFED,006 
PALLADIUM - NEW YORK MERCANTILE EXCHANGE,260818,2026-08-18,075651,NYME,01,075 ,   18366,    6016,   10414,    1646,    8270,    4672,   15932,   16732,    2434,    1634,   18366,    6016,   10414,    1646,    8270,    4672,   15932,   16732,    2434,    1634,       0,       0,       0,       0,       0,       0,       0,       0,       0,       0,     172,    -453,      29,     289,      41,    -182,    -123,     136,     295,      36,  100.0,   32.8,   56.7,    9.0,   45.0,   25.4,   86.7,   91.1,   13.3,    8.9,  100.0,   32.8,   56.7,    9.0,   45.0,   25.4,   86.7,   91.1,   13.3,    8.9,    0.0,    0.0,    0.0,    0.0,    0.0,    0.0,    0.0,    0.0,    0.0,    0.0,    157,     57,     50,     29,     31,     29,    102,     98,    157,     57,     50,     29,     31,     29,    102,     98,      0,      0,      0,      0,      0,      0,      0,      0,    27.6,    29.2,    42.2,    42.1,    27.3,    28.5,    41.4,    41.5,    27.6,    29.2,    42.2,    42.1,    27.3,    28.5,    41.4,    41.5,     0.0,     0.0,     0.0,     0.0,     0.0,     0.0,     0.0,     0.0,(CONTRACTS OF 100 TROY OUNCES),075651,NYME,075 
PALLADIUM - NEW YORK MERCANTILE EXCHANGE,260825,2026-08-25,075651,NYME,01,075 ,   17496,    6316,   11140,    1141,    7597,    3862,   15054,   16143,    2442,    1353,   17496,    6316,   11140,    1141,    7597,    3862,   15054,   16143,    2442,    1353,       0,       0,       0,       0,       0,       0,       0,       0,       0,       0,    -870,     300,     726,    -505,    -673,    -810,    -878,    -589,       8,    -281,  100.0,   36.1,   63.7,    6.5,   43.4,   22.1,   86.0,   92.3,   14.0,    7.7,  100.0,   36.1,   63.7,    6.5,   43.4,   22.1,   86.0,   92.3,   14.0,    7.7,    0.0,    0.0,    0.0,    0.0,    0.0,    0.0,    0.0,    0.0,    0.0,    0.0,    148,     56,     46,     21,     30,     28,     95,     86,    148,     56,     46,     21,     30,     28,     95,     86,      0,      0,      0,      0,      0,      0,      0,      0,    28.0,    35.1,    42.0,    48.9,    27.9,    32.4,    41.9,    46.1,    28.0,    35.1,    42.0,    48.9,    27.9,    32.4,    41.9,    46.1,     0.0,     0.0,     0.0,     0.0,     0.0,     0.0,     0.0,     0.0,(CONTRACTS OF 100 TROY OUNCES),075651,NYME,075 
PALO VERDE DA OFF-PK FiXED PR - ICE FUTURES ENERGY DIV,260818,2026-08-18,0643CC,IFED,01,064 ,   18673,    4145,     985,    1063,   13396,   16398,   18604,   18446,      69,     227,   18673,    4145,     985,    1063,   13396,   16398,   18604,   18446,      69,     227,       0,       0,       0,       0,       0,       0,       0,       0,       0,       0,     110,     -12,    -183,      81,      -3,     120,      66,      18,      44,      92,  100.0,   22.2,    5.3,    5.7,   71.7,   87.8,   99.6,   98.8,    0.4,    1.2,  100.0,   22.2,    5.3,    5.7,   71.7,   87.8,   99.6,   98.8,    0.4,    1.2,    0.0,    0.0,    0.0,    0.0,    0.0,    0.0,    0.0,    0.0,    0.0,    0.0,     37,      2,      4,      5,     22,     23,     28,     29,     37,      2,      4,      5,     22,     23,     28,     29,      0,      0,      0,      0,      0,      0,      0,      0,    65.9,    52.6,    84.1,    68.8,    60.1,    49.2,    74.5,    61.9,    65.9,    52.6,    84.1,    68.8,    60.1,    49.2,    74.5,    61.9,     0.0,     0.0,     0.0,     0.0,     0.0,     0.0,     0.0,     0.0,(1 MW for about 368 Hours),0643CC,IFED,064 
PALO VERDE DA OFF-PK FiXED PR - ICE FUTURES ENERGY DIV,260825,2026-08-25,0643CC,IFED,01,064 ,   18839,    4145,     933,    1155,   13470,   16494,   18770,   18582,      69,     257,   18839,    4145,     933,    1155,   13470,   16494,   18770,   18582,      69,     257,       0,       0,       0,       0,       0,       0,       0,       0,       0,       0,     166,       0,     -52,      92,      74,      96,     166,     136,       0,      30,  100.0,   22.0,    5.0,    6.1,   71.5,   87.6,   99.6,   98.6,    0.4,    1.4,  100.0,   22.0,    5.0,    6.1,   71.5,   87.6,   99.6,   98.6,    0.4,    1.4,    0.0,    0.0,    0.0,    0.0,    0.0,    0.0,    0.0,    0.0,    0.0,    0.0,     37,      2,      4,      5,     22,     24,     28,     30,     37,      2,      4,      5,     22,     24,     28,     30,      0,      0,      0,      0,      0,      0,      0,      0,    64.8,    53.1,    82.9,    69.0,    59.1,    49.8,    72.2,    62.3,    64.8,    53.1,    82.9,    69.0,    59.1,    49.8,    72.2,    62.3,     0.0,     0.0,     0.0,     0.0,     0.0,     0.0,     0.0,     0.0,(1 MW for about 368 Hours),0643CC,IFED,064 
PALO VERDE DA PEAK - ICE FUTURES ENERGY DIV,260818,2026-08-18,0643CB,IFED,01,064 ,   24130,     759,     744,    1143,   22074,   22175,   23976,   24062,     154,      68,   24130,     759,     744,    1143,   22074,   22175,   23976,   24062,     154,      68,       0,       0,       0,       0,       0,       0,       0,       0,       0,       0,      28,      25,      10,       0,      13,      18,      38,      28,     -10,       0,  100.0,    3.1,    3.1,    4.7,   91.5,   91.9,   99.4,   99.7,    0.6,    0.3,  100.0,    3.1,    3.1,    4.7,   91.5,   91.9,   99.4,   99.7,    0.6,    0.3,    0.0,    0.0,    0.0,    0.0,    0.0,    0.0,    0.0,    0.0,    0.0,    0.0,     39,      4,      4,      4,     26,     21,     33,     26,     39,      4,      4,      4,     26,     21,     33,     26,      0,      0,      0,      0,      0,      0,      0,      0,    51.2,    63.4,    69.8,    79.7,    37.9,    43.3,    52.2,    55.5,    51.2,    63.4,    69.8,    79.7,    37.9,    43.3,    52.2,    55.5,     0.0,     0.0,     0.0,     0.0,     0.0,     0.0,     0.0,     0.0,(Contracts of 400MWh),0643CB,IFED,064 
PALO VERDE DA PEAK - ICE FUTURES ENERGY DIV,260825,2026-08-25,0643CB,IFED,01,064 ,   24398,     794,     689,    1163,   22347,   22478,   24304,   24330,      94,      68,   24398,     794,     689,    1163,   22347,   22478,   24304,   24330,      94,      68,       0,       0,       0,       0,       0,       0,       0,       0,       0,       0,     268,      35,     -55,      20,     273,     303,     328,     268,     -60,       0,  100.0,    3.3,    2.8,    4.8,   91.6,   92.1,   99.6,   99.7,    0.4,    0.3,  100.0,    3.3,    2.8,    4.8,   91.6,   92.1,   99.6,   99.7,    0.4,    0.3,    0.0,    0.0,    0.0,    0.0,    0.0,    0.0,    0.0,    0.0,    0.0,    0.0,     39,      4,      4,      5,     26,     21,     34,     26,     39,      4,      4,      5,     26,     21,     34,     26,      0,      0,      0,      0,      0,      0,      0,      0,    49.5,    63.1,    69.6,    79.2,    36.6,    43.2,    52.1,    55.4,    49.5,    63.1,    69.6,    79.2,    36.6,    43.2,    52.1,    55.4,     0.0,     0.0,     0.0,     0.0,     0.0,     0.0,     0.0,     0.0,(Contracts of 400MWh),0643CB,IFED,064 
PANHANDLE BASIS - ICE FUTURES ENERGY DIV,260818,2026-08-18,0233BL,IFED,01,023 ,  198567,   21021,       0,    2476,  156021,  184846,  179518,  187322,   19049,   11245,  198567,   21021,       0,    2476,  156021,  184846,  179518,  187322,   19049,   11245,       0,       0,       0,       0,       0,       0,       0,       0,       0,       0,    1521,    -443,    -306,   -1289,    -477,    2274,   -2209,     679,    3730,     842,  100.0,   10.6,    0.0,    1.2,   78.6,   93.1,   90.4,   94.3,    9.6,    5.7,  100.0,   10.6,    0.0,    1.2,   78.6,   93.1,   90.4,   94.3,    9.6,    5.7,    0.0,    0.0,    0.0,    0.0,    0.0,    0.0,    0.0,    0.0,    0.0,    0.0,     40,      5,      0,      4,     30,     30,     35,     34,     40,      5,      0,      4,     30,     30,     35,     34,      0,      0,      0,      0,      0,      0,      0,      0,    39.6,    43.4,    54.7,    65.0,    33.7,    41.1,    44.8,    57.8,    39.6,    43.4,    54.7,    65.0,    33.7,    41.1,    44.8,    57.8,     0.0,     0.0,     0.0,     0.0,     0.0,     0.0,     0.0,     0.0,2500 mmbtu,0233BL,IFED,023 
PANHANDLE BASIS - ICE FUTURES ENERGY DIV,260825,2026-08-25,0233BL,IFED,01,023 ,  202469,   19244,     545,    2421,  164221,  188467,  185886,  191433,   16583,   11036,  202469,   19244,     545,    2421,  164221,  188467,  185886,  191433,   16583,   11036,       0,       0,       0,       0,       0,       0,       0,       0,       0,       0,    3902,   -1777,     545,     -55,    8200,    3621,    6368,    4111,   -2466,    -209,  100.0,    9.5,    0.3,    1.2,   81.1,   93.1,   91.8,   94.5,    8.2,    5.5,  100.0,    9.5,    0.3,    1.2,   81.1,   93.1,   91.8,   94.5,    8.2,    5.5,    0.0,    0.0,    0.0,    0.0,    0.0,    0.0,    0.0,    0.0,    0.0,    0.0,     42,      4,      2,      5,     31,     31,     37,     36,     42,      4,      2,      5,     31,     31,     37,     36,      0,      0,      0,      0,      0,      0,      0,      0,    40.0,    42.9,    54.8,    65.5,    34.3,    40.7,    46.1,    58.2,    40.0,    42.9,    54.8,    65.5,    34.3,    40.7,    46.1,    58.2,     0.0,     0.0,     0.0,     0.0,     0.0,     0.0,     0.0,     0.0,2500 mmbtu,0233BL,IFED,023 
"PAX GOLD PERP STYLE - COINBASE DERIVATIVES, LLC",260825,2026-08-25,180LM9,FREX,00,180 ,    1529,    1090,    1278,       0,       0,       0,    1090,    1278,     439,     251,    1529,    1090,    1278,       0,       0,       0,    1090,    1278,     439,     251,       0,       0,       0,       0,       0,       0,       0,       0,       0,       0,.,.,.,.,.,.,.,.,.,.,  100.0,   71.3,   83.6,    0.0,    0.0,    0.0,   71.3,   83.6,   28.7,   16.4,  100.0,   71.3,   83.6,    0.0,    0.0,    0.0,   71.3,   83.6,   28.7,   16.4,    0.0,    0.0,    0.0,    0.0,    0.0,    0.0,    0.0,    0.0,    0.0,    0.0,     21,     13,      8,      0,      0,      0,     13,      8,     21,     13,      8,      0,      0,      0,     13,      8,      0,      0,      0,      0,      0,      0,      0,      0,    40.4,    73.4,    57.8,    83.6,    40.4,    73.4,    57.8,    83.6,    40.4,    73.4,    57.8,    83.6,    40.4,    73.4,    57.8,    83.6,     0.0,     0.0,     0.0,     0.0,     0.0,     0.0,     0.0,     0.0,(1 PAX Gold),180LM9,FREX,180 
PENNSYLVANIA AEC TIER 2-V2027 - NODAL EXCHANGE,260818,2026-08-18,006NMT,NODX,01,006 ,   26528,    6883,   11069,       0,   19645,   15459,   26528,   26528,       0,       0,   26528,    6883,   11069,       0,   19645,   15459,   26528,   26528,       0,       0,       0,       0,       0,       0,       0,       0,       0,       0,       0,       0,     300,    -250,     300,       0,     550,       0,     300,     300,       0,       0,  100.0,   25.9,   41.7,    0.0,   74.1,   58.3,  100.0,  100.0,    0.0,    0.0,  100.0,   25.9,   41.7,    0.0,   74.1,   58.3,  100.0,  100.0,    0.0,    0.0,    0.0,    0.0,    0.0,    0.0,    0.0,    0.0,    0.0,    0.0,    0.0,    0.0,     31,      5,      4,      0,     16,      7,     21,     11,     31,      5,      4,      0,     16,      7,     21,     11,      0,      0,      0,      0,      0,      0,      0,      0,    50.9,    79.3,    75.6,    96.3,    50.9,    79.3,    75.6,    96.1,    50.9,    79.3,    75.6,    96.3,    50.9,    79.3,    75.6,    96.1,     0.0,     0.0,     0.0,     0.0,     0.0,     0.0,     0.0,     0.0,(100 MWh = 100 Tier 2  AECs),006NMT,NODX,006 
PENNSYLVANIA AEC TIER 2-V2027 - NODAL EXCHANGE,260825,2026-08-25,006NMT,NODX,01,006 ,   26628,    6883,   11419,       0,   19745,   15209,   26628,   26628,       0,       0,   26628,    6883,   11419,       0,   19745,   15209,   26628,   26628,       0,       0,       0,       0,       0,       0,       0,       0,       0,       0,       0,       0,     100,       0,     350,       0,     100,    -250,     100,     100,       0,       0,  100.0,   25.8,   42.9,    0.0,   74.2,   57.1,  100.0,  100.0,    0.0,    0.0,  100.0,   25.8,   42.9,    0.0,   74.2,   57.1,  100.0,  100.0,    0.0,    0.0,    0.0,    0.0,    0.0,    0.0,    0.0,    0.0,    0.0,    0.0,    0.0,    0.0,     30,      5,      4,      0,     15,      7,     20,     11,     30,      5,      4,      0,     15,      7,     20,     11,      0,      0,      0,      0,      0,      0,      0,      0,    50.7,    80.3,    76.0,    96.5,    50.7,    80.3,    76.0,    96.3,    50.7,    80.3,    76.0,    96.5,    50.7,    80.3,    76.0,    96.3,     0.0,     0.0,     0.0,     0.0,     0.0,     0.0,     0.0,     0.0,(100 MWh = 100 Tier 2  AECs),006NMT,NODX,006 
PENNSYLVANIA AEC TIER 2-V2028 - NODAL EXCHANGE,260818,2026-08-18,006NMX,NODX,01,006 ,   20730,    3615,    7774,       0,   17115,   12956,   20730,   20730,       0,       0,   20730,    3615,    7774,       0,   17115,   12956,   20730,   20730,       0,       0,       0,       0,       0,       0,       0,       0,       0,       0,       0,       0,       0,       0,       0,       0,       0,       0,       0,       0,       0,       0,  100.0,   17.4,   37.5,    0.0,   82.6,   62.5,  100.0,  100.0,    0.0,    0.0,  100.0,   17.4,   37.5,    0.0,   82.6,   62.5,  100.0,  100.0,    0.0,    0.0,    0.0,    0.0,    0.0,    0.0,    0.0,    0.0,    0.0,    0.0,    0.0,    0.0,     27,      6,      2,      0,     15,      4,     21,      6,     27,      6,      2,      0,     15,      4,     21,      6,      0,      0,      0,      0,      0,      0,      0,      0,    55.3,    97.7,    76.7,   100.0,    55.3,    97.7,    76.7,   100.0,    55.3,    97.7,    76.7,   100.0,    55.3,    97.7,    76.7,   100.0,     0.0,     0.0,     0.0,     0.0,     0.0,     0.0,     0.0,     0.0,(100 MWh = 100 Tier 2  AECs),006NMX,NODX,006 
PENNSYLVANIA AEC TIER 2-V2028 - NODAL EXCHANGE,260825,2026-08-25,006NMX,NODX,01,006 ,   20730,    3615,    7774,       0,   17115,   12956,   20730,   20730,       0,       0,   20730,    3615,    7774,       0,   17115,   12956,   20730,   20730,       0,       0,       0,       0,       0,       0,       0,       0,       0,       0,       0,       0,       0,       0,       0,       0,       0,       0,       0,       0,       0,       0,  100.0,   17.4,   37.5,    0.0,   82.6,   62.5,  100.0,  100.0,    0.0,    0.0,  100.0,   17.4,   37.5,    0.0,   82.6,   62.5,  100.0,  100.0,    0.0,    0.0,    0.0,    0.0,    0.0,    0.0,    0.0,    0.0,    0.0,    0.0,    0.0,    0.0,     27,      6,      2,      0,     15,      4,     21,      6,     27,      6,      2,      0,     15,      4,     21,      6,      0,      0,      0,      0,      0,      0,      0,      0,    55.3,    97.7,    76.7,   100.0,    55.3,    97.7,    76.7,   100.0,    55.3,    97.7,    76.7,   100.0,    55.3,    97.7,    76.7,   100.0,     0.0,     0.0,     0.0,     0.0,     0.0,     0.0,     0.0,     0.0,(100 MWh = 100 Tier 2  AECs),006NMX,NODX,006 
PG&E - CITYGATE (INDEX) - ICE FUTURES ENERGY DIV,260818,2026-08-18,0233BQ,IFED,01,023 ,   32938,    2042,    1683,     360,   26205,   30287,   28607,   32330,    4331,     608,   32938,    2042,    1683,     360,   26205,   30287,   28607,   32330,    4331,     608,       0,       0,       0,       0,       0,       0,       0,       0,       0,       0,    3678,     604,       0,       0,    2774,    3438,    3378,    3438,     300,     240,  100.0,    6.2,    5.1,    1.1,   79.6,   92.0,   86.9,   98.2,   13.1,    1.8,  100.0,    6.2,    5.1,    1.1,   79.6,   92.0,   86.9,   98.2,   13.1,    1.8,    0.0,    0.0,    0.0,    0.0,    0.0,    0.0,    0.0,    0.0,    0.0,    0.0,     26,      3,      3,      1,     14,      9,     17,     13,     26,      3,      3,      1,     14,      9,     17,     13,      0,      0,      0,      0,      0,      0,      0,      0,    65.1,    74.9,    75.9,    93.1,    65.1,    74.1,    74.8,    91.9,    65.1,    74.9,    75.9,    93.1,    65.1,    74.1,    74.8,    91.9,     0.0,     0.0,     0.0,     0.0,     0.0,     0.0,     0.0,     0.0,2500 mmbtu,0233BQ,IFED,023 
PG&E - CITYGATE (INDEX) - ICE FUTURES ENERGY DIV,260825,2026-08-25,0233BQ,IFED,01,023 ,   36510,    2072,    1973,     600,   29357,   32989,   32029,   35562,    4481,     948,   36510,    2072,    1973,     600,   29357,   32989,   32029,   35562,    4481,     948,       0,       0,       0,       0,       0,       0,       0,       0,       0,       0,    3572,      30,     290,     240,    3152,    2702,    3422,    3232,     150,     340,  100.0,    5.7,    5.4,    1.6,   80.4,   90.4,   87.7,   97.4,   12.3,    2.6,  100.0,    5.7,    5.4,    1.6,   80.4,   90.4,   87.7,   97.4,   12.3,    2.6,    0.0,    0.0,    0.0,    0.0,    0.0,    0.0,    0.0,    0.0,    0.0,    0.0,     27,      3,      3,      2,     15,      9,     18,     14,     27,      3,      3,      2,     15,      9,     18,     14,      0,      0,      0,      0,      0,      0,      0,      0,    62.2,    69.9,    73.6,    92.2,    62.2,    69.2,    72.7,    91.1,    62.2,    69.9,    73.6,    92.2,    62.2,    69.2,    72.7,    91.1,     0.0,     0.0,     0.0,     0.0,     0.0,     0.0,     0.0,     0.0,2500 mmbtu,0233BQ,IFED,023 
PG&E CITYGATE FIN BASIS - ICE FUTURES ENERGY DIV,260818,2026-08-18,023394,IFED,01,023 ,  181397,    7121,    9430,    5169,  159312,  161621,  171602,  176220,    9795,    5177,  181397,    7121,    9430,    5169,  159312,  161621,  171602,  176220,    9795,    5177,       0,       0,       0,       0,       0,       0,       0,       0,       0,       0,    8309,    2792,     235,     163,    4996,    7826,    7951,    8224,     358,      85,  100.0,    3.9,    5.2,    2.8,   87.8,   89.1,   94.6,   97.1,    5.4,    2.9,  100.0,    3.9,    5.2,    2.8,   87.8,   89.1,   94.6,   97.1,    5.4,    2.9,    0.0,    0.0,    0.0,    0.0,    0.0,    0.0,    0.0,    0.0,    0.0,    0.0,     48,      5,      6,      7,     37,     31,     46,     40,     48,      5,      6,      7,     37,     31,     46,     40,      0,      0,      0,      0,      0,      0,      0,      0,    47.0,    59.0,    61.5,    75.0,    46.8,    52.5,    59.0,    67.1,    47.0,    59.0,    61.5,    75.0,    46.8,    52.5,    59.0,    67.1,     0.0,     0.0,     0.0,     0.0,     0.0,     0.0,     0.0,     0.0,"(Contracts of 2,500  MMBTU'S)",023394,IFED,023 
PG&E CITYGATE FIN BASIS - ICE FUTURES ENERGY DIV,260825,2026-08-25,023394,IFED,01,023 ,  191612,    7611,    8038,    4970,  170648,  173372,  183229,  186380,    8383,    5232,  191612,    7611,    8038,    4970,  170648,  173372,  183229,  186380,    8383,    5232,       0,       0,       0,       0,       0,       0,       0,       0,       0,       0,   10215,     490,   -1392,    -199,   11336,   11751,   11627,   10160,   -1412,      55,  100.0,    4.0,    4.2,    2.6,   89.1,   90.5,   95.6,   97.3,    4.4,    2.7,  100.0,    4.0,    4.2,    2.6,   89.1,   90.5,   95.6,   97.3,    4.4,    2.7,    0.0,    0.0,    0.0,    0.0,    0.0,    0.0,    0.0,    0.0,    0.0,    0.0,     50,      5,      6,      7,     38,     33,     47,     42,     50,      5,      6,      7,     38,     33,     47,     42,      0,      0,      0,      0,      0,      0,      0,      0,    49.0,    61.3,    62.4,    76.7,    48.8,    55.8,    60.1,    69.1,    49.0,    61.3,    62.4,    76.7,    48.8,    55.8,    60.1,    69.1,     0.0,     0.0,     0.0,     0.0,     0.0,     0.0,     0.0,     0.0,"(Contracts of 2,500  MMBTU'S)",023394,IFED,023 
PGP PROPYLENE (PCW) CAL - NEW YORK MERCANTILE EXCHANGE,260818,2026-08-18,406651,NYME,01,406 ,    7328,    2047,    5312,     981,    4124,     857,    7152,    7150,     176,     178,    7328,    2047,    5312,     981,    4124,     857,    7152,    7150,     176,     178,       0,       0,       0,       0,       0,       0,       0,       0,       0,       0,     316,     206,     290,      36,      96,     -44,     338,     282,     -22,      34,  100.0,   27.9,   72.5,   13.4,   56.3,   11.7,   97.6,   97.6,    2.4,    2.4,  100.0,   27.9,   72.5,   13.4,   56.3,   11.7,   97.6,   97.6,    2.4,    2.4,    0.0,    0.0,    0.0,    0.0,    0.0,    0.0,    0.0,    0.0,    0.0,    0.0,     21,      5,      5,      7,     10,      6,     19,     14,     21,      5,      5,      7,     10,      6,     19,     14,      0,      0,      0,      0,      0,      0,      0,      0,    53.8,    84.1,    78.2,    92.4,    52.9,    77.7,    73.5,    81.1,    53.8,    84.1,    78.2,    92.4,    52.9,    77.7,    73.5,    81.1,     0.0,     0.0,     0.0,     0.0,     0.0,     0.0,     0.0,     0.0,"(CONTRACTS OF 100,000 POUNDS)",406651,NYME,406 
PGP PROPYLENE (PCW) CAL - NEW YORK MERCANTILE EXCHANGE,260825,2026-08-25,406651,NYME,01,406 ,    8006,    2122,    5569,    1368,    4389,    1034,    7879,    7971,     127,      35,    8006,    2122,    5569,    1368,    4389,    1034,    7879,    7971,     127,      35,       0,       0,       0,       0,       0,       0,       0,       0,       0,       0,     678,      75,     257,     387,     265,     177,     727,     821,     -49,    -143,  100.0,   26.5,   69.6,   17.1,   54.8,   12.9,   98.4,   99.6,    1.6,    0.4,  100.0,   26.5,   69.6,   17.1,   54.8,   12.9,   98.4,   99.6,    1.6,    0.4,    0.0,    0.0,    0.0,    0.0,    0.0,    0.0,    0.0,    0.0,    0.0,    0.0,     22,      5,      6,      8,      9,      6,     19,     15,     22,      5,      6,      8,      9,      6,     19,     15,      0,      0,      0,      0,      0,      0,      0,      0,    52.0,    82.3,    77.5,    92.5,    49.7,    75.5,    70.0,    78.8,    52.0,    82.3,    77.5,    92.5,    49.7,    75.5,    70.0,    78.8,     0.0,     0.0,     0.0,     0.0,     0.0,     0.0,     0.0,     0.0,"(CONTRACTS OF 100,000 POUNDS)",406651,NYME,406 
PJM AEP DAYTON DA PEAK - ICE FUTURES ENERGY DIV,260818,2026-08-18,06439F,IFED,01,064 ,   65654,   20754,   15085,    2632,   40711,   47430,   64097,   65147,    1557,     507,   65654,   20754,   15085,    2632,   40711,   47430,   64097,   65147,    1557,     507,       0,       0,       0,       0,       0,       0,       0,       0,       0,       0,    2994,    -625,      86,    1358,    2249,    1550,    2982,    2994,      12,       0,  100.0,   31.6,   23.0,    4.0,   62.0,   72.2,   97.6,   99.2,    2.4,    0.8,  100.0,   31.6,   23.0,    4.0,   62.0,   72.2,   97.6,   99.2,    2.4,    0.8,    0.0,    0.0,    0.0,    0.0,    0.0,    0.0,    0.0,    0.0,    0.0,    0.0,     61,      8,     11,      7,     34,     30,     44,     46,     61,      8,     11,      7,     34,     30,     44,     46,      0,      0,      0,      0,      0,      0,      0,      0,    42.0,    63.3,    57.8,    79.0,    41.3,    60.2,    56.1,    71.4,    42.0,    63.3,    57.8,    79.0,    41.3,    60.2,    56.1,    71.4,     0.0,     0.0,     0.0,     0.0,     0.0,     0.0,     0.0,     0.0,(Contracts of about 352 MWh),06439F,IFED,064 
PJM AEP DAYTON DA PEAK - ICE FUTURES ENERGY DIV,260825,2026-08-25,06439F,IFED,01,064 ,   65724,   20280,   14940,    2746,   41121,   47531,   64147,   65217,    1577,     507,   65724,   20280,   14940,    2746,   41121,   47531,   64147,   65217,    1577,     507,       0,       0,       0,       0,       0,       0,       0,       0,       0,       0,      70,    -474,    -145,     114,     410,     101,      50,      70,      20,       0,  100.0,   30.9,   22.7,    4.2,   62.6,   72.3,   97.6,   99.2,    2.4,    0.8,  100.0,   30.9,   22.7,    4.2,   62.6,   72.3,   97.6,   99.2,    2.4,    0.8,    0.0,    0.0,    0.0,    0.0,    0.0,    0.0,    0.0,    0.0,    0.0,    0.0,     61,      7,     12,      8,     34,     31,     44,     48,     61,      7,     12,      8,     34,     31,     44,     48,      0,      0,      0,      0,      0,      0,      0,      0,    42.3,    63.2,    58.1,    78.6,    41.6,    60.1,    56.4,    71.0,    42.3,    63.2,    58.1,    78.6,    41.6,    60.1,    56.4,    71.0,     0.0,     0.0,     0.0,     0.0,     0.0,     0.0,     0.0,     0.0,(Contracts of about 352 MWh),06439F,IFED,064 
PJM AEP DAYTON HUB DA OFF-PK - ICE FUTURES ENERGY DIV,260818,2026-08-18,06439C,IFED,01,064 ,   55851,   20965,   13766,    2540,   30719,   38965,   54224,   55271,    1627,     580,   55851,   20965,   13766,    2540,   30719,   38965,   54224,   55271,    1627,     580,       0,       0,       0,       0,       0,       0,       0,       0,       0,       0,    2439,       1,     -89,    1283,    1154,    1225,    2438,    2419,       1,      20,  100.0,   37.5,   24.6,    4.5,   55.0,   69.8,   97.1,   99.0,    2.9,    1.0,  100.0,   37.5,   24.6,    4.5,   55.0,   69.8,   97.1,   99.0,    2.9,    1.0,    0.0,    0.0,    0.0,    0.0,    0.0,    0.0,    0.0,    0.0,    0.0,    0.0,     48,      6,      6,      5,     30,     29,     38,     38,     48,      6,      6,      5,     30,     29,     38,     38,      0,      0,      0,      0,      0,      0,      0,      0,    48.2,    68.5,    65.1,    82.1,    47.4,    65.2,    62.8,    75.7,    48.2,    68.5,    65.1,    82.1,    47.4,    65.2,    62.8,    75.7,     0.0,     0.0,     0.0,     0.0,     0.0,     0.0,     0.0,     0.0,(Contracts of about 352 MWh),06439C,IFED,064 
PJM AEP DAYTON HUB DA OFF-PK - ICE FUTURES ENERGY DIV,260825,2026-08-25,06439C,IFED,01,064 ,   56250,   20501,   13766,    2595,   31839,   39342,   54935,   55703,    1315,     547,   56250,   20501,   13766,    2595,   31839,   39342,   54935,   55703,    1315,     547,       0,       0,       0,       0,       0,       0,       0,       0,       0,       0,     399,    -464,       0,      55,    1120,     377,     711,     432,    -312,     -33,  100.0,   36.4,   24.5,    4.6,   56.6,   69.9,   97.7,   99.0,    2.3,    1.0,  100.0,   36.4,   24.5,    4.6,   56.6,   69.9,   97.7,   99.0,    2.3,    1.0,    0.0,    0.0,    0.0,    0.0,    0.0,    0.0,    0.0,    0.0,    0.0,    0.0,     51,      8,      6,      6,     31,     29,     41,     39,     51,      8,      6,      6,     31,     29,     41,     39,      0,      0,      0,      0,      0,      0,      0,      0,    48.3,    68.2,    65.1,    81.9,    47.5,    65.0,    62.8,    75.4,    48.3,    68.2,    65.1,    81.9,    47.5,    65.0,    62.8,    75.4,     0.0,     0.0,     0.0,     0.0,     0.0,     0.0,     0.0,     0.0,(Contracts of about 352 MWh),06439C,IFED,064 
PJM AEP DAYTON RT OFF-PK FIXED - ICE FUTURES ENERGY DIV,260818,2026-08-18,06439A,IFED,01,064 ,   54631,   19497,   12425,    3033,   31660,   38558,   54190,   54016,     441,     615,   54631,   19497,   12425,    3033,   31660,   38558,   54190,   54016,     441,     615,       0,       0,       0,       0,       0,       0,       0,       0,       0,       0,    1174,     275,     737,      47,     960,    1040,    1282,    1824,    -108,    -650,  100.0,   35.7,   22.7,    5.6,   58.0,   70.6,   99.2,   98.9,    0.8,    1.1,  100.0,   35.7,   22.7,    5.6,   58.0,   70.6,   99.2,   98.9,    0.8,    1.1,    0.0,    0.0,    0.0,    0.0,    0.0,    0.0,    0.0,    0.0,    0.0,    0.0,     47,      5,     10,      8,     31,     28,     41,     41,     47,      5,     10,      8,     31,     28,     41,     41,      0,      0,      0,      0,      0,      0,      0,      0,    57.3,    38.8,    69.4,    56.1,    52.4,    33.7,    57.0,    45.7,    57.3,    38.8,    69.4,    56.1,    52.4,    33.7,    57.0,    45.7,     0.0,     0.0,     0.0,     0.0,     0.0,     0.0,     0.0,     0.0,(Contracts of about 352 MWh),06439A,IFED,064 
PJM AEP DAYTON RT OFF-PK FIXED - ICE FUTURES ENERGY DIV,260825,2026-08-25,06439A,IFED,01,064 ,   56817,   19950,   12610,    3622,   32935,   40041,   56507,   56273,     310,     544,   56817,   19950,   12610,    3622,   32935,   40041,   56507,   56273,     310,     544,       0,       0,       0,       0,       0,       0,       0,       0,       0,       0,    2186,     453,     185,     589,    1275,    1483,    2317,    2257,    -131,     -71,  100.0,   35.1,   22.2,    6.4,   58.0,   70.5,   99.5,   99.0,    0.5,    1.0,  100.0,   35.1,   22.2,    6.4,   58.0,   70.5,   99.5,   99.0,    0.5,    1.0,    0.0,    0.0,    0.0,    0.0,    0.0,    0.0,    0.0,    0.0,    0.0,    0.0,     48,      7,      9,      9,     31,     28,     42,     42,     48,      7,      9,      9,     31,     28,     42,     42,      0,      0,      0,      0,      0,      0,      0,      0,    54.6,    38.2,    67.8,    54.4,    48.8,    33.3,    53.6,    45.1,    54.6,    38.2,    67.8,    54.4,    48.8,    33.3,    53.6,    45.1,     0.0,     0.0,     0.0,     0.0,     0.0,     0.0,     0.0,     0.0,(Contracts of about 352 MWh),06439A,IFED,064 
PJM AEP DAYTON RT PEAK FIXED - ICE FUTURES ENERGY DIV,260818,2026-08-18,06439B,IFED,01,064 ,   70025,   24516,   12985,    4049,   40264,   52278,   68829,   69312,    1196,     713,   70025,   24516,   12985,    4049,   40264,   52278,   68829,   69312,    1196,     713,       0,       0,       0,       0,       0,       0,       0,       0,       0,       0,     594,    1809,     849,   -1035,    -140,     959,     634,     773,     -40,    -179,  100.0,   35.0,   18.5,    5.8,   57.5,   74.7,   98.3,   99.0,    1.7,    1.0,  100.0,   35.0,   18.5,    5.8,   57.5,   74.7,   98.3,   99.0,    1.7,    1.0,    0.0,    0.0,    0.0,    0.0,    0.0,    0.0,    0.0,    0.0,    0.0,    0.0,     61,     15,     11,     11,     33,     30,     54,     46,     61,     15,     11,     11,     33,     30,     54,     46,      0,      0,      0,      0,      0,      0,      0,      0,    42.5,    39.3,    60.3,    56.4,    37.0,    35.5,    47.2,    45.6,    42.5,    39.3,    60.3,    56.4,    37.0,    35.5,    47.2,    45.6,     0.0,     0.0,     0.0,     0.0,     0.0,     0.0,     0.0,     0.0,(Contracts of 800 MWh),06439B,IFED,064 
PJM AEP DAYTON RT PEAK FIXED - ICE FUTURES ENERGY DIV,260825,2026-08-25,06439B,IFED,01,064 ,   72008,   25534,   13392,    3194,   42064,   54622,   70792,   71208,    1216,     800,   72008,   25534,   13392,    3194,   42064,   54622,   70792,   71208,    1216,     800,       0,       0,       0,       0,       0,       0,       0,       0,       0,       0,    1983,    1018,     407,    -855,    1800,    2344,    1963,    1896,      20,      87,  100.0,   35.5,   18.6,    4.4,   58.4,   75.9,   98.3,   98.9,    1.7,    1.1,  100.0,   35.5,   18.6,    4.4,   58.4,   75.9,   98.3,   98.9,    1.7,    1.1,    0.0,    0.0,    0.0,    0.0,    0.0,    0.0,    0.0,    0.0,    0.0,    0.0,     60,     16,      9,     11,     33,     30,     54,     45,     60,     16,      9,     11,     33,     30,     54,     45,      0,      0,      0,      0,      0,      0,      0,      0,    40.8,    40.3,    59.3,    57.4,    35.9,    36.8,    47.9,    48.4,    40.8,    40.3,    59.3,    57.4,    35.9,    36.8,    47.9,    48.4,     0.0,     0.0,     0.0,     0.0,     0.0,     0.0,     0.0,     0.0,(Contracts of 800 MWh),06439B,IFED,064 
PJM N. IL HUB DA OFF-PK - ICE FUTURES ENERGY DIV,260818,2026-08-18,0643BC,IFED,01,064 ,   23597,    3700,    1215,     255,   19506,   21625,   23461,   23095,     136,     502,   23597,    3700,    1215,     255,   19506,   21625,   23461,   23095,     136,     502,       0,       0,       0,       0,       0,       0,       0,       0,       0,       0,     152,       0,    -145,      70,      79,     227,     149,     152,       3,       0,  100.0,   15.7,    5.1,    1.1,   82.7,   91.6,   99.4,   97.9,    0.6,    2.1,  100.0,   15.7,    5.1,    1.1,   82.7,   91.6,   99.4,   97.9,    0.6,    2.1,    0.0,    0.0,    0.0,    0.0,    0.0,    0.0,    0.0,    0.0,    0.0,    0.0,     35,      3,      2,      1,     23,     20,     27,     22,     35,      3,      2,      1,     23,     20,     27,     22,      0,      0,      0,      0,      0,      0,      0,      0,    50.4,    72.6,    72.4,    86.8,    50.1,    70.0,    69.9,    82.1,    50.4,    72.6,    72.4,    86.8,    50.1,    70.0,    69.9,    82.1,     0.0,     0.0,     0.0,     0.0,     0.0,     0.0,     0.0,     0.0,(1 MW per off-peak hour),0643BC,IFED,064 
PJM N. IL HUB DA OFF-PK - ICE FUTURES ENERGY DIV,260825,2026-08-25,0643BC,IFED,01,064 ,   23666,    3600,    1315,     255,   19666,   21594,   23521,   23164,     145,     502,   23666,    3600,    1315,     255,   19666,   21594,   23521,   23164,     145,     502,       0,       0,       0,       0,       0,       0,       0,       0,       0,       0,      69,    -100,     100,       0,     160,     -31,      60,      69,       9,       0,  100.0,   15.2,    5.6,    1.1,   83.1,   91.2,   99.4,   97.9,    0.6,    2.1,  100.0,   15.2,    5.6,    1.1,   83.1,   91.2,   99.4,   97.9,    0.6,    2.1,    0.0,    0.0,    0.0,    0.0,    0.0,    0.0,    0.0,    0.0,    0.0,    0.0,     36,      3,      3,      1,     23,     20,     27,     23,     36,      3,      3,      1,     23,     20,     27,     23,      0,      0,      0,      0,      0,      0,      0,      0,    49.8,    72.5,    71.9,    86.3,    49.4,    69.8,    69.8,    81.6,    49.8,    72.5,    71.9,    86.3,    49.4,    69.8,    69.8,    81.6,     0.0,     0.0,     0.0,     0.0,     0.0,     0.0,     0.0,     0.0,(1 MW per off-peak hour),0643BC,IFED,064 
PJM N. IL HUB DA PEAK - ICE FUTURES ENERGY DIV,260818,2026-08-18,0643BE,IFED,01,064 ,   23098,    3776,     905,      55,   18985,   21526,   22816,   22486,     282,     612,   23098,    3776,     905,      55,   18985,   21526,   22816,   22486,     282,     612,       0,       0,       0,       0,       0,       0,       0,       0,       0,       0,     -85,       0,    -195,      20,    -127,      90,    -107,     -85,      22,       0,  100.0,   16.3,    3.9,    0.2,   82.2,   93.2,   98.8,   97.4,    1.2,    2.6,  100.0,   16.3,    3.9,    0.2,   82.2,   93.2,   98.8,   97.4,    1.2,    2.6,    0.0,    0.0,    0.0,    0.0,    0.0,    0.0,    0.0,    0.0,    0.0,    0.0,     36,      4,      3,      2,     24,     16,     29,     20,     36,      4,      3,      2,     24,     16,     29,     20,      0,      0,      0,      0,      0,      0,      0,      0,    49.3,    72.1,    70.0,    86.2,    49.2,    70.0,    68.9,    81.0,    49.3,    72.1,    70.0,    86.2,    49.2,    70.0,    68.9,    81.0,     0.0,     0.0,     0.0,     0.0,     0.0,     0.0,     0.0,     0.0,(1 MW per peak hour),0643BE,IFED,064 
PJM N. IL HUB DA PEAK - ICE FUTURES ENERGY DIV,260825,2026-08-25,0643BE,IFED,01,064 ,   23228,    3669,    1005,      65,   19269,   21637,   23003,   22707,     225,     521,   23228,    3669,    1005,      65,   19269,   21637,   23003,   22707,     225,     521,       0,       0,       0,       0,       0,       0,       0,       0,       0,       0,     130,    -107,     100,      10,     284,     111,     187,     221,     -57,     -91,  100.0,   15.8,    4.3,    0.3,   83.0,   93.2,   99.0,   97.8,    1.0,    2.2,  100.0,   15.8,    4.3,    0.3,   83.0,   93.2,   99.0,   97.8,    1.0,    2.2,    0.0,    0.0,    0.0,    0.0,    0.0,    0.0,    0.0,    0.0,    0.0,    0.0,     38,      4,      4,      2,     25,     17,     30,     22,     38,      4,      4,      2,     25,     17,     30,     22,      0,      0,      0,      0,      0,      0,      0,      0,    48.5,    71.7,    69.5,    85.4,    48.3,    69.7,    68.3,    80.3,    48.5,    71.7,    69.5,    85.4,    48.3,    69.7,    68.3,    80.3,     0.0,     0.0,     0.0,     0.0,     0.0,     0.0,     0.0,     0.0,(1 MW per peak hour),0643BE,IFED,064 
PJM N. IL HUB RT PEAK - ICE FUTURES ENERGY DIV,260818,2026-08-18,0643BT,IFED,01,064 ,   67406,   24039,     136,    1052,   41574,   65955,   66665,   67143,     741,     263,   67406,   24039,     136,    1052,   41574,   65955,   66665,   67143,     741,     263,       0,       0,       0,       0,       0,       0,       0,       0,       0,       0,    1138,    1317,       0,     -35,     -60,    1198,    1222,    1163,     -84,     -25,  100.0,   35.7,    0.2,    1.6,   61.7,   97.8,   98.9,   99.6,    1.1,    0.4,  100.0,   35.7,    0.2,    1.6,   61.7,   97.8,   98.9,   99.6,    1.1,    0.4,    0.0,    0.0,    0.0,    0.0,    0.0,    0.0,    0.0,    0.0,    0.0,    0.0,     34,      5,      1,      3,     25,     21,     31,     24,     34,      5,      1,      3,     25,     21,     31,     24,      0,      0,      0,      0,      0,      0,      0,      0,    60.2,    68.1,    80.0,    84.6,    53.6,    66.3,    69.8,    73.5,    60.2,    68.1,    80.0,    84.6,    53.6,    66.3,    69.8,    73.5,     0.0,     0.0,     0.0,     0.0,     0.0,     0.0,     0.0,     0.0,(Contracts of 800 MWh),0643BT,IFED,064 
PJM N. IL HUB RT PEAK - ICE FUTURES ENERGY DIV,260825,2026-08-25,0643BT,IFED,01,064 ,   67601,   24124,     141,    1057,   41645,   66122,   66826,   67320,     775,     281,   67601,   24124,     141,    1057,   41645,   66122,   66826,   67320,     775,     281,       0,       0,       0,       0,       0,       0,       0,       0,       0,       0,     195,      85,       5,       5,      71,     167,     161,     177,      34,      18,  100.0,   35.7,    0.2,    1.6,   61.6,   97.8,   98.9,   99.6,    1.1,    0.4,  100.0,   35.7,    0.2,    1.6,   61.6,   97.8,   98.9,   99.6,    1.1,    0.4,    0.0,    0.0,    0.0,    0.0,    0.0,    0.0,    0.0,    0.0,    0.0,    0.0,     34,      5,      1,      3,     25,     22,     31,     25,     34,      5,      1,      3,     25,     22,     31,     25,      0,      0,      0,      0,      0,      0,      0,      0,    60.3,    68.1,    79.8,    84.5,    53.6,    66.2,    69.4,    73.2,    60.3,    68.1,    79.8,    84.5,    53.6,    66.2,    69.4,    73.2,     0.0,     0.0,     0.0,     0.0,     0.0,     0.0,     0.0,     0.0,(Contracts of 800 MWh),0643BT,IFED,064 
PJM NI HUB RT OFF-PK FIXED - ICE FUTURES ENERGY DIV,260818,2026-08-18,0643BS,IFED,01,064 ,   81822,   52825,     298,    3968,   24295,   76791,   81088,   81057,     734,     765,   81822,   52825,     298,    3968,   24295,   76791,   81088,   81057,     734,     765,       0,       0,       0,       0,       0,       0,       0,       0,       0,       0,    -240,      85,      29,       0,    -245,    -249,    -160,    -220,     -80,     -20,  100.0,   64.6,    0.4,    4.8,   29.7,   93.9,   99.1,   99.1,    0.9,    0.9,  100.0,   64.6,    0.4,    4.8,   29.7,   93.9,   99.1,   99.1,    0.9,    0.9,    0.0,    0.0,    0.0,    0.0,    0.0,    0.0,    0.0,    0.0,    0.0,    0.0,     34,      5,      2,      2,     24,     22,     30,     25,     34,      5,      2,      2,     24,     22,     30,     25,      0,      0,      0,      0,      0,      0,      0,      0,    74.7,    75.5,    86.4,    86.2,    70.2,    73.7,    79.4,    79.7,    74.7,    75.5,    86.4,    86.2,    70.2,    73.7,    79.4,    79.7,     0.0,     0.0,     0.0,     0.0,     0.0,     0.0,     0.0,     0.0,(1 MW per Hour for about 386 Hours),0643BS,IFED,064 
PJM NI HUB RT OFF-PK FIXED - ICE FUTURES ENERGY DIV,260825,2026-08-25,0643BS,IFED,01,064 ,   82385,   53915,     298,    3968,   23744,   77354,   81627,   81620,     758,     765,   82385,   53915,     298,    3968,   23744,   77354,   81627,   81620,     758,     765,       0,       0,       0,       0,       0,       0,       0,       0,       0,       0,     563,    1090,       0,       0,    -551,     563,     539,     563,      24,       0,  100.0,   65.4,    0.4,    4.8,   28.8,   93.9,   99.1,   99.1,    0.9,    0.9,  100.0,   65.4,    0.4,    4.8,   28.8,   93.9,   99.1,   99.1,    0.9,    0.9,    0.0,    0.0,    0.0,    0.0,    0.0,    0.0,    0.0,    0.0,    0.0,    0.0,     35,      6,      2,      2,     24,     22,     31,     25,     35,      6,      2,      2,     24,     22,     31,     25,      0,      0,      0,      0,      0,      0,      0,      0,    75.5,    75.0,    87.0,    85.6,    71.0,    73.2,    79.9,    79.2,    75.5,    75.0,    87.0,    85.6,    71.0,    73.2,    79.9,    79.2,     0.0,     0.0,     0.0,     0.0,     0.0,     0.0,     0.0,     0.0,(1 MW per Hour for about 386 Hours),0643BS,IFED,064 
PJM PSEG DAP - NODAL EXCHANGE,260818,2026-08-18,064EXE,NODX,01,064 ,   90520,    7930,    8605,    2780,   66636,   66351,   77346,   77736,   13174,   12784,   90520,    7930,    8605,    2780,   66636,   66351,   77346,   77736,   13174,   12784,       0,       0,       0,       0,       0,       0,       0,       0,       0,       0,     -29,      65,    -750,     185,    -529,     346,    -279,    -219,     250,     190,  100.0,    8.8,    9.5,    3.1,   73.6,   73.3,   85.4,   85.9,   14.6,   14.1,  100.0,    8.8,    9.5,    3.1,   73.6,   73.3,   85.4,   85.9,   14.6,   14.1,    0.0,    0.0,    0.0,    0.0,    0.0,    0.0,    0.0,    0.0,    0.0,    0.0,     40,      3,      5,      5,     28,     23,     35,     29,     40,      3,      5,      5,     28,     23,     35,     29,      0,      0,      0,      0,      0,      0,      0,      0,    33.6,    50.2,    50.8,    68.2,    30.2,    38.0,    42.5,    53.0,    33.6,    50.2,    50.8,    68.2,    30.2,    38.0,    42.5,    53.0,     0.0,     0.0,     0.0,     0.0,     0.0,     0.0,     0.0,     0.0,Megawatt Hours (MWh),064EXE,NODX,064 
PJM PSEG DAP - NODAL EXCHANGE,260825,2026-08-25,064EXE,NODX,01,064 ,   90820,    7930,    8225,    2905,   66266,   66361,   77101,   77491,   13719,   13329,   90820,    7930,    8225,    2905,   66266,   66361,   77101,   77491,   13719,   13329,       0,       0,       0,       0,       0,       0,       0,       0,       0,       0,     300,       0,    -380,     125,    -370,      10,    -245,    -245,     545,     545,  100.0,    8.7,    9.1,    3.2,   73.0,   73.1,   84.9,   85.3,   15.1,   14.7,  100.0,    8.7,    9.1,    3.2,   73.0,   73.1,   84.9,   85.3,   15.1,   14.7,    0.0,    0.0,    0.0,    0.0,    0.0,    0.0,    0.0,    0.0,    0.0,    0.0,     40,      3,      5,      5,     28,     23,     35,     29,     40,      3,      5,      5,     28,     23,     35,     29,      0,      0,      0,      0,      0,      0,      0,      0,    33.5,    50.1,    50.4,    67.8,    30.1,    37.9,    41.9,    52.4,    33.5,    50.1,    50.4,    67.8,    30.1,    37.9,    41.9,    52.4,     0.0,     0.0,     0.0,     0.0,     0.0,     0.0,     0.0,     0.0,Megawatt Hours (MWh),064EXE,NODX,064 
PJM TRI-RECs CLASS 1 - ICE FUTURES ENERGY DIV,260818,2026-08-18,0063CH,IFED,01,006 ,  244575,   32429,   55268,   25139,  187007,  164168,  244575,  244575,       0,       0,  244575,   32429,   55268,   25139,  187007,  164168,  244575,  244575,       0,       0,       0,       0,       0,       0,       0,       0,       0,       0,       0,       0,   -2345,   -6480,   -8939,    5699,   -1564,     895,   -2345,   -2345,       0,       0,  100.0,   13.3,   22.6,   10.3,   76.5,   67.1,  100.0,  100.0,    0.0,    0.0,  100.0,   13.3,   22.6,   10.3,   76.5,   67.1,  100.0,  100.0,    0.0,    0.0,    0.0,    0.0,    0.0,    0.0,    0.0,    0.0,    0.0,    0.0,    0.0,    0.0,     50,     11,      9,      9,     22,     18,     37,     32,     50,     11,      9,      9,     22,     18,     37,     32,      0,      0,      0,      0,      0,      0,      0,      0,    48.3,    56.9,    71.3,    74.3,    40.8,    56.9,    63.0,    71.4,    48.3,    56.9,    71.3,    74.3,    40.8,    56.9,    63.0,    71.4,     0.0,     0.0,     0.0,     0.0,     0.0,     0.0,     0.0,     0.0,(100 MWh of renewable energy certificate,0063CH,IFED,006 
PJM TRI-RECs CLASS 1 - ICE FUTURES ENERGY DIV,260825,2026-08-25,0063CH,IFED,01,006 ,  245483,   32044,   55003,   25664,  187775,  164816,  245483,  245483,       0,       0,  245483,   32044,   55003,   25664,  187775,  164816,  245483,  245483,       0,       0,       0,       0,       0,       0,       0,       0,       0,       0,       0,       0,     908,    -385,    -265,     525,     768,     648,     908,     908,       0,       0,  100.0,   13.1,   22.4,   10.5,   76.5,   67.1,  100.0,  100.0,    0.0,    0.0,  100.0,   13.1,   22.4,   10.5,   76.5,   67.1,  100.0,  100.0,    0.0,    0.0,    0.0,    0.0,    0.0,    0.0,    0.0,    0.0,    0.0,    0.0,    0.0,    0.0,     50,     11,      9,      9,     22,     18,     37,     32,     50,     11,      9,      9,     22,     18,     37,     32,      0,      0,      0,      0,      0,      0,      0,      0,    48.5,    56.7,    71.4,    74.2,    40.8,    56.7,    62.9,    71.1,    48.5,    56.7,    71.4,    74.2,    40.8,    56.7,    62.9,    71.1,     0.0,     0.0,     0.0,     0.0,     0.0,     0.0,     0.0,     0.0,(100 MWh of renewable energy certificate,0063CH,IFED,006 
PJM WEST HUB REAL TIME PK MINI - ICE FUTURES ENERGY DIV,260818,2026-08-18,0643IA,IFED,01,064 ,    2810,    1370,     705,     253,     580,    1065,    2203,    2023,     607,     787,    2810,    1370,     705,     253,     580,    1065,    2203,    2023,     607,     787,       0,       0,       0,       0,       0,       0,       0,       0,       0,       0,.,.,.,.,.,.,.,.,.,.,  100.0,   48.8,   25.1,    9.0,   20.6,   37.9,   78.4,   72.0,   21.6,   28.0,  100.0,   48.8,   25.1,    9.0,   20.6,   37.9,   78.4,   72.0,   21.6,   28.0,    0.0,    0.0,    0.0,    0.0,    0.0,    0.0,    0.0,    0.0,    0.0,    0.0,     21,      5,      8,      4,      3,      7,     11,     16,     21,      5,      8,      4,      3,      7,     11,     16,      0,      0,      0,      0,      0,      0,      0,      0,    51.8,    41.3,    71.4,    57.9,    51.8,    40.9,    64.4,    52.0,    51.8,    41.3,    71.4,    57.9,    51.8,    40.9,    64.4,    52.0,     0.0,     0.0,     0.0,     0.0,     0.0,     0.0,     0.0,     0.0,16 MWh,0643IA,IFED,064 
PJM WESTERN HUB DA OFF-PK - ICE FUTURES ENERGY DIV,260818,2026-08-18,0643DB,IFED,01,064 ,  120302,   18834,    7089,    2743,   98334,  109524,  119911,  119356,     391,     946,  120302,   18834,    7089,    2743,   98334,  109524,  119911,  119356,     391,     946,       0,       0,       0,       0,       0,       0,       0,       0,       0,       0,     181,     341,     -50,      -9,    -143,     155,     189,      96,      -8,      85,  100.0,   15.7,    5.9,    2.3,   81.7,   91.0,   99.7,   99.2,    0.3,    0.8,  100.0,   15.7,    5.9,    2.3,   81.7,   91.0,   99.7,   99.2,    0.3,    0.8,    0.0,    0.0,    0.0,    0.0,    0.0,    0.0,    0.0,    0.0,    0.0,    0.0,     67,     11,      8,      7,     43,     35,     57,     47,     67,     11,      8,      7,     43,     35,     57,     47,      0,      0,      0,      0,      0,      0,      0,      0,    42.5,    63.9,    60.8,    80.8,    37.2,    63.4,    55.1,    74.0,    42.5,    63.9,    60.8,    80.8,    37.2,    63.4,    55.1,    74.0,     0.0,     0.0,     0.0,     0.0,     0.0,     0.0,     0.0,     0.0,(1 MW per off-peak hour),0643DB,IFED,064 
PJM WESTERN HUB DA OFF-PK - ICE FUTURES ENERGY DIV,260825,2026-08-25,0643DB,IFED,01,064 ,  121788,   18654,    7479,    3023,   99826,  110296,  121503,  120798,     285,     990,  121788,   18654,    7479,    3023,   99826,  110296,  121503,  120798,     285,     990,       0,       0,       0,       0,       0,       0,       0,       0,       0,       0,    1486,    -180,     390,     280,    1492,     772,    1592,    1442,    -106,      44,  100.0,   15.3,    6.1,    2.5,   82.0,   90.6,   99.8,   99.2,    0.2,    0.8,  100.0,   15.3,    6.1,    2.5,   82.0,   90.6,   99.8,   99.2,    0.2,    0.8,    0.0,    0.0,    0.0,    0.0,    0.0,    0.0,    0.0,    0.0,    0.0,    0.0,     68,     10,     10,      7,     43,     36,     57,     49,     68,     10,     10,      7,     43,     36,     57,     49,      0,      0,      0,      0,      0,      0,      0,      0,    41.8,    63.8,    60.3,    80.0,    37.1,    63.3,    55.2,    73.7,    41.8,    63.8,    60.3,    80.0,    37.1,    63.3,    55.2,    73.7,     0.0,     0.0,     0.0,     0.0,     0.0,     0.0,     0.0,     0.0,(1 MW per off-peak hour),0643DB,IFED,064 
PJM WESTERN HUB DA PEAK - ICE FUTURES ENERGY DIV,260818,2026-08-18,0643DC,IFED,01,064 ,  128845,   21248,    7852,    4187,  102920,  116115,  128355,  128154,     490,     691,  128845,   21248,    7852,    4187,  102920,  116115,  128355,  128154,     490,     691,       0,       0,       0,       0,       0,       0,       0,       0,       0,       0,     195,     189,     241,     122,    -106,    -244,     205,     119,     -10,      76,  100.0,   16.5,    6.1,    3.2,   79.9,   90.1,   99.6,   99.5,    0.4,    0.5,  100.0,   16.5,    6.1,    3.2,   79.9,   90.1,   99.6,   99.5,    0.4,    0.5,    0.0,    0.0,    0.0,    0.0,    0.0,    0.0,    0.0,    0.0,    0.0,    0.0,     76,     17,      9,      9,     44,     37,     64,     52,     76,     17,      9,      9,     44,     37,     64,     52,      0,      0,      0,      0,      0,      0,      0,      0,    39.7,    63.8,    57.9,    78.5,    36.6,    63.2,    54.1,    73.7,    39.7,    63.8,    57.9,    78.5,    36.6,    63.2,    54.1,    73.7,     0.0,     0.0,     0.0,     0.0,     0.0,     0.0,     0.0,     0.0,(Contracts of about 352 MWh),0643DC,IFED,064 
PJM WESTERN HUB DA PEAK - ICE FUTURES ENERGY DIV,260825,2026-08-25,0643DC,IFED,01,064 ,  131755,   21220,    9668,    4384,  105779,  116890,  131383,  130942,     372,     813,  131755,   21220,    9668,    4384,  105779,  116890,  131383,  130942,     372,     813,       0,       0,       0,       0,       0,       0,       0,       0,       0,       0,    2910,     -28,    1816,     197,    2859,     775,    3028,    2788,    -118,     122,  100.0,   16.1,    7.3,    3.3,   80.3,   88.7,   99.7,   99.4,    0.3,    0.6,  100.0,   16.1,    7.3,    3.3,   80.3,   88.7,   99.7,   99.4,    0.3,    0.6,    0.0,    0.0,    0.0,    0.0,    0.0,    0.0,    0.0,    0.0,    0.0,    0.0,     77,     17,     10,      9,     44,     36,     65,     51,     77,     17,     10,      9,     44,     36,     65,     51,      0,      0,      0,      0,      0,      0,      0,      0,    38.7,    63.7,    57.1,    78.0,    35.9,    62.8,    53.5,    74.1,    38.7,    63.7,    57.1,    78.0,    35.9,    62.8,    53.5,    74.1,     0.0,     0.0,     0.0,     0.0,     0.0,     0.0,     0.0,     0.0,(Contracts of about 352 MWh),0643DC,IFED,064 
PJM WESTERN HUB RT OFF - ICE FUTURES ENERGY DIV,260818,2026-08-18,064394,IFED,01,064 ,  262295,  112931,   16911,   27769,  120580,  217243,  261280,  261923,    1015,     372,  262295,  112931,   16911,   27769,  120580,  217243,  261280,  261923,    1015,     372,       0,       0,       0,       0,       0,       0,       0,       0,       0,       0,    3025,    2086,     537,     607,     312,    1922,    3005,    3066,      20,     -41,  100.0,   43.1,    6.4,   10.6,   46.0,   82.8,   99.6,   99.9,    0.4,    0.1,  100.0,   43.1,    6.4,   10.6,   46.0,   82.8,   99.6,   99.9,    0.4,    0.1,    0.0,    0.0,    0.0,    0.0,    0.0,    0.0,    0.0,    0.0,    0.0,    0.0,     86,     29,     11,     22,     43,     40,     79,     66,     86,     29,     11,     22,     43,     40,     79,     66,      0,      0,      0,      0,      0,      0,      0,      0,    42.6,    41.8,    55.4,    59.4,    37.7,    34.4,    46.5,    46.6,    42.6,    41.8,    55.4,    59.4,    37.7,    34.4,    46.5,    46.6,     0.0,     0.0,     0.0,     0.0,     0.0,     0.0,     0.0,     0.0,(Contracts of about 352 MWh),064394,IFED,064 
PJM WESTERN HUB RT OFF - ICE FUTURES ENERGY DIV,260825,2026-08-25,064394,IFED,01,064 ,  265258,  113662,   17771,   27746,  122720,  219259,  264128,  264776,    1130,     482,  265258,  113662,   17771,   27746,  122720,  219259,  264128,  264776,    1130,     482,       0,       0,       0,       0,       0,       0,       0,       0,       0,       0,    2963,     731,     860,     -23,    2140,    2016,    2848,    2853,     115,     110,  100.0,   42.8,    6.7,   10.5,   46.3,   82.7,   99.6,   99.8,    0.4,    0.2,  100.0,   42.8,    6.7,   10.5,   46.3,   82.7,   99.6,   99.8,    0.4,    0.2,    0.0,    0.0,    0.0,    0.0,    0.0,    0.0,    0.0,    0.0,    0.0,    0.0,     87,     32,      9,     22,     43,     41,     80,     67,     87,     32,      9,     22,     43,     41,     80,     67,      0,      0,      0,      0,      0,      0,      0,      0,    41.6,    41.6,    54.4,    59.6,    37.6,    33.8,    45.6,    46.4,    41.6,    41.6,    54.4,    59.6,    37.6,    33.8,    45.6,    46.4,     0.0,     0.0,     0.0,     0.0,     0.0,     0.0,     0.0,     0.0,(Contracts of about 352 MWh),064394,IFED,064 
PJM WESTERN HUB RT PEAK MINI - ICE FUTURES ENERGY DIV,260818,2026-08-18,0643DF,IFED,01,064 ,  384789,   78447,   96415,   71634,  233447,  215569,  383528,  383618,    1261,    1171,  384789,   78447,   96415,   71634,  233447,  215569,  383528,  383618,    1261,    1171,       0,       0,       0,       0,       0,       0,       0,       0,       0,       0,    2871,    3099,    1472,    -368,     214,    1878,    2945,    2982,     -74,    -111,  100.0,   20.4,   25.1,   18.6,   60.7,   56.0,   99.7,   99.7,    0.3,    0.3,  100.0,   20.4,   25.1,   18.6,   60.7,   56.0,   99.7,   99.7,    0.3,    0.3,    0.0,    0.0,    0.0,    0.0,    0.0,    0.0,    0.0,    0.0,    0.0,    0.0,    131,     50,     24,     46,     53,     48,    121,    100,    131,     50,     24,     46,     53,     48,    121,    100,      0,      0,      0,      0,      0,      0,      0,      0,    21.9,    33.8,    36.1,    50.1,    19.0,    29.2,    30.6,    42.1,    21.9,    33.8,    36.1,    50.1,    19.0,    29.2,    30.6,    42.1,     0.0,     0.0,     0.0,     0.0,     0.0,     0.0,     0.0,     0.0,(1 MW per peak hour),0643DF,IFED,064 
PJM WESTERN HUB RT PEAK MINI - ICE FUTURES ENERGY DIV,260825,2026-08-25,0643DF,IFED,01,064 ,  391054,   84922,   92661,   72113,  232415,  225088,  389450,  389862,    1604,    1192,  391054,   84922,   92661,   72113,  232415,  225088,  389450,  389862,    1604,    1192,       0,       0,       0,       0,       0,       0,       0,       0,       0,       0,    6265,    6475,   -3754,     479,   -1032,    9519,    5922,    6244,     343,      21,  100.0,   21.7,   23.7,   18.4,   59.4,   57.6,   99.6,   99.7,    0.4,    0.3,  100.0,   21.7,   23.7,   18.4,   59.4,   57.6,   99.6,   99.7,    0.4,    0.3,    0.0,    0.0,    0.0,    0.0,    0.0,    0.0,    0.0,    0.0,    0.0,    0.0,    131,     49,     23,     47,     51,     51,    119,    104,    131,     49,     23,     47,     51,     51,    119,    104,      0,      0,      0,      0,      0,      0,      0,      0,    21.6,    33.7,    36.2,    49.6,    19.6,    29.3,    30.8,    42.5,    21.6,    33.7,    36.2,    49.6,    19.6,    29.3,    30.8,    42.5,     0.0,     0.0,     0.0,     0.0,     0.0,     0.0,     0.0,     0.0,(1 MW per peak hour),0643DF,IFED,064 
PJM.AEP-DAYTON HUB_mo_off_dap - NODAL EXCHANGE,260818,2026-08-18,064DLX,NODX,01,064 ,   98441,   28967,    5495,    1630,   46390,   69457,   76987,   76582,   21454,   21859,   98441,   28967,    5495,    1630,   46390,   69457,   76987,   76582,   21454,   21859,       0,       0,       0,       0,       0,       0,       0,       0,       0,       0,     160,      15,       0,      25,      95,     110,     135,     135,      25,      25,  100.0,   29.4,    5.6,    1.7,   47.1,   70.6,   78.2,   77.8,   21.8,   22.2,  100.0,   29.4,    5.6,    1.7,   47.1,   70.6,   78.2,   77.8,   21.8,   22.2,    0.0,    0.0,    0.0,    0.0,    0.0,    0.0,    0.0,    0.0,    0.0,    0.0,     41,      8,      4,      4,     21,     27,     30,     34,     41,      8,      4,      4,     21,     27,     30,     34,      0,      0,      0,      0,      0,      0,      0,      0,    47.4,    36.3,    64.8,    54.1,    41.7,    34.7,    52.7,    47.9,    47.4,    36.3,    64.8,    54.1,    41.7,    34.7,    52.7,    47.9,     0.0,     0.0,     0.0,     0.0,     0.0,     0.0,     0.0,     0.0,Megawatt Hours (MWh),064DLX,NODX,064 
PJM.AEP-DAYTON HUB_mo_off_dap - NODAL EXCHANGE,260825,2026-08-25,064DLX,NODX,01,064 ,   98865,   29817,    5495,    1605,   46417,   70334,   77839,   77434,   21026,   21431,   98865,   29817,    5495,    1605,   46417,   70334,   77839,   77434,   21026,   21431,       0,       0,       0,       0,       0,       0,       0,       0,       0,       0,     424,     850,       0,     -25,      27,     877,     852,     852,    -428,    -428,  100.0,   30.2,    5.6,    1.6,   46.9,   71.1,   78.7,   78.3,   21.3,   21.7,  100.0,   30.2,    5.6,    1.6,   46.9,   71.1,   78.7,   78.3,   21.3,   21.7,    0.0,    0.0,    0.0,    0.0,    0.0,    0.0,    0.0,    0.0,    0.0,    0.0,     41,      8,      4,      4,     20,     28,     29,     35,     41,      8,      4,      4,     20,     28,     29,     35,      0,      0,      0,      0,      0,      0,      0,      0,    48.1,    37.2,    65.4,    54.9,    42.9,    35.4,    54.4,    48.5,    48.1,    37.2,    65.4,    54.9,    42.9,    35.4,    54.4,    48.5,     0.0,     0.0,     0.0,     0.0,     0.0,     0.0,     0.0,     0.0,Megawatt Hours (MWh),064DLX,NODX,064 
PJM.AEP-DAYTON HUB_mo_off_rtp - NODAL EXCHANGE,260818,2026-08-18,064FKB,NODX,01,064 ,   74050,    3824,    5765,    3070,   56965,   55129,   63859,   63964,   10191,   10086,   74050,    3824,    5765,    3070,   56965,   55129,   63859,   63964,   10191,   10086,       0,       0,       0,       0,       0,       0,       0,       0,       0,       0,    2339,    -740,       0,      30,    2319,    1379,    1609,    1409,     730,     930,  100.0,    5.2,    7.8,    4.1,   76.9,   74.4,   86.2,   86.4,   13.8,   13.6,  100.0,    5.2,    7.8,    4.1,   76.9,   74.4,   86.2,   86.4,   13.8,   13.6,    0.0,    0.0,    0.0,    0.0,    0.0,    0.0,    0.0,    0.0,    0.0,    0.0,     39,      6,      5,      4,     24,     26,     32,     33,     39,      6,      5,      4,     24,     26,     32,     33,      0,      0,      0,      0,      0,      0,      0,      0,    44.7,    45.6,    59.9,    61.3,    35.2,    36.5,    44.8,    47.6,    44.7,    45.6,    59.9,    61.3,    35.2,    36.5,    44.8,    47.6,     0.0,     0.0,     0.0,     0.0,     0.0,     0.0,     0.0,     0.0,Megawatt Hours (MWh),064FKB,NODX,064 
PJM.AEP-DAYTON HUB_mo_off_rtp - NODAL EXCHANGE,260825,2026-08-25,064FKB,NODX,01,064 ,   76632,    4084,    7085,    3110,   59257,   56471,   66451,   66666,   10181,    9966,   76632,    4084,    7085,    3110,   59257,   56471,   66451,   66666,   10181,    9966,       0,       0,       0,       0,       0,       0,       0,       0,       0,       0,    2582,     260,    1320,      40,    2292,    1342,    2592,    2702,     -10,    -120,  100.0,    5.3,    9.2,    4.1,   77.3,   73.7,   86.7,   87.0,   13.3,   13.0,  100.0,    5.3,    9.2,    4.1,   77.3,   73.7,   86.7,   87.0,   13.3,   13.0,    0.0,    0.0,    0.0,    0.0,    0.0,    0.0,    0.0,    0.0,    0.0,    0.0,     39,      6,      5,      5,     25,     26,     33,     34,     39,      6,      5,      5,     25,     26,     33,     34,      0,      0,      0,      0,      0,      0,      0,      0,    45.0,    43.6,    59.9,    60.8,    35.7,    34.4,    44.9,    47.3,    45.0,    43.6,    59.9,    60.8,    35.7,    34.4,    44.9,    47.3,     0.0,     0.0,     0.0,     0.0,     0.0,     0.0,     0.0,     0.0,Megawatt Hours (MWh),064FKB,NODX,064 
PJM.AEP-DAYTON HUB_mo_on_dap - NODAL EXCHANGE,260818,2026-08-18,064DLW,NODX,01,064 ,  101661,   28967,    8272,    1235,   49192,   69507,   79394,   79014,   22267,   22647,  101661,   28967,    8272,    1235,   49192,   69507,   79394,   79014,   22267,   22647,       0,       0,       0,       0,       0,       0,       0,       0,       0,       0,      40,      15,       0,      25,       0,      15,      40,      40,       0,       0,  100.0,   28.5,    8.1,    1.2,   48.4,   68.4,   78.1,   77.7,   21.9,   22.3,  100.0,   28.5,    8.1,    1.2,   48.4,   68.4,   78.1,   77.7,   21.9,   22.3,    0.0,    0.0,    0.0,    0.0,    0.0,    0.0,    0.0,    0.0,    0.0,    0.0,     44,      8,      4,      4,     23,     29,     32,     36,     44,      8,      4,      4,     23,     29,     32,     36,      0,      0,      0,      0,      0,      0,      0,      0,    46.1,    36.3,    62.8,    55.3,    43.5,    33.9,    54.4,    48.7,    46.1,    36.3,    62.8,    55.3,    43.5,    33.9,    54.4,    48.7,     0.0,     0.0,     0.0,     0.0,     0.0,     0.0,     0.0,     0.0,Megawatt Hours (MWh),064DLW,NODX,064 
PJM.AEP-DAYTON HUB_mo_on_dap - NODAL EXCHANGE,260825,2026-08-25,064DLW,NODX,01,064 ,  101962,   29847,    8272,    1210,   48923,   70113,   79980,   79595,   21982,   22367,  101962,   29847,    8272,    1210,   48923,   70113,   79980,   79595,   21982,   22367,       0,       0,       0,       0,       0,       0,       0,       0,       0,       0,     301,     880,       0,     -25,    -269,     606,     586,     581,    -285,    -280,  100.0,   29.3,    8.1,    1.2,   48.0,   68.8,   78.4,   78.1,   21.6,   21.9,  100.0,   29.3,    8.1,    1.2,   48.0,   68.8,   78.4,   78.1,   21.6,   21.9,    0.0,    0.0,    0.0,    0.0,    0.0,    0.0,    0.0,    0.0,    0.0,    0.0,     45,      9,      4,      4,     23,     29,     33,     36,     45,      9,      4,      4,     23,     29,     33,     36,      0,      0,      0,      0,      0,      0,      0,      0,    46.6,    37.0,    63.5,    56.0,    44.7,    34.6,    55.7,    49.4,    46.6,    37.0,    63.5,    56.0,    44.7,    34.6,    55.7,    49.4,     0.0,     0.0,     0.0,     0.0,     0.0,     0.0,     0.0,     0.0,Megawatt Hours (MWh),064DLW,NODX,064 
PJM.AEP-DAYTON HUB_mo_on_rtp - NODAL EXCHANGE,260818,2026-08-18,064FKA,NODX,01,064 ,   74967,    8746,    4485,    3050,   52810,   56901,   64606,   64436,   10361,   10531,   74967,    8746,    4485,    3050,   52810,   56901,   64606,   64436,   10361,   10531,       0,       0,       0,       0,       0,       0,       0,       0,       0,       0,    2148,     315,       0,    -320,    2268,    2403,    2263,    2083,    -115,      65,  100.0,   11.7,    6.0,    4.1,   70.4,   75.9,   86.2,   86.0,   13.8,   14.0,  100.0,   11.7,    6.0,    4.1,   70.4,   75.9,   86.2,   86.0,   13.8,   14.0,    0.0,    0.0,    0.0,    0.0,    0.0,    0.0,    0.0,    0.0,    0.0,    0.0,     42,      8,      5,      6,     28,     28,     38,     37,     42,      8,      5,      6,     28,     28,     38,     37,      0,      0,      0,      0,      0,      0,      0,      0,    37.9,    45.6,    56.4,    61.3,    30.7,    36.7,    42.3,    49.7,    37.9,    45.6,    56.4,    61.3,    30.7,    36.7,    42.3,    49.7,     0.0,     0.0,     0.0,     0.0,     0.0,     0.0,     0.0,     0.0,Megawatt Hours (MWh),064FKA,NODX,064 
PJM.AEP-DAYTON HUB_mo_on_rtp - NODAL EXCHANGE,260825,2026-08-25,064FKA,NODX,01,064 ,   76777,    9001,    5805,    3000,   54865,   57891,   66866,   66696,    9911,   10081,   76777,    9001,    5805,    3000,   54865,   57891,   66866,   66696,    9911,   10081,       0,       0,       0,       0,       0,       0,       0,       0,       0,       0,    1810,     255,    1320,     -50,    2055,     990,    2260,    2260,    -450,    -450,  100.0,   11.7,    7.6,    3.9,   71.5,   75.4,   87.1,   86.9,   12.9,   13.1,  100.0,   11.7,    7.6,    3.9,   71.5,   75.4,   87.1,   86.9,   12.9,   13.1,    0.0,    0.0,    0.0,    0.0,    0.0,    0.0,    0.0,    0.0,    0.0,    0.0,     42,      8,      5,      7,     29,     28,     39,     38,     42,      8,      5,      7,     29,     28,     39,     38,      0,      0,      0,      0,      0,      0,      0,      0,    39.0,    46.1,    57.3,    62.5,    31.4,    37.3,    43.1,    50.1,    39.0,    46.1,    57.3,    62.5,    31.4,    37.3,    43.1,    50.1,     0.0,     0.0,     0.0,     0.0,     0.0,     0.0,     0.0,     0.0,Megawatt Hours (MWh),064FKA,NODX,064 
PJM.AEP_month_off_dap - NODAL EXCHANGE,260818,2026-08-18,064DLR,NODX,01,064 ,   29226,    2056,    5060,     380,   25700,   22881,   28136,   28321,    1090,     905,   29226,    2056,    5060,     380,   25700,   22881,   28136,   28321,    1090,     905,       0,       0,       0,       0,       0,       0,       0,       0,       0,       0,       0,       0,       0,       0,       0,       0,       0,       0,       0,       0,  100.0,    7.0,   17.3,    1.3,   87.9,   78.3,   96.3,   96.9,    3.7,    3.1,  100.0,    7.0,   17.3,    1.3,   87.9,   78.3,   96.3,   96.9,    3.7,    3.1,    0.0,    0.0,    0.0,    0.0,    0.0,    0.0,    0.0,    0.0,    0.0,    0.0,     22,      2,      2,      1,     16,      4,     19,      6,     22,      2,      2,      1,     16,      4,     19,      6,      0,      0,      0,      0,      0,      0,      0,      0,    64.2,    94.0,    80.1,    96.9,    64.2,    92.6,    80.1,    94.2,    64.2,    94.0,    80.1,    96.9,    64.2,    92.6,    80.1,    94.2,     0.0,     0.0,     0.0,     0.0,     0.0,     0.0,     0.0,     0.0,Megawatt Hours (MWh),064DLR,NODX,064 
PJM.AEP_month_off_dap - NODAL EXCHANGE,260825,2026-08-25,064DLR,NODX,01,064 ,   29226,    2056,    5060,     380,   25700,   22881,   28136,   28321,    1090,     905,   29226,    2056,    5060,     380,   25700,   22881,   28136,   28321,    1090,     905,       0,       0,       0,       0,       0,       0,       0,       0,       0,       0,       0,       0,       0,       0,       0,       0,       0,       0,       0,       0,  100.0,    7.0,   17.3,    1.3,   87.9,   78.3,   96.3,   96.9,    3.7,    3.1,  100.0,    7.0,   17.3,    1.3,   87.9,   78.3,   96.3,   96.9,    3.7,    3.1,    0.0,    0.0,    0.0,    0.0,    0.0,    0.0,    0.0,    0.0,    0.0,    0.0,     22,      2,      2,      1,     16,      4,     19,      6,     22,      2,      2,      1,     16,      4,     19,      6,      0,      0,      0,      0,      0,      0,      0,      0,    64.2,    94.0,    80.1,    96.9,    64.2,    92.6,    80.1,    94.2,    64.2,    94.0,    80.1,    96.9,    64.2,    92.6,    80.1,    94.2,     0.0,     0.0,     0.0,     0.0,     0.0,     0.0,     0.0,     0.0,Megawatt Hours (MWh),064DLR,NODX,064 
PJM.AEP_month_on_dap - NODAL EXCHANGE,260818,2026-08-18,064DLQ,NODX,01,064 ,   29261,    2056,    5060,     380,   25710,   22916,   28146,   28356,    1115,     905,   29261,    2056,    5060,     380,   25710,   22916,   28146,   28356,    1115,     905,       0,       0,       0,       0,       0,       0,       0,       0,       0,       0,       0,       0,       0,       0,       0,       0,       0,       0,       0,       0,  100.0,    7.0,   17.3,    1.3,   87.9,   78.3,   96.2,   96.9,    3.8,    3.1,  100.0,    7.0,   17.3,    1.3,   87.9,   78.3,   96.2,   96.9,    3.8,    3.1,    0.0,    0.0,    0.0,    0.0,    0.0,    0.0,    0.0,    0.0,    0.0,    0.0,     22,      2,      2,      1,     16,      4,     19,      6,     22,      2,      2,      1,     16,      4,     19,      6,      0,      0,      0,      0,      0,      0,      0,      0,    64.1,    94.0,    80.1,    96.9,    64.1,    92.7,    80.1,    94.3,    64.1,    94.0,    80.1,    96.9,    64.1,    92.7,    80.1,    94.3,     0.0,     0.0,     0.0,     0.0,     0.0,     0.0,     0.0,     0.0,Megawatt Hours (MWh),064DLQ,NODX,064 
PJM.AEP_month_on_dap - NODAL EXCHANGE,260825,2026-08-25,064DLQ,NODX,01,064 ,   29261,    2056,    5060,     380,   25710,   22916,   28146,   28356,    1115,     905,   29261,    2056,    5060,     380,   25710,   22916,   28146,   28356,    1115,     905,       0,       0,       0,       0,       0,       0,       0,       0,       0,       0,       0,       0,       0,       0,       0,       0,       0,       0,       0,       0,  100.0,    7.0,   17.3,    1.3,   87.9,   78.3,   96.2,   96.9,    3.8,    3.1,  100.0,    7.0,   17.3,    1.3,   87.9,   78.3,   96.2,   96.9,    3.8,    3.1,    0.0,    0.0,    0.0,    0.0,    0.0,    0.0,    0.0,    0.0,    0.0,    0.0,     22,      2,      2,      1,     16,      4,     19,      6,     22,      2,      2,      1,     16,      4,     19,      6,      0,      0,      0,      0,      0,      0,      0,      0,    64.1,    94.0,    80.1,    96.9,    64.1,    92.7,    80.1,    94.3,    64.1,    94.0,    80.1,    96.9,    64.1,    92.7,    80.1,    94.3,     0.0,     0.0,     0.0,     0.0,     0.0,     0.0,     0.0,     0.0,Megawatt Hours (MWh),064DLQ,NODX,064 
PJM.APS_month_off_dap - NODAL EXCHANGE,260818,2026-08-18,064DMZ,NODX,01,064 ,   12207,    2757,     390,       0,    7609,   11166,   10366,   11556,    1841,     651,   12207,    2757,     390,       0,    7609,   11166,   10366,   11556,    1841,     651,       0,       0,       0,       0,       0,       0,       0,       0,       0,       0,       0,       0,       0,       0,       0,       0,       0,       0,       0,       0,  100.0,   22.6,    3.2,    0.0,   62.3,   91.5,   84.9,   94.7,   15.1,    5.3,  100.0,   22.6,    3.2,    0.0,   62.3,   91.5,   84.9,   94.7,   15.1,    5.3,    0.0,    0.0,    0.0,    0.0,    0.0,    0.0,    0.0,    0.0,    0.0,    0.0,     20,      3,      1,      0,     13,      7,     16,      8,     20,      3,      1,      0,     13,      7,     16,      8,      0,      0,      0,      0,      0,      0,      0,      0,    42.9,    84.6,    67.8,    94.7,    42.9,    83.2,    67.8,    88.9,    42.9,    84.6,    67.8,    94.7,    42.9,    83.2,    67.8,    88.9,     0.0,     0.0,     0.0,     0.0,     0.0,     0.0,     0.0,     0.0,Megawatt Hours (MWh),064DMZ,NODX,064 
PJM.APS_month_off_dap - NODAL EXCHANGE,260825,2026-08-25,064DMZ,NODX,01,064 ,   12207,    2757,     390,       0,    7609,   11166,   10366,   11556,    1841,     651,   12207,    2757,     390,       0,    7609,   11166,   10366,   11556,    1841,     651,       0,       0,       0,       0,       0,       0,       0,       0,       0,       0,       0,       0,       0,       0,       0,       0,       0,       0,       0,       0,  100.0,   22.6,    3.2,    0.0,   62.3,   91.5,   84.9,   94.7,   15.1,    5.3,  100.0,   22.6,    3.2,    0.0,   62.3,   91.5,   84.9,   94.7,   15.1,    5.3,    0.0,    0.0,    0.0,    0.0,    0.0,    0.0,    0.0,    0.0,    0.0,    0.0,     20,      3,      1,      0,     13,      7,     16,      8,     20,      3,      1,      0,     13,      7,     16,      8,      0,      0,      0,      0,      0,      0,      0,      0,    42.9,    84.6,    67.8,    94.7,    42.9,    83.2,    67.8,    88.9,    42.9,    84.6,    67.8,    94.7,    42.9,    83.2,    67.8,    88.9,     0.0,     0.0,     0.0,     0.0,     0.0,     0.0,     0.0,     0.0,Megawatt Hours (MWh),064DMZ,NODX,064 
PJM.APS_month_on_dap - NODAL EXCHANGE,260818,2026-08-18,064DMY,NODX,01,064 ,   12843,    3013,     390,       0,    7974,   11802,   10987,   12192,    1856,     651,   12843,    3013,     390,       0,    7974,   11802,   10987,   12192,    1856,     651,       0,       0,       0,       0,       0,       0,       0,       0,       0,       0,       0,       0,       0,       0,       0,       0,       0,       0,       0,       0,  100.0,   23.5,    3.0,    0.0,   62.1,   91.9,   85.5,   94.9,   14.5,    5.1,  100.0,   23.5,    3.0,    0.0,   62.1,   91.9,   85.5,   94.9,   14.5,    5.1,    0.0,    0.0,    0.0,    0.0,    0.0,    0.0,    0.0,    0.0,    0.0,    0.0,     20,      3,      1,      0,     13,      7,     16,      8,     20,      3,      1,      0,     13,      7,     16,      8,      0,      0,      0,      0,      0,      0,      0,      0,    41.6,    84.6,    67.6,    94.9,    41.6,    83.3,    67.2,    88.7,    41.6,    84.6,    67.6,    94.9,    41.6,    83.3,    67.2,    88.7,     0.0,     0.0,     0.0,     0.0,     0.0,     0.0,     0.0,     0.0,Megawatt Hours (MWh),064DMY,NODX,064 
PJM.APS_month_on_dap - NODAL EXCHANGE,260825,2026-08-25,064DMY,NODX,01,064 ,   12843,    3013,     390,       0,    7974,   11802,   10987,   12192,    1856,     651,   12843,    3013,     390,       0,    7974,   11802,   10987,   12192,    1856,     651,       0,       0,       0,       0,       0,       0,       0,       0,       0,       0,       0,       0,       0,       0,       0,       0,       0,       0,       0,       0,  100.0,   23.5,    3.0,    0.0,   62.1,   91.9,   85.5,   94.9,   14.5,    5.1,  100.0,   23.5,    3.0,    0.0,   62.1,   91.9,   85.5,   94.9,   14.5,    5.1,    0.0,    0.0,    0.0,    0.0,    0.0,    0.0,    0.0,    0.0,    0.0,    0.0,     20,      3,      1,      0,     13,      7,     16,      8,     20,      3,      1,      0,     13,      7,     16,      8,      0,      0,      0,      0,      0,      0,      0,      0,    41.6,    84.6,    67.6,    94.9,    41.6,    83.3,    67.2,    88.7,    41.6,    84.6,    67.6,    94.9,    41.6,    83.3,    67.2,    88.7,     0.0,     0.0,     0.0,     0.0,     0.0,     0.0,     0.0,     0.0,Megawatt Hours (MWh),064DMY,NODX,064 
PJM.ATSI_month_off_dap - NODAL EXCHANGE,260818,2026-08-18,064FZB,NODX,01,064 ,   28491,    4775,    1460,     270,   21088,   24542,   26133,   26272,    2358,    2219,   28491,    4775,    1460,     270,   21088,   24542,   26133,   26272,    2358,    2219,       0,       0,       0,       0,       0,       0,       0,       0,       0,       0,       0,       0,       0,       0,       0,       0,       0,       0,       0,       0,  100.0,   16.8,    5.1,    0.9,   74.0,   86.1,   91.7,   92.2,    8.3,    7.8,  100.0,   16.8,    5.1,    0.9,   74.0,   86.1,   91.7,   92.2,    8.3,    7.8,    0.0,    0.0,    0.0,    0.0,    0.0,    0.0,    0.0,    0.0,    0.0,    0.0,     21,      2,      3,      2,     12,      9,     16,     12,     21,      2,      3,      2,     12,      9,     16,     12,      0,      0,      0,      0,      0,      0,      0,      0,    66.5,    75.2,    85.1,    88.9,    62.0,    74.9,    77.6,    82.0,    66.5,    75.2,    85.1,    88.9,    62.0,    74.9,    77.6,    82.0,     0.0,     0.0,     0.0,     0.0,     0.0,     0.0,     0.0,     0.0,Megawatt Hours (MWh),064FZB,NODX,064 
PJM.ATSI_month_off_dap - NODAL EXCHANGE,260825,2026-08-25,064FZB,NODX,01,064 ,   32026,    7640,    1460,     270,   21758,   28077,   29668,   29807,    2358,    2219,   32026,    7640,    1460,     270,   21758,   28077,   29668,   29807,    2358,    2219,       0,       0,       0,       0,       0,       0,       0,       0,       0,       0,    3535,    2865,       0,       0,     670,    3535,    3535,    3535,       0,       0,  100.0,   23.9,    4.6,    0.8,   67.9,   87.7,   92.6,   93.1,    7.4,    6.9,  100.0,   23.9,    4.6,    0.8,   67.9,   87.7,   92.6,   93.1,    7.4,    6.9,    0.0,    0.0,    0.0,    0.0,    0.0,    0.0,    0.0,    0.0,    0.0,    0.0,     21,      2,      3,      2,     12,      9,     16,     12,     21,      2,      3,      2,     12,      9,     16,     12,      0,      0,      0,      0,      0,      0,      0,      0,    69.4,    78.1,    86.2,    90.1,    65.2,    77.7,    79.5,    83.9,    69.4,    78.1,    86.2,    90.1,    65.2,    77.7,    79.5,    83.9,     0.0,     0.0,     0.0,     0.0,     0.0,     0.0,     0.0,     0.0,Megawatt Hours (MWh),064FZB,NODX,064 
PJM.ATSI_month_on_dap - NODAL EXCHANGE,260818,2026-08-18,064FZA,NODX,01,064 ,   28501,    4775,    1460,     270,   21098,   24542,   26143,   26272,    2358,    2229,   28501,    4775,    1460,     270,   21098,   24542,   26143,   26272,    2358,    2229,       0,       0,       0,       0,       0,       0,       0,       0,       0,       0,       0,       0,       0,       0,       0,       0,       0,       0,       0,       0,  100.0,   16.8,    5.1,    0.9,   74.0,   86.1,   91.7,   92.2,    8.3,    7.8,  100.0,   16.8,    5.1,    0.9,   74.0,   86.1,   91.7,   92.2,    8.3,    7.8,    0.0,    0.0,    0.0,    0.0,    0.0,    0.0,    0.0,    0.0,    0.0,    0.0,     21,      2,      3,      2,     12,      9,     16,     12,     21,      2,      3,      2,     12,      9,     16,     12,      0,      0,      0,      0,      0,      0,      0,      0,    66.5,    75.2,    85.1,    88.8,    62.0,    74.9,    77.6,    82.0,    66.5,    75.2,    85.1,    88.8,    62.0,    74.9,    77.6,    82.0,     0.0,     0.0,     0.0,     0.0,     0.0,     0.0,     0.0,     0.0,Megawatt Hours (MWh),064FZA,NODX,064 
PJM.ATSI_month_on_dap - NODAL EXCHANGE,260825,2026-08-25,064FZA,NODX,01,064 ,   32036,    7640,    1460,     270,   21768,   28077,   29678,   29807,    2358,    2229,   32036,    7640,    1460,     270,   21768,   28077,   29678,   29807,    2358,    2229,       0,       0,       0,       0,       0,       0,       0,       0,       0,       0,    3535,    2865,       0,       0,     670,    3535,    3535,    3535,       0,       0,  100.0,   23.8,    4.6,    0.8,   67.9,   87.6,   92.6,   93.0,    7.4,    7.0,  100.0,   23.8,    4.6,    0.8,   67.9,   87.6,   92.6,   93.0,    7.4,    7.0,    0.0,    0.0,    0.0,    0.0,    0.0,    0.0,    0.0,    0.0,    0.0,    0.0,     21,      2,      3,      2,     12,      9,     16,     12,     21,      2,      3,      2,     12,      9,     16,     12,      0,      0,      0,      0,      0,      0,      0,      0,    69.4,    78.1,    86.2,    90.1,    65.2,    77.7,    79.5,    83.9,    69.4,    78.1,    86.2,    90.1,    65.2,    77.7,    79.5,    83.9,     0.0,     0.0,     0.0,     0.0,     0.0,     0.0,     0.0,     0.0,Megawatt Hours (MWh),064FZA,NODX,064 
PJM.BGE_month_off_dap - NODAL EXCHANGE,260818,2026-08-18,064DPR,NODX,01,064 ,   26155,    4065,    1765,     495,   20200,   22340,   24760,   24600,    1395,    1555,   26155,    4065,    1765,     495,   20200,   22340,   24760,   24600,    1395,    1555,       0,       0,       0,       0,       0,       0,       0,       0,       0,       0,       0,       0,     -65,      15,     -15,      50,       0,       0,       0,       0,  100.0,   15.5,    6.7,    1.9,   77.2,   85.4,   94.7,   94.1,    5.3,    5.9,  100.0,   15.5,    6.7,    1.9,   77.2,   85.4,   94.7,   94.1,    5.3,    5.9,    0.0,    0.0,    0.0,    0.0,    0.0,    0.0,    0.0,    0.0,    0.0,    0.0,     29,      4,      3,      3,     18,     10,     25,     13,     29,      4,      3,      3,     18,     10,     25,     13,      0,      0,      0,      0,      0,      0,      0,      0,    52.9,    86.5,    73.0,    91.9,    52.4,    84.9,    72.1,    87.7,    52.9,    86.5,    73.0,    91.9,    52.4,    84.9,    72.1,    87.7,     0.0,     0.0,     0.0,     0.0,     0.0,     0.0,     0.0,     0.0,Megawatt Hours (MWh),064DPR,NODX,064 
PJM.BGE_month_off_dap - NODAL EXCHANGE,260825,2026-08-25,064DPR,NODX,01,064 ,   27575,    4065,    1915,     420,   21590,   23580,   26075,   25915,    1500,    1660,   27575,    4065,    1915,     420,   21590,   23580,   26075,   25915,    1500,    1660,       0,       0,       0,       0,       0,       0,       0,       0,       0,       0,    1420,       0,     150,     -75,    1390,    1240,    1315,    1315,     105,     105,  100.0,   14.7,    6.9,    1.5,   78.3,   85.5,   94.6,   94.0,    5.4,    6.0,  100.0,   14.7,    6.9,    1.5,   78.3,   85.5,   94.6,   94.0,    5.4,    6.0,    0.0,    0.0,    0.0,    0.0,    0.0,    0.0,    0.0,    0.0,    0.0,    0.0,     29,      4,      3,      3,     18,     10,     25,     13,     29,      4,      3,      3,     18,     10,     25,     13,      0,      0,      0,      0,      0,      0,      0,      0,    56.5,    86.4,    74.1,    91.6,    56.0,    85.2,    72.8,    87.9,    56.5,    86.4,    74.1,    91.6,    56.0,    85.2,    72.8,    87.9,     0.0,     0.0,     0.0,     0.0,     0.0,     0.0,     0.0,     0.0,Megawatt Hours (MWh),064DPR,NODX,064 
PJM.BGE_month_on_dap - NODAL EXCHANGE,260818,2026-08-18,064DPQ,NODX,01,064 ,   26240,    4065,    1740,     495,   20600,   22740,   25160,   24975,    1080,    1265,   26240,    4065,    1740,     495,   20600,   22740,   25160,   24975,    1080,    1265,       0,       0,       0,       0,       0,       0,       0,       0,       0,       0,       0,       0,     -65,      15,     -15,      50,       0,       0,       0,       0,  100.0,   15.5,    6.6,    1.9,   78.5,   86.7,   95.9,   95.2,    4.1,    4.8,  100.0,   15.5,    6.6,    1.9,   78.5,   86.7,   95.9,   95.2,    4.1,    4.8,    0.0,    0.0,    0.0,    0.0,    0.0,    0.0,    0.0,    0.0,    0.0,    0.0,     29,      4,      3,      3,     18,     10,     25,     13,     29,      4,      3,      3,     18,     10,     25,     13,      0,      0,      0,      0,      0,      0,      0,      0,    53.5,    87.0,    74.8,    93.1,    53.0,    85.5,    73.9,    89.3,    53.5,    87.0,    74.8,    93.1,    53.0,    85.5,    73.9,    89.3,     0.0,     0.0,     0.0,     0.0,     0.0,     0.0,     0.0,     0.0,Megawatt Hours (MWh),064DPQ,NODX,064 
PJM.BGE_month_on_dap - NODAL EXCHANGE,260825,2026-08-25,064DPQ,NODX,01,064 ,   27660,    4065,    1890,     420,   21990,   23980,   26475,   26290,    1185,    1370,   27660,    4065,    1890,     420,   21990,   23980,   26475,   26290,    1185,    1370,       0,       0,       0,       0,       0,       0,       0,       0,       0,       0,    1420,       0,     150,     -75,    1390,    1240,    1315,    1315,     105,     105,  100.0,   14.7,    6.8,    1.5,   79.5,   86.7,   95.7,   95.0,    4.3,    5.0,  100.0,   14.7,    6.8,    1.5,   79.5,   86.7,   95.7,   95.0,    4.3,    5.0,    0.0,    0.0,    0.0,    0.0,    0.0,    0.0,    0.0,    0.0,    0.0,    0.0,     29,      4,      3,      3,     18,     10,     25,     13,     29,      4,      3,      3,     18,     10,     25,     13,      0,      0,      0,      0,      0,      0,      0,      0,    57.1,    87.0,    75.7,    92.7,    56.6,    85.8,    74.5,    89.4,    57.1,    87.0,    75.7,    92.7,    56.6,    85.8,    74.5,    89.4,     0.0,     0.0,     0.0,     0.0,     0.0,     0.0,     0.0,     0.0,Megawatt Hours (MWh),064DPQ,NODX,064 
PJM.DOM_month_off_dap - NODAL EXCHANGE,260818,2026-08-18,064DZT,NODX,01,064 ,   12599,    1575,    2660,      25,   10454,    9404,   12054,   12089,     545,     510,   12599,    1575,    2660,      25,   10454,    9404,   12054,   12089,     545,     510,       0,       0,       0,       0,       0,       0,       0,       0,       0,       0,     130,      50,     -75,      25,       5,     130,      80,      80,      50,      50,  100.0,   12.5,   21.1,    0.2,   83.0,   74.6,   95.7,   96.0,    4.3,    4.0,  100.0,   12.5,   21.1,    0.2,   83.0,   74.6,   95.7,   96.0,    4.3,    4.0,    0.0,    0.0,    0.0,    0.0,    0.0,    0.0,    0.0,    0.0,    0.0,    0.0,     26,      2,      4,      1,     15,     10,     18,     14,     26,      2,      4,      1,     15,     10,     18,     14,      0,      0,      0,      0,      0,      0,      0,      0,    57.3,    72.6,    80.4,    92.5,    57.3,    67.1,    79.8,    84.6,    57.3,    72.6,    80.4,    92.5,    57.3,    67.1,    79.8,    84.6,     0.0,     0.0,     0.0,     0.0,     0.0,     0.0,     0.0,     0.0,Megawatt Hours (MWh),064DZT,NODX,064 
PJM.DOM_month_off_dap - NODAL EXCHANGE,260825,2026-08-25,064DZT,NODX,01,064 ,   12799,    1775,    2660,      25,   10454,    9604,   12254,   12289,     545,     510,   12799,    1775,    2660,      25,   10454,    9604,   12254,   12289,     545,     510,       0,       0,       0,       0,       0,       0,       0,       0,       0,       0,     200,     200,       0,       0,       0,     200,     200,     200,       0,       0,  100.0,   13.9,   20.8,    0.2,   81.7,   75.0,   95.7,   96.0,    4.3,    4.0,  100.0,   13.9,   20.8,    0.2,   81.7,   75.0,   95.7,   96.0,    4.3,    4.0,    0.0,    0.0,    0.0,    0.0,    0.0,    0.0,    0.0,    0.0,    0.0,    0.0,     26,      2,      4,      1,     15,     10,     18,     14,     26,      2,      4,      1,     15,     10,     18,     14,      0,      0,      0,      0,      0,      0,      0,      0,    57.9,    73.1,    80.7,    92.6,    57.9,    67.6,    80.2,    84.9,    57.9,    73.1,    80.7,    92.6,    57.9,    67.6,    80.2,    84.9,     0.0,     0.0,     0.0,     0.0,     0.0,     0.0,     0.0,     0.0,Megawatt Hours (MWh),064DZT,NODX,064 
PJM.DOM_month_on_dap - NODAL EXCHANGE,260818,2026-08-18,064DZS,NODX,01,064 ,   12089,    1575,    2660,      25,    9929,    8819,   11529,   11504,     560,     585,   12089,    1575,    2660,      25,    9929,    8819,   11529,   11504,     560,     585,       0,       0,       0,       0,       0,       0,       0,       0,       0,       0,     130,      50,     -75,      25,       5,     130,      80,      80,      50,      50,  100.0,   13.0,   22.0,    0.2,   82.1,   73.0,   95.4,   95.2,    4.6,    4.8,  100.0,   13.0,   22.0,    0.2,   82.1,   73.0,   95.4,   95.2,    4.6,    4.8,    0.0,    0.0,    0.0,    0.0,    0.0,    0.0,    0.0,    0.0,    0.0,    0.0,     24,      2,      4,      1,     13,      9,     16,     13,     24,      2,      4,      1,     13,      9,     16,     13,      0,      0,      0,      0,      0,      0,      0,      0,    58.6,    72.8,    81.1,    92.3,    58.6,    67.1,    79.0,    83.6,    58.6,    72.8,    81.1,    92.3,    58.6,    67.1,    79.0,    83.6,     0.0,     0.0,     0.0,     0.0,     0.0,     0.0,     0.0,     0.0,Megawatt Hours (MWh),064DZS,NODX,064 
PJM.DOM_month_on_dap - NODAL EXCHANGE,260825,2026-08-25,064DZS,NODX,01,064 ,   12289,    1775,    2660,      25,    9929,    9019,   11729,   11704,     560,     585,   12289,    1775,    2660,      25,    9929,    9019,   11729,   11704,     560,     585,       0,       0,       0,       0,       0,       0,       0,       0,       0,       0,     200,     200,       0,       0,       0,     200,     200,     200,       0,       0,  100.0,   14.4,   21.6,    0.2,   80.8,   73.4,   95.4,   95.2,    4.6,    4.8,  100.0,   14.4,   21.6,    0.2,   80.8,   73.4,   95.4,   95.2,    4.6,    4.8,    0.0,    0.0,    0.0,    0.0,    0.0,    0.0,    0.0,    0.0,    0.0,    0.0,     24,      2,      4,      1,     13,      9,     16,     13,     24,      2,      4,      1,     13,      9,     16,     13,      0,      0,      0,      0,      0,      0,      0,      0,    59.3,    73.3,    81.4,    92.5,    59.3,    67.6,    79.3,    83.8,    59.3,    73.3,    81.4,    92.5,    59.3,    67.6,    79.3,    83.8,     0.0,     0.0,     0.0,     0.0,     0.0,     0.0,     0.0,     0.0,Megawatt Hours (MWh),064DZS,NODX,064 
PJM.JCPL_month_off_dap - NODAL EXCHANGE,260818,2026-08-18,064EJJ,NODX,01,064 ,   46877,    7215,    4430,     420,   33907,   38017,   41542,   42867,    5335,    4010,   46877,    7215,    4430,     420,   33907,   38017,   41542,   42867,    5335,    4010,       0,       0,       0,       0,       0,       0,       0,       0,       0,       0,       0,      40,       0,       0,     -40,       0,       0,       0,       0,       0,  100.0,   15.4,    9.5,    0.9,   72.3,   81.1,   88.6,   91.4,   11.4,    8.6,  100.0,   15.4,    9.5,    0.9,   72.3,   81.1,   88.6,   91.4,   11.4,    8.6,    0.0,    0.0,    0.0,    0.0,    0.0,    0.0,    0.0,    0.0,    0.0,    0.0,     29,      5,      2,      1,     18,     14,     23,     17,     29,      5,      2,      1,     18,     14,     23,     17,      0,      0,      0,      0,      0,      0,      0,      0,    51.2,    78.8,    69.2,    87.2,    48.5,    78.8,    66.6,    84.6,    51.2,    78.8,    69.2,    87.2,    48.5,    78.8,    66.6,    84.6,     0.0,     0.0,     0.0,     0.0,     0.0,     0.0,     0.0,     0.0,Megawatt Hours (MWh),064EJJ,NODX,064 
PJM.JCPL_month_off_dap - NODAL EXCHANGE,260825,2026-08-25,064EJJ,NODX,01,064 ,   47312,    6785,    4480,     850,   34567,   38197,   42202,   43527,    5110,    3785,   47312,    6785,    4480,     850,   34567,   38197,   42202,   43527,    5110,    3785,       0,       0,       0,       0,       0,       0,       0,       0,       0,       0,     435,    -430,      50,     430,     660,     180,     660,     660,    -225,    -225,  100.0,   14.3,    9.5,    1.8,   73.1,   80.7,   89.2,   92.0,   10.8,    8.0,  100.0,   14.3,    9.5,    1.8,   73.1,   80.7,   89.2,   92.0,   10.8,    8.0,    0.0,    0.0,    0.0,    0.0,    0.0,    0.0,    0.0,    0.0,    0.0,    0.0,     29,      4,      3,      1,     18,     14,     23,     17,     29,      4,      3,      1,     18,     14,     23,     17,      0,      0,      0,      0,      0,      0,      0,      0,    52.1,    78.5,    70.0,    87.7,    49.5,    78.4,    67.4,    84.2,    52.1,    78.5,    70.0,    87.7,    49.5,    78.4,    67.4,    84.2,     0.0,     0.0,     0.0,     0.0,     0.0,     0.0,     0.0,     0.0,Megawatt Hours (MWh),064EJJ,NODX,064 
PJM.JCPL_month_on_dap - NODAL EXCHANGE,260818,2026-08-18,064EJI,NODX,01,064 ,   49067,    6855,    5155,     925,   36322,   39407,   44102,   45487,    4965,    3580,   49067,    6855,    5155,     925,   36322,   39407,   44102,   45487,    4965,    3580,       0,       0,       0,       0,       0,       0,       0,       0,       0,       0,       0,       0,       0,       0,       0,       0,       0,       0,       0,       0,  100.0,   14.0,   10.5,    1.9,   74.0,   80.3,   89.9,   92.7,   10.1,    7.3,  100.0,   14.0,   10.5,    1.9,   74.0,   80.3,   89.9,   92.7,   10.1,    7.3,    0.0,    0.0,    0.0,    0.0,    0.0,    0.0,    0.0,    0.0,    0.0,    0.0,     29,      4,      3,      1,     17,     14,     22,     17,     29,      4,      3,      1,     17,     14,     22,     17,      0,      0,      0,      0,      0,      0,      0,      0,    53.0,    78.4,    70.1,    88.3,    49.1,    78.4,    66.2,    83.9,    53.0,    78.4,    70.1,    88.3,    49.1,    78.4,    66.2,    83.9,     0.0,     0.0,     0.0,     0.0,     0.0,     0.0,     0.0,     0.0,Megawatt Hours (MWh),064EJI,NODX,064 
PJM.JCPL_month_on_dap - NODAL EXCHANGE,260825,2026-08-25,064EJI,NODX,01,064 ,   49632,    6855,    5635,     925,   36982,   39587,   44762,   46147,    4870,    3485,   49632,    6855,    5635,     925,   36982,   39587,   44762,   46147,    4870,    3485,       0,       0,       0,       0,       0,       0,       0,       0,       0,       0,     565,       0,     480,       0,     660,     180,     660,     660,     -95,     -95,  100.0,   13.8,   11.4,    1.9,   74.5,   79.8,   90.2,   93.0,    9.8,    7.0,  100.0,   13.8,   11.4,    1.9,   74.5,   79.8,   90.2,   93.0,    9.8,    7.0,    0.0,    0.0,    0.0,    0.0,    0.0,    0.0,    0.0,    0.0,    0.0,    0.0,     29,      4,      3,      1,     17,     14,     22,     17,     29,      4,      3,      1,     17,     14,     22,     17,      0,      0,      0,      0,      0,      0,      0,      0,    53.7,    77.9,    70.7,    88.6,    49.9,    77.9,    66.8,    84.1,    53.7,    77.9,    70.7,    88.6,    49.9,    77.9,    66.8,    84.1,     0.0,     0.0,     0.0,     0.0,     0.0,     0.0,     0.0,     0.0,Megawatt Hours (MWh),064EJI,NODX,064 
PJM.METED_month_off_dap - NODAL EXCHANGE,260818,2026-08-18,064EOX,NODX,01,064 ,   12964,     235,     390,     280,   10795,   11527,   11310,   12197,    1654,     767,   12964,     235,     390,     280,   10795,   11527,   11310,   12197,    1654,     767,       0,       0,       0,       0,       0,       0,       0,       0,       0,       0,     144,      60,       0,      90,     -13,      54,     137,     144,       7,       0,  100.0,    1.8,    3.0,    2.2,   83.3,   88.9,   87.2,   94.1,   12.8,    5.9,  100.0,    1.8,    3.0,    2.2,   83.3,   88.9,   87.2,   94.1,   12.8,    5.9,    0.0,    0.0,    0.0,    0.0,    0.0,    0.0,    0.0,    0.0,    0.0,    0.0,     24,      2,      3,      3,     17,     10,     21,     14,     24,      2,      3,      3,     17,     10,     21,     14,      0,      0,      0,      0,      0,      0,      0,      0,    53.0,    77.7,    73.9,    88.9,    52.0,    76.8,    69.2,    81.4,    53.0,    77.7,    73.9,    88.9,    52.0,    76.8,    69.2,    81.4,     0.0,     0.0,     0.0,     0.0,     0.0,     0.0,     0.0,     0.0,Megawatt Hours (MWh),064EOX,NODX,064 
PJM.METED_month_off_dap - NODAL EXCHANGE,260825,2026-08-25,064EOX,NODX,01,064 ,   12859,     190,     390,     325,   10698,   11385,   11213,   12100,    1646,     759,   12859,     190,     390,     325,   10698,   11385,   11213,   12100,    1646,     759,       0,       0,       0,       0,       0,       0,       0,       0,       0,       0,    -105,     -45,       0,      45,     -97,    -142,     -97,     -97,      -8,      -8,  100.0,    1.5,    3.0,    2.5,   83.2,   88.5,   87.2,   94.1,   12.8,    5.9,  100.0,    1.5,    3.0,    2.5,   83.2,   88.5,   87.2,   94.1,   12.8,    5.9,    0.0,    0.0,    0.0,    0.0,    0.0,    0.0,    0.0,    0.0,    0.0,    0.0,     24,      2,      3,      3,     17,     10,     21,     14,     24,      2,      3,      3,     17,     10,     21,     14,      0,      0,      0,      0,      0,      0,      0,      0,    53.5,    77.1,    74.5,    88.5,    52.4,    76.2,    69.7,    81.7,    53.5,    77.1,    74.5,    88.5,    52.4,    76.2,    69.7,    81.7,     0.0,     0.0,     0.0,     0.0,     0.0,     0.0,     0.0,     0.0,Megawatt Hours (MWh),064EOX,NODX,064 
PJM.METED_month_on_dap - NODAL EXCHANGE,260818,2026-08-18,064EOW,NODX,01,064 ,   12792,     235,     390,     280,   10613,   11262,   11128,   11932,    1664,     860,   12792,     235,     390,     280,   10613,   11262,   11128,   11932,    1664,     860,       0,       0,       0,       0,       0,       0,       0,       0,       0,       0,     182,      60,       0,      90,      45,      54,     195,     144,     -13,      38,  100.0,    1.8,    3.0,    2.2,   83.0,   88.0,   87.0,   93.3,   13.0,    6.7,  100.0,    1.8,    3.0,    2.2,   83.0,   88.0,   87.0,   93.3,   13.0,    6.7,    0.0,    0.0,    0.0,    0.0,    0.0,    0.0,    0.0,    0.0,    0.0,    0.0,     23,      2,      3,      3,     15,      8,     19,     12,     23,      2,      3,      3,     15,      8,     19,     12,      0,      0,      0,      0,      0,      0,      0,      0,    55.2,    78.0,    74.4,    89.6,    55.2,    77.6,    72.5,    82.3,    55.2,    78.0,    74.4,    89.6,    55.2,    77.6,    72.5,    82.3,     0.0,     0.0,     0.0,     0.0,     0.0,     0.0,     0.0,     0.0,Megawatt Hours (MWh),064EOW,NODX,064 
PJM.METED_month_on_dap - NODAL EXCHANGE,260825,2026-08-25,064EOW,NODX,01,064 ,   12687,     190,     390,     325,   10516,   11120,   11031,   11835,    1656,     852,   12687,     190,     390,     325,   10516,   11120,   11031,   11835,    1656,     852,       0,       0,       0,       0,       0,       0,       0,       0,       0,       0,    -105,     -45,       0,      45,     -97,    -142,     -97,     -97,      -8,      -8,  100.0,    1.5,    3.1,    2.6,   82.9,   87.6,   86.9,   93.3,   13.1,    6.7,  100.0,    1.5,    3.1,    2.6,   82.9,   87.6,   86.9,   93.3,   13.1,    6.7,    0.0,    0.0,    0.0,    0.0,    0.0,    0.0,    0.0,    0.0,    0.0,    0.0,     23,      2,      3,      3,     15,      8,     19,     12,     23,      2,      3,      3,     15,      8,     19,     12,      0,      0,      0,      0,      0,      0,      0,      0,    55.6,    77.5,    75.0,    89.2,    55.6,    77.1,    73.1,    82.6,    55.6,    77.5,    75.0,    89.2,    55.6,    77.1,    73.1,    82.6,     0.0,     0.0,     0.0,     0.0,     0.0,     0.0,     0.0,     0.0,Megawatt Hours (MWh),064EOW,NODX,064 
PJM.N ILLINOIS HUB_mo_off_dap - NODAL EXCHANGE,260818,2026-08-18,064ERN,NODX,01,064 ,   89420,    2575,     260,       0,   79226,   81492,   81801,   81752,    7619,    7668,   89420,    2575,     260,       0,   79226,   81492,   81801,   81752,    7619,    7668,       0,       0,       0,       0,       0,       0,       0,       0,       0,       0,     411,     -10,     -90,       0,     632,     712,     622,     622,    -211,    -211,  100.0,    2.9,    0.3,    0.0,   88.6,   91.1,   91.5,   91.4,    8.5,    8.6,  100.0,    2.9,    0.3,    0.0,   88.6,   91.1,   91.5,   91.4,    8.5,    8.6,    0.0,    0.0,    0.0,    0.0,    0.0,    0.0,    0.0,    0.0,    0.0,    0.0,     29,      2,      1,      0,     20,     21,     22,     22,     29,      2,      1,      0,     20,     21,     22,     22,      0,      0,      0,      0,      0,      0,      0,      0,    58.8,    77.4,    81.8,    84.0,    56.1,    77.2,    76.7,    82.6,    58.8,    77.4,    81.8,    84.0,    56.1,    77.2,    76.7,    82.6,     0.0,     0.0,     0.0,     0.0,     0.0,     0.0,     0.0,     0.0,Megawatt Hours (MWh),064ERN,NODX,064 
PJM.N ILLINOIS HUB_mo_off_dap - NODAL EXCHANGE,260825,2026-08-25,064ERN,NODX,01,064 ,   89420,    2575,     260,       0,   79226,   81492,   81801,   81752,    7619,    7668,   89420,    2575,     260,       0,   79226,   81492,   81801,   81752,    7619,    7668,       0,       0,       0,       0,       0,       0,       0,       0,       0,       0,       0,       0,       0,       0,       0,       0,       0,       0,       0,       0,  100.0,    2.9,    0.3,    0.0,   88.6,   91.1,   91.5,   91.4,    8.5,    8.6,  100.0,    2.9,    0.3,    0.0,   88.6,   91.1,   91.5,   91.4,    8.5,    8.6,    0.0,    0.0,    0.0,    0.0,    0.0,    0.0,    0.0,    0.0,    0.0,    0.0,     29,      2,      1,      0,     20,     21,     22,     22,     29,      2,      1,      0,     20,     21,     22,     22,      0,      0,      0,      0,      0,      0,      0,      0,    58.8,    77.4,    81.8,    84.0,    56.1,    77.2,    76.7,    82.6,    58.8,    77.4,    81.8,    84.0,    56.1,    77.2,    76.7,    82.6,     0.0,     0.0,     0.0,     0.0,     0.0,     0.0,     0.0,     0.0,Megawatt Hours (MWh),064ERN,NODX,064 
PJM.N ILLINOIS HUB_mo_off_rtp - NODAL EXCHANGE,260818,2026-08-18,064FKD,NODX,01,064 ,   66776,    3854,       0,     490,   55670,   59530,   60014,   60020,    6762,    6756,   66776,    3854,       0,     490,   55670,   59530,   60014,   60020,    6762,    6756,       0,       0,       0,       0,       0,       0,       0,       0,       0,       0,     627,      10,     -10,       0,     497,     517,     507,     507,     120,     120,  100.0,    5.8,    0.0,    0.7,   83.4,   89.1,   89.9,   89.9,   10.1,   10.1,  100.0,    5.8,    0.0,    0.7,   83.4,   89.1,   89.9,   89.9,   10.1,   10.1,    0.0,    0.0,    0.0,    0.0,    0.0,    0.0,    0.0,    0.0,    0.0,    0.0,     27,      4,      0,      3,     16,     21,     20,     24,     27,      4,      0,      3,     16,     21,     20,     24,      0,      0,      0,      0,      0,      0,      0,      0,    55.7,    59.8,    72.9,    75.4,    33.2,    43.5,    44.3,    49.5,    55.7,    59.8,    72.9,    75.4,    33.2,    43.5,    44.3,    49.5,     0.0,     0.0,     0.0,     0.0,     0.0,     0.0,     0.0,     0.0,Megawatt Hours (MWh),064FKD,NODX,064 
PJM.N ILLINOIS HUB_mo_off_rtp - NODAL EXCHANGE,260825,2026-08-25,064FKD,NODX,01,064 ,   66876,    3454,       0,     490,   56170,   59630,   60114,   60120,    6762,    6756,   66876,    3454,       0,     490,   56170,   59630,   60114,   60120,    6762,    6756,       0,       0,       0,       0,       0,       0,       0,       0,       0,       0,     100,    -400,       0,       0,     500,     100,     100,     100,       0,       0,  100.0,    5.2,    0.0,    0.7,   84.0,   89.2,   89.9,   89.9,   10.1,   10.1,  100.0,    5.2,    0.0,    0.7,   84.0,   89.2,   89.9,   89.9,   10.1,   10.1,    0.0,    0.0,    0.0,    0.0,    0.0,    0.0,    0.0,    0.0,    0.0,    0.0,     27,      4,      0,      3,     17,     21,     21,     24,     27,      4,      0,      3,     17,     21,     21,     24,      0,      0,      0,      0,      0,      0,      0,      0,    55.7,    59.8,    72.3,    75.4,    33.0,    43.4,    43.6,    49.4,    55.7,    59.8,    72.3,    75.4,    33.0,    43.4,    43.6,    49.4,     0.0,     0.0,     0.0,     0.0,     0.0,     0.0,     0.0,     0.0,Megawatt Hours (MWh),064FKD,NODX,064 
PJM.N ILLINOIS HUB_mo_on_dap - NODAL EXCHANGE,260818,2026-08-18,064ERM,NODX,01,064 ,   91256,    2750,     260,       0,   80792,   83233,   83542,   83493,    7714,    7763,   91256,    2750,     260,       0,   80792,   83233,   83542,   83493,    7714,    7763,       0,       0,       0,       0,       0,       0,       0,       0,       0,       0,     313,     -10,     -90,       0,     449,     529,     439,     439,    -126,    -126,  100.0,    3.0,    0.3,    0.0,   88.5,   91.2,   91.5,   91.5,    8.5,    8.5,  100.0,    3.0,    0.3,    0.0,   88.5,   91.2,   91.5,   91.5,    8.5,    8.5,    0.0,    0.0,    0.0,    0.0,    0.0,    0.0,    0.0,    0.0,    0.0,    0.0,     31,      3,      1,      0,     20,     20,     23,     21,     31,      3,      1,      0,     20,     20,     23,     21,      0,      0,      0,      0,      0,      0,      0,      0,    58.0,    76.8,    81.8,    83.7,    55.9,    76.6,    76.4,    82.0,    58.0,    76.8,    81.8,    83.7,    55.9,    76.6,    76.4,    82.0,     0.0,     0.0,     0.0,     0.0,     0.0,     0.0,     0.0,     0.0,Megawatt Hours (MWh),064ERM,NODX,064 
PJM.N ILLINOIS HUB_mo_on_dap - NODAL EXCHANGE,260825,2026-08-25,064ERM,NODX,01,064 ,   91256,    2750,     260,       0,   80792,   83233,   83542,   83493,    7714,    7763,   91256,    2750,     260,       0,   80792,   83233,   83542,   83493,    7714,    7763,       0,       0,       0,       0,       0,       0,       0,       0,       0,       0,       0,       0,       0,       0,       0,       0,       0,       0,       0,       0,  100.0,    3.0,    0.3,    0.0,   88.5,   91.2,   91.5,   91.5,    8.5,    8.5,  100.0,    3.0,    0.3,    0.0,   88.5,   91.2,   91.5,   91.5,    8.5,    8.5,    0.0,    0.0,    0.0,    0.0,    0.0,    0.0,    0.0,    0.0,    0.0,    0.0,     31,      3,      1,      0,     20,     20,     23,     21,     31,      3,      1,      0,     20,     20,     23,     21,      0,      0,      0,      0,      0,      0,      0,      0,    58.0,    76.8,    81.8,    83.7,    55.9,    76.6,    76.4,    82.0,    58.0,    76.8,    81.8,    83.7,    55.9,    76.6,    76.4,    82.0,     0.0,     0.0,     0.0,     0.0,     0.0,     0.0,     0.0,     0.0,Megawatt Hours (MWh),064ERM,NODX,064 
PJM.N ILLINOIS HUB_mo_on_rtp - NODAL EXCHANGE,260818,2026-08-18,064FKC,NODX,01,064 ,   68811,    1120,       0,     525,   61455,   62496,   63100,   63021,    5711,    5790,   68811,    1120,       0,     525,   61455,   62496,   63100,   63021,    5711,    5790,       0,       0,       0,       0,       0,       0,       0,       0,       0,       0,     338,       0,       0,       0,     174,     174,     174,     174,     164,     164,  100.0,    1.6,    0.0,    0.8,   89.3,   90.8,   91.7,   91.6,    8.3,    8.4,  100.0,    1.6,    0.0,    0.8,   89.3,   90.8,   91.7,   91.6,    8.3,    8.4,    0.0,    0.0,    0.0,    0.0,    0.0,    0.0,    0.0,    0.0,    0.0,    0.0,     29,      4,      0,      2,     18,     19,     22,     21,     29,      4,      0,      2,     18,     19,     22,     21,      0,      0,      0,      0,      0,      0,      0,      0,    55.8,    60.6,    76.8,    77.6,    40.0,    48.1,    54.6,    57.3,    55.8,    60.6,    76.8,    77.6,    40.0,    48.1,    54.6,    57.3,     0.0,     0.0,     0.0,     0.0,     0.0,     0.0,     0.0,     0.0,Megawatt Hours (MWh),064FKC,NODX,064 
PJM.N ILLINOIS HUB_mo_on_rtp - NODAL EXCHANGE,260825,2026-08-25,064FKC,NODX,01,064 ,   68843,    1120,       0,     525,   61555,   62596,   63200,   63121,    5643,    5722,   68843,    1120,       0,     525,   61555,   62596,   63200,   63121,    5643,    5722,       0,       0,       0,       0,       0,       0,       0,       0,       0,       0,      32,       0,       0,       0,     100,     100,     100,     100,     -68,     -68,  100.0,    1.6,    0.0,    0.8,   89.4,   90.9,   91.8,   91.7,    8.2,    8.3,  100.0,    1.6,    0.0,    0.8,   89.4,   90.9,   91.8,   91.7,    8.2,    8.3,    0.0,    0.0,    0.0,    0.0,    0.0,    0.0,    0.0,    0.0,    0.0,    0.0,     29,      4,      0,      2,     18,     19,     22,     21,     29,      4,      0,      2,     18,     19,     22,     21,      0,      0,      0,      0,      0,      0,      0,      0,    55.9,    60.6,    76.9,    77.7,    40.0,    48.1,    54.6,    57.2,    55.9,    60.6,    76.9,    77.7,    40.0,    48.1,    54.6,    57.2,     0.0,     0.0,     0.0,     0.0,     0.0,     0.0,     0.0,     0.0,Megawatt Hours (MWh),064FKC,NODX,064 
PJM.PECO_month_off_dap - NODAL EXCHANGE,260818,2026-08-18,064EUZ,NODX,01,064 ,  106450,   23040,     851,     394,   75591,   98090,   99025,   99335,    7425,    7115,  106450,   23040,     851,     394,   75591,   98090,   99025,   99335,    7425,    7115,       0,       0,       0,       0,       0,       0,       0,       0,       0,       0,     166,    -205,       0,       0,     245,      40,      40,      40,     126,     126,  100.0,   21.6,    0.8,    0.4,   71.0,   92.1,   93.0,   93.3,    7.0,    6.7,  100.0,   21.6,    0.8,    0.4,   71.0,   92.1,   93.0,   93.3,    7.0,    6.7,    0.0,    0.0,    0.0,    0.0,    0.0,    0.0,    0.0,    0.0,    0.0,    0.0,     37,      5,      4,      4,     24,     16,     31,     22,     37,      5,      4,      4,     24,     16,     31,     22,      0,      0,      0,      0,      0,      0,      0,      0,    52.5,    77.4,    73.4,    89.8,    46.8,    75.3,    62.3,    77.4,    52.5,    77.4,    73.4,    89.8,    46.8,    75.3,    62.3,    77.4,     0.0,     0.0,     0.0,     0.0,     0.0,     0.0,     0.0,     0.0,Megawatt Hours (MWh),064EUZ,NODX,064 
PJM.PECO_month_off_dap - NODAL EXCHANGE,260825,2026-08-25,064EUZ,NODX,01,064 ,  106510,   23040,     851,     394,   75616,   98115,   99050,   99360,    7460,    7150,  106510,   23040,     851,     394,   75616,   98115,   99050,   99360,    7460,    7150,       0,       0,       0,       0,       0,       0,       0,       0,       0,       0,      60,       0,       0,       0,      25,      25,      25,      25,      35,      35,  100.0,   21.6,    0.8,    0.4,   71.0,   92.1,   93.0,   93.3,    7.0,    6.7,  100.0,   21.6,    0.8,    0.4,   71.0,   92.1,   93.0,   93.3,    7.0,    6.7,    0.0,    0.0,    0.0,    0.0,    0.0,    0.0,    0.0,    0.0,    0.0,    0.0,     37,      5,      4,      4,     24,     16,     31,     22,     37,      5,      4,      4,     24,     16,     31,     22,      0,      0,      0,      0,      0,      0,      0,      0,    52.7,    77.3,    73.6,    90.0,    46.9,    75.2,    62.4,    77.5,    52.7,    77.3,    73.6,    90.0,    46.9,    75.2,    62.4,    77.5,     0.0,     0.0,     0.0,     0.0,     0.0,     0.0,     0.0,     0.0,Megawatt Hours (MWh),064EUZ,NODX,064 
PJM.PECO_month_on_dap - NODAL EXCHANGE,260818,2026-08-18,064EUY,NODX,01,064 ,  107167,   23155,    1211,     224,   77593,   99947,  100972,  101382,    6195,    5785,  107167,   23155,    1211,     224,   77593,   99947,  100972,  101382,    6195,    5785,       0,       0,       0,       0,       0,       0,       0,       0,       0,       0,     -34,    -220,       0,       0,     210,     -10,     -10,     -10,     -24,     -24,  100.0,   21.6,    1.1,    0.2,   72.4,   93.3,   94.2,   94.6,    5.8,    5.4,  100.0,   21.6,    1.1,    0.2,   72.4,   93.3,   94.2,   94.6,    5.8,    5.4,    0.0,    0.0,    0.0,    0.0,    0.0,    0.0,    0.0,    0.0,    0.0,    0.0,     37,      5,      4,      3,     24,     16,     30,     22,     37,      5,      4,      3,     24,     16,     30,     22,      0,      0,      0,      0,      0,      0,      0,      0,    53.3,    78.2,    74.1,    90.9,    47.4,    76.6,    63.0,    78.7,    53.3,    78.2,    74.1,    90.9,    47.4,    76.6,    63.0,    78.7,     0.0,     0.0,     0.0,     0.0,     0.0,     0.0,     0.0,     0.0,Megawatt Hours (MWh),064EUY,NODX,064 
PJM.PECO_month_on_dap - NODAL EXCHANGE,260825,2026-08-25,064EUY,NODX,01,064 ,  107252,   23155,    1211,     224,   77643,   99997,  101022,  101432,    6230,    5820,  107252,   23155,    1211,     224,   77643,   99997,  101022,  101432,    6230,    5820,       0,       0,       0,       0,       0,       0,       0,       0,       0,       0,      85,       0,       0,       0,      50,      50,      50,      50,      35,      35,  100.0,   21.6,    1.1,    0.2,   72.4,   93.2,   94.2,   94.6,    5.8,    5.4,  100.0,   21.6,    1.1,    0.2,   72.4,   93.2,   94.2,   94.6,    5.8,    5.4,    0.0,    0.0,    0.0,    0.0,    0.0,    0.0,    0.0,    0.0,    0.0,    0.0,     37,      5,      4,      3,     24,     16,     30,     22,     37,      5,      4,      3,     24,     16,     30,     22,      0,      0,      0,      0,      0,      0,      0,      0,    53.5,    78.1,    74.3,    91.1,    47.5,    76.5,    63.1,    78.8,    53.5,    78.1,    74.3,    91.1,    47.5,    76.5,    63.1,    78.8,     0.0,     0.0,     0.0,     0.0,     0.0,     0.0,     0.0,     0.0,Megawatt Hours (MWh),064EUY,NODX,064 
PJM.PEPCO_month_off_dap - NODAL EXCHANGE,260818,2026-08-18,064EVH,NODX,01,064 ,   22471,     875,    8422,      30,   19360,   12549,   20265,   21001,    2206,    1470,   22471,     875,    8422,      30,   19360,   12549,   20265,   21001,    2206,    1470,       0,       0,       0,       0,       0,       0,       0,       0,       0,       0,     860,     150,    -270,      30,     327,     937,     507,     697,     353,     163,  100.0,    3.9,   37.5,    0.1,   86.2,   55.8,   90.2,   93.5,    9.8,    6.5,  100.0,    3.9,   37.5,    0.1,   86.2,   55.8,   90.2,   93.5,    9.8,    6.5,    0.0,    0.0,    0.0,    0.0,    0.0,    0.0,    0.0,    0.0,    0.0,    0.0,     29,      2,      3,      1,     22,     14,     24,     18,     29,      2,      3,      1,     22,     14,     24,     18,      0,      0,      0,      0,      0,      0,      0,      0,    47.5,    69.6,    69.3,    82.8,    46.1,    66.2,    65.9,    76.6,    47.5,    69.6,    69.3,    82.8,    46.1,    66.2,    65.9,    76.6,     0.0,     0.0,     0.0,     0.0,     0.0,     0.0,     0.0,     0.0,Megawatt Hours (MWh),064EVH,NODX,064 
PJM.PEPCO_month_off_dap - NODAL EXCHANGE,260825,2026-08-25,064EVH,NODX,01,064 ,   23717,     875,    8652,      30,   20786,   13505,   21691,   22187,    2026,    1530,   23717,     875,    8652,      30,   20786,   13505,   21691,   22187,    2026,    1530,       0,       0,       0,       0,       0,       0,       0,       0,       0,       0,    1246,       0,     230,       0,    1426,     956,    1426,    1186,    -180,      60,  100.0,    3.7,   36.5,    0.1,   87.6,   56.9,   91.5,   93.5,    8.5,    6.5,  100.0,    3.7,   36.5,    0.1,   87.6,   56.9,   91.5,   93.5,    8.5,    6.5,    0.0,    0.0,    0.0,    0.0,    0.0,    0.0,    0.0,    0.0,    0.0,    0.0,     30,      2,      3,      1,     23,     14,     25,     18,     30,      2,      3,      1,     23,     14,     25,     18,      0,      0,      0,      0,      0,      0,      0,      0,    47.5,    70.7,    68.7,    82.9,    45.9,    66.9,    64.7,    76.2,    47.5,    70.7,    68.7,    82.9,    45.9,    66.9,    64.7,    76.2,     0.0,     0.0,     0.0,     0.0,     0.0,     0.0,     0.0,     0.0,Megawatt Hours (MWh),064EVH,NODX,064 
PJM.PEPCO_month_on_dap - NODAL EXCHANGE,260818,2026-08-18,064EVG,NODX,01,064 ,   22471,     875,    8422,      30,   19360,   12549,   20265,   21001,    2206,    1470,   22471,     875,    8422,      30,   19360,   12549,   20265,   21001,    2206,    1470,       0,       0,       0,       0,       0,       0,       0,       0,       0,       0,     860,     150,    -270,      30,     327,     937,     507,     697,     353,     163,  100.0,    3.9,   37.5,    0.1,   86.2,   55.8,   90.2,   93.5,    9.8,    6.5,  100.0,    3.9,   37.5,    0.1,   86.2,   55.8,   90.2,   93.5,    9.8,    6.5,    0.0,    0.0,    0.0,    0.0,    0.0,    0.0,    0.0,    0.0,    0.0,    0.0,     29,      2,      3,      1,     22,     14,     24,     18,     29,      2,      3,      1,     22,     14,     24,     18,      0,      0,      0,      0,      0,      0,      0,      0,    47.5,    69.6,    69.3,    82.8,    46.1,    66.2,    65.9,    76.6,    47.5,    69.6,    69.3,    82.8,    46.1,    66.2,    65.9,    76.6,     0.0,     0.0,     0.0,     0.0,     0.0,     0.0,     0.0,     0.0,Megawatt Hours (MWh),064EVG,NODX,064 
PJM.PEPCO_month_on_dap - NODAL EXCHANGE,260825,2026-08-25,064EVG,NODX,01,064 ,   23717,     875,    8652,      30,   20786,   13505,   21691,   22187,    2026,    1530,   23717,     875,    8652,      30,   20786,   13505,   21691,   22187,    2026,    1530,       0,       0,       0,       0,       0,       0,       0,       0,       0,       0,    1246,       0,     230,       0,    1426,     956,    1426,    1186,    -180,      60,  100.0,    3.7,   36.5,    0.1,   87.6,   56.9,   91.5,   93.5,    8.5,    6.5,  100.0,    3.7,   36.5,    0.1,   87.6,   56.9,   91.5,   93.5,    8.5,    6.5,    0.0,    0.0,    0.0,    0.0,    0.0,    0.0,    0.0,    0.0,    0.0,    0.0,     30,      2,      3,      1,     23,     14,     25,     18,     30,      2,      3,      1,     23,     14,     25,     18,      0,      0,      0,      0,      0,      0,      0,      0,    47.5,    70.7,    68.7,    82.9,    45.9,    66.9,    64.7,    76.2,    47.5,    70.7,    68.7,    82.9,    45.9,    66.9,    64.7,    76.2,     0.0,     0.0,     0.0,     0.0,     0.0,     0.0,     0.0,     0.0,Megawatt Hours (MWh),064EVG,NODX,064 
PJM.PPL_month_off_dap - NODAL EXCHANGE,260818,2026-08-18,064EWV,NODX,01,064 ,   63098,    2480,    2535,     385,   57865,   58178,   60730,   61098,    2368,    2000,   63098,    2480,    2535,     385,   57865,   58178,   60730,   61098,    2368,    2000,       0,       0,       0,       0,       0,       0,       0,       0,       0,       0,     -40,       0,       0,     105,    -220,    -230,    -115,    -125,      75,      85,  100.0,    3.9,    4.0,    0.6,   91.7,   92.2,   96.2,   96.8,    3.8,    3.2,  100.0,    3.9,    4.0,    0.6,   91.7,   92.2,   96.2,   96.8,    3.8,    3.2,    0.0,    0.0,    0.0,    0.0,    0.0,    0.0,    0.0,    0.0,    0.0,    0.0,     38,      5,      1,      4,     26,     19,     32,     23,     38,      5,      1,      4,     26,     19,     32,     23,      0,      0,      0,      0,      0,      0,      0,      0,    64.3,    59.4,    76.9,    78.3,    63.5,    57.8,    75.0,    74.9,    64.3,    59.4,    76.9,    78.3,    63.5,    57.8,    75.0,    74.9,     0.0,     0.0,     0.0,     0.0,     0.0,     0.0,     0.0,     0.0,Megawatt Hours (MWh),064EWV,NODX,064 
PJM.PPL_month_off_dap - NODAL EXCHANGE,260825,2026-08-25,064EWV,NODX,01,064 ,   63038,    2480,    2535,     510,   58160,   58473,   61150,   61518,    1888,    1520,   63038,    2480,    2535,     510,   58160,   58473,   61150,   61518,    1888,    1520,       0,       0,       0,       0,       0,       0,       0,       0,       0,       0,     -60,       0,       0,     125,     295,     295,     420,     420,    -480,    -480,  100.0,    3.9,    4.0,    0.8,   92.3,   92.8,   97.0,   97.6,    3.0,    2.4,  100.0,    3.9,    4.0,    0.8,   92.3,   92.8,   97.0,   97.6,    3.0,    2.4,    0.0,    0.0,    0.0,    0.0,    0.0,    0.0,    0.0,    0.0,    0.0,    0.0,     40,      5,      1,      4,     28,     19,     34,     23,     40,      5,      1,      4,     28,     19,     34,     23,      0,      0,      0,      0,      0,      0,      0,      0,    64.4,    58.6,    77.0,    78.4,    63.6,    57.4,    75.1,    75.1,    64.4,    58.6,    77.0,    78.4,    63.6,    57.4,    75.1,    75.1,     0.0,     0.0,     0.0,     0.0,     0.0,     0.0,     0.0,     0.0,Megawatt Hours (MWh),064EWV,NODX,064 
PJM.PPL_month_on_dap - NODAL EXCHANGE,260818,2026-08-18,064EWU,NODX,01,064 ,   63250,    2480,    2770,     340,   58002,   58105,   60822,   61215,    2428,    2035,   63250,    2480,    2770,     340,   58002,   58105,   60822,   61215,    2428,    2035,       0,       0,       0,       0,       0,       0,       0,       0,       0,       0,     -40,       0,       0,     105,    -220,    -230,    -115,    -125,      75,      85,  100.0,    3.9,    4.4,    0.5,   91.7,   91.9,   96.2,   96.8,    3.8,    3.2,  100.0,    3.9,    4.4,    0.5,   91.7,   91.9,   96.2,   96.8,    3.8,    3.2,    0.0,    0.0,    0.0,    0.0,    0.0,    0.0,    0.0,    0.0,    0.0,    0.0,     38,      5,      1,      4,     27,     20,     33,     24,     38,      5,      1,      4,     27,     20,     33,     24,      0,      0,      0,      0,      0,      0,      0,      0,    63.0,    58.2,    75.8,    77.8,    62.2,    55.8,    73.8,    73.7,    63.0,    58.2,    75.8,    77.8,    62.2,    55.8,    73.8,    73.7,     0.0,     0.0,     0.0,     0.0,     0.0,     0.0,     0.0,     0.0,Megawatt Hours (MWh),064EWU,NODX,064 
PJM.PPL_month_on_dap - NODAL EXCHANGE,260825,2026-08-25,064EWU,NODX,01,064 ,   63190,    2480,    2770,     465,   58297,   58400,   61242,   61635,    1948,    1555,   63190,    2480,    2770,     465,   58297,   58400,   61242,   61635,    1948,    1555,       0,       0,       0,       0,       0,       0,       0,       0,       0,       0,     -60,       0,       0,     125,     295,     295,     420,     420,    -480,    -480,  100.0,    3.9,    4.4,    0.7,   92.3,   92.4,   96.9,   97.5,    3.1,    2.5,  100.0,    3.9,    4.4,    0.7,   92.3,   92.4,   96.9,   97.5,    3.1,    2.5,    0.0,    0.0,    0.0,    0.0,    0.0,    0.0,    0.0,    0.0,    0.0,    0.0,     40,      5,      1,      4,     29,     20,     35,     24,     40,      5,      1,      4,     29,     20,     35,     24,      0,      0,      0,      0,      0,      0,      0,      0,    63.1,    57.4,    75.8,    77.9,    62.2,    55.4,    73.9,    73.9,    63.1,    57.4,    75.8,    77.9,    62.2,    55.4,    73.9,    73.9,     0.0,     0.0,     0.0,     0.0,     0.0,     0.0,     0.0,     0.0,Megawatt Hours (MWh),064EWU,NODX,064 
PJM.PSEG_month_off_dap - NODAL EXCHANGE,260818,2026-08-18,064EXF,NODX,01,064 ,   88501,    7210,    7705,    3005,   65048,   64948,   75263,   75658,   13238,   12843,   88501,    7210,    7705,    3005,   65048,   64948,   75263,   75658,   13238,   12843,       0,       0,       0,       0,       0,       0,       0,       0,       0,       0,     206,     115,    -685,     135,    -459,     401,    -209,    -149,     415,     355,  100.0,    8.1,    8.7,    3.4,   73.5,   73.4,   85.0,   85.5,   15.0,   14.5,  100.0,    8.1,    8.7,    3.4,   73.5,   73.4,   85.0,   85.5,   15.0,   14.5,    0.0,    0.0,    0.0,    0.0,    0.0,    0.0,    0.0,    0.0,    0.0,    0.0,     40,      4,      3,      6,     28,     22,     36,     28,     40,      4,      3,      6,     28,     22,     36,     28,      0,      0,      0,      0,      0,      0,      0,      0,    34.4,    51.2,    50.4,    68.5,    30.4,    39.8,    42.1,    54.4,    34.4,    51.2,    50.4,    68.5,    30.4,    39.8,    42.1,    54.4,     0.0,     0.0,     0.0,     0.0,     0.0,     0.0,     0.0,     0.0,Megawatt Hours (MWh),064EXF,NODX,064 
PJM.PSEG_month_off_dap - NODAL EXCHANGE,260825,2026-08-25,064EXF,NODX,01,064 ,   88681,    7210,    7225,    3075,   64628,   64888,   74913,   75188,   13768,   13493,   88681,    7210,    7225,    3075,   64628,   64888,   74913,   75188,   13768,   13493,       0,       0,       0,       0,       0,       0,       0,       0,       0,       0,     180,       0,    -480,      70,    -420,     -60,    -350,    -470,     530,     650,  100.0,    8.1,    8.1,    3.5,   72.9,   73.2,   84.5,   84.8,   15.5,   15.2,  100.0,    8.1,    8.1,    3.5,   72.9,   73.2,   84.5,   84.8,   15.5,   15.2,    0.0,    0.0,    0.0,    0.0,    0.0,    0.0,    0.0,    0.0,    0.0,    0.0,     40,      4,      3,      6,     28,     22,     36,     28,     40,      4,      3,      6,     28,     22,     36,     28,      0,      0,      0,      0,      0,      0,      0,      0,    34.3,    51.0,    50.0,    67.7,    30.3,    39.5,    41.5,    53.6,    34.3,    51.0,    50.0,    67.7,    30.3,    39.5,    41.5,    53.6,     0.0,     0.0,     0.0,     0.0,     0.0,     0.0,     0.0,     0.0,Megawatt Hours (MWh),064EXF,NODX,064 
PJM.WESTERN HUB DAP - NODAL EXCHANGE,260818,2026-08-18,064FHK,NODX,01,064 ,  256878,   11227,   30403,    4011,  180199,  161138,  195437,  195552,   61441,   61326,  256878,   11227,   30403,    4011,  180199,  161138,  195437,  195552,   61441,   61326,       0,       0,       0,       0,       0,       0,       0,       0,       0,       0,     807,    -180,    1188,    -180,    1185,     -63,     825,     945,     -18,    -138,  100.0,    4.4,   11.8,    1.6,   70.1,   62.7,   76.1,   76.1,   23.9,   23.9,  100.0,    4.4,   11.8,    1.6,   70.1,   62.7,   76.1,   76.1,   23.9,   23.9,    0.0,    0.0,    0.0,    0.0,    0.0,    0.0,    0.0,    0.0,    0.0,    0.0,     53,      5,      7,      8,     34,     36,     43,     47,     53,      5,      7,      8,     34,     36,     43,     47,      0,      0,      0,      0,      0,      0,      0,      0,    42.6,    31.8,    55.0,    50.0,    34.0,    24.9,    43.2,    39.0,    42.6,    31.8,    55.0,    50.0,    34.0,    24.9,    43.2,    39.0,     0.0,     0.0,     0.0,     0.0,     0.0,     0.0,     0.0,     0.0,Megawatt Hours (MWh),064FHK,NODX,064 
PJM.WESTERN HUB DAP - NODAL EXCHANGE,260825,2026-08-25,064FHK,NODX,01,064 ,  257033,   11247,   30648,    3956,  181624,  162183,  196827,  196787,   60206,   60246,  257033,   11247,   30648,    3956,  181624,  162183,  196827,  196787,   60206,   60246,       0,       0,       0,       0,       0,       0,       0,       0,       0,       0,     155,      20,     245,     -55,    1425,    1045,    1390,    1235,   -1235,   -1080,  100.0,    4.4,   11.9,    1.5,   70.7,   63.1,   76.6,   76.6,   23.4,   23.4,  100.0,    4.4,   11.9,    1.5,   70.7,   63.1,   76.6,   76.6,   23.4,   23.4,    0.0,    0.0,    0.0,    0.0,    0.0,    0.0,    0.0,    0.0,    0.0,    0.0,     54,      5,      7,      8,     35,     37,     44,     48,     54,      5,      7,      8,     35,     37,     44,     48,      0,      0,      0,      0,      0,      0,      0,      0,    42.8,    31.2,    55.3,    49.8,    33.3,    24.8,    42.9,    38.3,    42.8,    31.2,    55.3,    49.8,    33.3,    24.8,    42.9,    38.3,     0.0,     0.0,     0.0,     0.0,     0.0,     0.0,     0.0,     0.0,Megawatt Hours (MWh),064FHK,NODX,064 
PJM.WESTERN HUB_month_off_dap - NODAL EXCHANGE,260818,2026-08-18,064FHL,NODX,01,064 ,  250304,    4807,   31641,    5829,  177181,  150287,  187817,  187757,   62487,   62547,  250304,    4807,   31641,    5829,  177181,  150287,  187817,  187757,   62487,   62547,       0,       0,       0,       0,       0,       0,       0,       0,       0,       0,     911,    -180,    1228,     -75,    1099,    -189,     844,     964,      67,     -53,  100.0,    1.9,   12.6,    2.3,   70.8,   60.0,   75.0,   75.0,   25.0,   25.0,  100.0,    1.9,   12.6,    2.3,   70.8,   60.0,   75.0,   75.0,   25.0,   25.0,    0.0,    0.0,    0.0,    0.0,    0.0,    0.0,    0.0,    0.0,    0.0,    0.0,     53,      5,      7,      9,     35,     36,     44,     48,     53,      5,      7,      9,     35,     36,     44,     48,      0,      0,      0,      0,      0,      0,      0,      0,    42.9,    30.3,    54.2,    48.3,    36.2,    23.8,    43.6,    38.3,    42.9,    30.3,    54.2,    48.3,    36.2,    23.8,    43.6,    38.3,     0.0,     0.0,     0.0,     0.0,     0.0,     0.0,     0.0,     0.0,Megawatt Hours (MWh),064FHL,NODX,064 
PJM.WESTERN HUB_month_off_dap - NODAL EXCHANGE,260825,2026-08-25,064FHL,NODX,01,064 ,  250699,    4877,   32091,    5754,  178832,  151403,  189463,  189248,   61236,   61451,  250699,    4877,   32091,    5754,  178832,  151403,  189463,  189248,   61236,   61451,       0,       0,       0,       0,       0,       0,       0,       0,       0,       0,     395,      70,     450,     -75,    1651,    1116,    1646,    1491,   -1251,   -1096,  100.0,    1.9,   12.8,    2.3,   71.3,   60.4,   75.6,   75.5,   24.4,   24.5,  100.0,    1.9,   12.8,    2.3,   71.3,   60.4,   75.6,   75.5,   24.4,   24.5,    0.0,    0.0,    0.0,    0.0,    0.0,    0.0,    0.0,    0.0,    0.0,    0.0,     54,      5,      7,      9,     36,     37,     45,     49,     54,      5,      7,      9,     36,     37,     45,     49,      0,      0,      0,      0,      0,      0,      0,      0,    42.5,    29.8,    54.5,    48.2,    35.6,    23.3,    43.2,    37.6,    42.5,    29.8,    54.5,    48.2,    35.6,    23.3,    43.2,    37.6,     0.0,     0.0,     0.0,     0.0,     0.0,     0.0,     0.0,     0.0,Megawatt Hours (MWh),064FHL,NODX,064 
PJM.WESTERN HUB_month_off_rtp - NODAL EXCHANGE,260818,2026-08-18,064FKF,NODX,01,064 ,  199289,   13518,   13690,    5575,  146809,  146888,  165902,  166153,   33387,   33136,  199289,   13518,   13690,    5575,  146809,  146888,  165902,  166153,   33387,   33136,       0,       0,       0,       0,       0,       0,       0,       0,       0,       0,    -508,       0,    -920,     151,   -1351,    -431,   -1200,   -1200,     692,     692,  100.0,    6.8,    6.9,    2.8,   73.7,   73.7,   83.2,   83.4,   16.8,   16.6,  100.0,    6.8,    6.9,    2.8,   73.7,   73.7,   83.2,   83.4,   16.8,   16.6,    0.0,    0.0,    0.0,    0.0,    0.0,    0.0,    0.0,    0.0,    0.0,    0.0,     50,      8,      5,      8,     32,     33,     43,     43,     50,      8,      5,      8,     32,     33,     43,     43,      0,      0,      0,      0,      0,      0,      0,      0,    36.8,    45.5,    53.8,    58.0,    31.6,    41.0,    44.5,    49.7,    36.8,    45.5,    53.8,    58.0,    31.6,    41.0,    44.5,    49.7,     0.0,     0.0,     0.0,     0.0,     0.0,     0.0,     0.0,     0.0,Megawatt Hours (MWh),064FKF,NODX,064 
PJM.WESTERN HUB_month_off_rtp - NODAL EXCHANGE,260825,2026-08-25,064FKF,NODX,01,064 ,  201444,   13146,   13570,    5740,  148219,  147966,  167105,  167276,   34339,   34168,  201444,   13146,   13570,    5740,  148219,  147966,  167105,  167276,   34339,   34168,       0,       0,       0,       0,       0,       0,       0,       0,       0,       0,    2155,    -372,    -120,     165,    1410,    1078,    1203,    1123,     952,    1032,  100.0,    6.5,    6.7,    2.8,   73.6,   73.5,   83.0,   83.0,   17.0,   17.0,  100.0,    6.5,    6.7,    2.8,   73.6,   73.5,   83.0,   83.0,   17.0,   17.0,    0.0,    0.0,    0.0,    0.0,    0.0,    0.0,    0.0,    0.0,    0.0,    0.0,     49,      7,      5,      7,     32,     33,     42,     42,     49,      7,      5,      7,     32,     33,     42,     42,      0,      0,      0,      0,      0,      0,      0,      0,    36.2,    45.6,    53.9,    58.1,    31.7,    41.1,    45.1,    49.8,    36.2,    45.6,    53.9,    58.1,    31.7,    41.1,    45.1,    49.8,     0.0,     0.0,     0.0,     0.0,     0.0,     0.0,     0.0,     0.0,Megawatt Hours (MWh),064FKF,NODX,064 
PJM.WESTERN HUB_month_on_rtp - NODAL EXCHANGE,260818,2026-08-18,064FKE,NODX,01,064 ,  241991,   11915,   18064,    4005,  197039,  190861,  212959,  212930,   29032,   29061,  241991,   11915,   18064,    4005,  197039,  190861,  212959,  212930,   29032,   29061,       0,       0,       0,       0,       0,       0,       0,       0,       0,       0,   -1031,    -235,     350,    -210,    -532,    -937,    -977,    -797,     -54,    -234,  100.0,    4.9,    7.5,    1.7,   81.4,   78.9,   88.0,   88.0,   12.0,   12.0,  100.0,    4.9,    7.5,    1.7,   81.4,   78.9,   88.0,   88.0,   12.0,   12.0,    0.0,    0.0,    0.0,    0.0,    0.0,    0.0,    0.0,    0.0,    0.0,    0.0,     51,     10,      4,      8,     31,     34,     44,     43,     51,     10,      4,      8,     31,     34,     44,     43,      0,      0,      0,      0,      0,      0,      0,      0,    36.1,    48.3,    57.0,    64.2,    33.4,    42.7,    50.2,    54.2,    36.1,    48.3,    57.0,    64.2,    33.4,    42.7,    50.2,    54.2,     0.0,     0.0,     0.0,     0.0,     0.0,     0.0,     0.0,     0.0,Megawatt Hours (MWh),064FKE,NODX,064 
PJM.WESTERN HUB_month_on_rtp - NODAL EXCHANGE,260825,2026-08-25,064FKE,NODX,01,064 ,  244855,   11933,   18089,    4398,  199172,  192802,  215503,  215289,   29352,   29566,  244855,   11933,   18089,    4398,  199172,  192802,  215503,  215289,   29352,   29566,       0,       0,       0,       0,       0,       0,       0,       0,       0,       0,    2864,      18,      25,     393,    2133,    1941,    2544,    2359,     320,     505,  100.0,    4.9,    7.4,    1.8,   81.3,   78.7,   88.0,   87.9,   12.0,   12.1,  100.0,    4.9,    7.4,    1.8,   81.3,   78.7,   88.0,   87.9,   12.0,   12.1,    0.0,    0.0,    0.0,    0.0,    0.0,    0.0,    0.0,    0.0,    0.0,    0.0,     52,      9,      5,      8,     33,     34,     46,     43,     52,      9,      5,      8,     33,     34,     46,     43,      0,      0,      0,      0,      0,      0,      0,      0,    35.4,    48.0,    57.6,    63.6,    32.7,    42.2,    50.6,    54.0,    35.4,    48.0,    57.6,    63.6,    32.7,    42.2,    50.6,    54.0,     0.0,     0.0,     0.0,     0.0,     0.0,     0.0,     0.0,     0.0,Megawatt Hours (MWh),064FKE,NODX,064 
PLATINUM - NEW YORK MERCANTILE EXCHANGE,260818,2026-08-18,076651,NYME,01,076 ,   60129,   23514,   10475,    8452,   20058,   37615,   52024,   56542,    8105,    3587,   60129,   23514,   10475,    8452,   20058,   37615,   52024,   56542,    8105,    3587,       0,       0,       0,       0,       0,       0,       0,       0,       0,       0,    3358,     222,     723,    2537,     679,    -178,    3438,    3082,     -80,     276,  100.0,   39.1,   17.4,   14.1,   33.4,   62.6,   86.5,   94.0,   13.5,    6.0,  100.0,   39.1,   17.4,   14.1,   33.4,   62.6,   86.5,   94.0,   13.5,    6.0,    0.0,    0.0,    0.0,    0.0,    0.0,    0.0,    0.0,    0.0,    0.0,    0.0,    206,     97,     45,     37,     31,     40,    150,    105,    206,     97,     45,     37,     31,     40,    150,    105,      0,      0,      0,      0,      0,      0,      0,      0,    19.3,    36.5,    31.4,    48.3,    18.9,    34.9,    29.5,    44.6,    19.3,    36.5,    31.4,    48.3,    18.9,    34.9,    29.5,    44.6,     0.0,     0.0,     0.0,     0.0,     0.0,     0.0,     0.0,     0.0,(CONTRACTS OF 50 TROY OUNCES),076651,NYME,076 
PLATINUM - NEW YORK MERCANTILE EXCHANGE,260825,2026-08-25,076651,NYME,01,076 ,   64648,   26947,   11561,    9575,   20589,   40169,   57111,   61305,    7537,    3343,   64648,   26947,   11561,    9575,   20589,   40169,   57111,   61305,    7537,    3343,       0,       0,       0,       0,       0,       0,       0,       0,       0,       0,    4519,    3433,    1086,    1123,     531,    2554,    5087,    4763,    -568,    -244,  100.0,   41.7,   17.9,   14.8,   31.8,   62.1,   88.3,   94.8,   11.7,    5.2,  100.0,   41.7,   17.9,   14.8,   31.8,   62.1,   88.3,   94.8,   11.7,    5.2,    0.0,    0.0,    0.0,    0.0,    0.0,    0.0,    0.0,    0.0,    0.0,    0.0,    217,    102,     48,     37,     34,     42,    156,    111,    217,    102,     48,     37,     34,     42,    156,    111,      0,      0,      0,      0,      0,      0,      0,      0,    19.1,    34.8,    30.2,    48.9,    18.4,    33.3,    27.9,    43.9,    19.1,    34.8,    30.2,    48.9,    18.4,    33.3,    27.9,    43.9,     0.0,     0.0,     0.0,     0.0,     0.0,     0.0,     0.0,     0.0,(CONTRACTS OF 50 TROY OUNCES),076651,NYME,076 
"POLKADOT PERP STYLE - COINBASE DERIVATIVES, LLC",260818,2026-08-18,169LM2,FREX,00,180 ,    4351,    3694,    4300,       0,       0,       0,    3694,    4300,     657,      51,    4351,    3694,    4300,       0,       0,       0,    3694,    4300,     657,      51,       0,       0,       0,       0,       0,       0,       0,       0,       0,       0,     268,     183,     299,       0,       0,       0,     183,     299,      85,     -31,  100.0,   84.9,   98.8,    0.0,    0.0,    0.0,   84.9,   98.8,   15.1,    1.2,  100.0,   84.9,   98.8,    0.0,    0.0,    0.0,   84.9,   98.8,   15.1,    1.2,    0.0,    0.0,    0.0,    0.0,    0.0,    0.0,    0.0,    0.0,    0.0,    0.0,     34,     21,     13,      0,      0,      0,     21,     13,     34,     21,     13,      0,      0,      0,     21,     13,      0,      0,      0,      0,      0,      0,      0,      0,    58.6,    89.2,    68.6,    94.6,    58.6,    89.2,    68.6,    94.6,    58.6,    89.2,    68.6,    94.6,    58.6,    89.2,    68.6,    94.6,     0.0,     0.0,     0.0,     0.0,     0.0,     0.0,     0.0,     0.0,(100 Polkadot),169LM2,FREX,180 
"POLKADOT PERP STYLE - COINBASE DERIVATIVES, LLC",260825,2026-08-25,169LM2,FREX,00,180 ,    3833,    3264,    3763,       0,       0,       0,    3264,    3763,     569,      70,    3833,    3264,    3763,       0,       0,       0,    3264,    3763,     569,      70,       0,       0,       0,       0,       0,       0,       0,       0,       0,       0,    -518,    -430,    -537,       0,       0,       0,    -430,    -537,     -88,      19,  100.0,   85.2,   98.2,    0.0,    0.0,    0.0,   85.2,   98.2,   14.8,    1.8,  100.0,   85.2,   98.2,    0.0,    0.0,    0.0,   85.2,   98.2,   14.8,    1.8,    0.0,    0.0,    0.0,    0.0,    0.0,    0.0,    0.0,    0.0,    0.0,    0.0,     32,     21,     11,      0,      0,      0,     21,     11,     32,     21,     11,      0,      0,      0,     21,     11,      0,      0,      0,      0,      0,      0,      0,      0,    63.8,    90.2,    72.2,    95.5,    63.8,    90.2,    72.2,    95.5,    63.8,    90.2,    72.2,    95.5,    63.8,    90.2,    72.2,    95.5,     0.0,     0.0,     0.0,     0.0,     0.0,     0.0,     0.0,     0.0,(100 Polkadot),169LM2,FREX,180 
PROPANE - NEW YORK MERCANTILE EXCHANGE,260818,2026-08-18,06665O,NYME,01,066 ,  108401,    3287,   12023,   12379,   91990,   83178,  107656,  107580,     745,     821,  108401,    3287,   12023,   12379,   91990,   83178,  107656,  107580,     745,     821,       0,       0,       0,       0,       0,       0,       0,       0,       0,       0,    2807,    1108,    -481,      15,    1748,    3194,    2871,    2728,     -64,      79,  100.0,    3.0,   11.1,   11.4,   84.9,   76.7,   99.3,   99.2,    0.7,    0.8,  100.0,    3.0,   11.1,   11.4,   84.9,   76.7,   99.3,   99.2,    0.7,    0.8,    0.0,    0.0,    0.0,    0.0,    0.0,    0.0,    0.0,    0.0,    0.0,    0.0,    131,     14,     25,     19,     81,     75,    107,    108,    131,     14,     25,     19,     81,     75,    107,    108,      0,      0,      0,      0,      0,      0,      0,      0,    36.8,    25.7,    52.8,    41.4,    32.2,    22.8,    38.5,    33.3,    36.8,    25.7,    52.8,    41.4,    32.2,    22.8,    38.5,    33.3,     0.0,     0.0,     0.0,     0.0,     0.0,     0.0,     0.0,     0.0,"(CONTRACTS OF 42,000 GALLONS)",06665O,NYME,066 
PROPANE - NEW YORK MERCANTILE EXCHANGE,260825,2026-08-25,06665O,NYME,01,066 ,  111707,    3984,   11916,   12262,   94654,   86751,  110900,  110929,     807,     778,  111707,    3984,   11916,   12262,   94654,   86751,  110900,  110929,     807,     778,       0,       0,       0,       0,       0,       0,       0,       0,       0,       0,    3306,     697,    -107,    -117,    2664,    3573,    3244,    3349,      62,     -43,  100.0,    3.6,   10.7,   11.0,   84.7,   77.7,   99.3,   99.3,    0.7,    0.7,  100.0,    3.6,   10.7,   11.0,   84.7,   77.7,   99.3,   99.3,    0.7,    0.7,    0.0,    0.0,    0.0,    0.0,    0.0,    0.0,    0.0,    0.0,    0.0,    0.0,    135,     14,     26,     20,     83,     76,    111,    109,    135,     14,     26,     20,     83,     76,    111,    109,      0,      0,      0,      0,      0,      0,      0,      0,    35.8,    24.4,    52.7,    40.9,    30.8,    22.0,    37.1,    33.0,    35.8,    24.4,    52.7,    40.9,    30.8,    22.0,    37.1,    33.0,     0.0,     0.0,     0.0,     0.0,     0.0,     0.0,     0.0,     0.0,"(CONTRACTS OF 42,000 GALLONS)",06665O,NYME,066 
PROPANE ARGUS CIF ARA MINI - ICE FUTURES ENERGY DIV,260818,2026-08-18,066391,IFED,01,066 ,    6553,     220,    3820,     119,    5635,    1957,    5974,    5896,     579,     657,    6553,     220,    3820,     119,    5635,    1957,    5974,    5896,     579,     657,       0,       0,       0,       0,       0,       0,       0,       0,       0,       0,     215,     -20,      55,      15,     204,     131,     199,     201,      16,      14,  100.0,    3.4,   58.3,    1.8,   86.0,   29.9,   91.2,   90.0,    8.8,   10.0,  100.0,    3.4,   58.3,    1.8,   86.0,   29.9,   91.2,   90.0,    8.8,   10.0,    0.0,    0.0,    0.0,    0.0,    0.0,    0.0,    0.0,    0.0,    0.0,    0.0,     30,      1,      5,      1,     19,     14,     21,     19,     30,      1,      5,      1,     19,     14,     21,     19,      0,      0,      0,      0,      0,      0,      0,      0,    40.8,    63.9,    64.6,    83.2,    40.4,    63.9,    64.2,    79.6,    40.8,    63.9,    64.6,    83.2,    40.4,    63.9,    64.2,    79.6,     0.0,     0.0,     0.0,     0.0,     0.0,     0.0,     0.0,     0.0,100 metric tonnes,066391,IFED,066 
PROPANE ARGUS CIF ARA MINI - ICE FUTURES ENERGY DIV,260825,2026-08-25,066391,IFED,01,066 ,    6894,     260,    3711,     152,    5913,    2341,    6325,    6204,     569,     690,    6894,     260,    3711,     152,    5913,    2341,    6325,    6204,     569,     690,       0,       0,       0,       0,       0,       0,       0,       0,       0,       0,     341,      40,    -109,      33,     278,     384,     351,     308,     -10,      33,  100.0,    3.8,   53.8,    2.2,   85.8,   34.0,   91.7,   90.0,    8.3,   10.0,  100.0,    3.8,   53.8,    2.2,   85.8,   34.0,   91.7,   90.0,    8.3,   10.0,    0.0,    0.0,    0.0,    0.0,    0.0,    0.0,    0.0,    0.0,    0.0,    0.0,     31,      2,      5,      2,     19,     15,     23,     20,     31,      2,      5,      2,     19,     15,     23,     20,      0,      0,      0,      0,      0,      0,      0,      0,    38.1,    58.7,    62.0,    79.5,    37.7,    58.5,    61.6,    74.1,    38.1,    58.7,    62.0,    79.5,    37.7,    58.5,    61.6,    74.1,     0.0,     0.0,     0.0,     0.0,     0.0,     0.0,     0.0,     0.0,100 metric tonnes,066391,IFED,066 
PROPANE ARGUS FAR EAST MINI - ICE FUTURES ENERGY DIV,260818,2026-08-18,066393,IFED,01,066 ,    8008,    1630,    2232,     653,    4143,    4165,    6426,    7050,    1582,     958,    8008,    1630,    2232,     653,    4143,    4165,    6426,    7050,    1582,     958,       0,       0,       0,       0,       0,       0,       0,       0,       0,       0,     629,     272,     372,     -12,     116,     234,     376,     594,     253,      35,  100.0,   20.4,   27.9,    8.2,   51.7,   52.0,   80.2,   88.0,   19.8,   12.0,  100.0,   20.4,   27.9,    8.2,   51.7,   52.0,   80.2,   88.0,   19.8,   12.0,    0.0,    0.0,    0.0,    0.0,    0.0,    0.0,    0.0,    0.0,    0.0,    0.0,     59,     12,      9,     13,     33,     27,     52,     42,     59,     12,      9,     13,     33,     27,     52,     42,      0,      0,      0,      0,      0,      0,      0,      0,    18.3,    51.7,    32.1,    63.0,    17.1,    46.9,    28.3,    54.7,    18.3,    51.7,    32.1,    63.0,    17.1,    46.9,    28.3,    54.7,     0.0,     0.0,     0.0,     0.0,     0.0,     0.0,     0.0,     0.0,100  metric tonnes,066393,IFED,066 
PROPANE ARGUS FAR EAST MINI - ICE FUTURES ENERGY DIV,260825,2026-08-25,066393,IFED,01,066 ,    9286,    1850,    2728,     678,    4886,    4847,    7414,    8253,    1872,    1033,    9286,    1850,    2728,     678,    4886,    4847,    7414,    8253,    1872,    1033,       0,       0,       0,       0,       0,       0,       0,       0,       0,       0,    1278,     220,     496,      25,     743,     682,     988,    1203,     290,      75,  100.0,   19.9,   29.4,    7.3,   52.6,   52.2,   79.8,   88.9,   20.2,   11.1,  100.0,   19.9,   29.4,    7.3,   52.6,   52.2,   79.8,   88.9,   20.2,   11.1,    0.0,    0.0,    0.0,    0.0,    0.0,    0.0,    0.0,    0.0,    0.0,    0.0,     64,     13,      9,     16,     35,     29,     55,     48,     64,     13,      9,     16,     35,     29,     55,     48,      0,      0,      0,      0,      0,      0,      0,      0,    16.7,    53.0,    29.9,    63.5,    15.0,    50.0,    26.0,    57.6,    16.7,    53.0,    29.9,    63.5,    15.0,    50.0,    26.0,    57.6,     0.0,     0.0,     0.0,     0.0,     0.0,     0.0,     0.0,     0.0,100  metric tonnes,066393,IFED,066 
PROPANE ARGUS SAUDI CP FP - ICE FUTURES ENERGY DIV,260818,2026-08-18,06641H,IFED,01,066 ,    3305,     495,     132,     187,    1199,    2567,    1881,    2886,    1424,     419,    3305,     495,     132,     187,    1199,    2567,    1881,    2886,    1424,     419,       0,       0,       0,       0,       0,       0,       0,       0,       0,       0,      70,      47,      -4,      -8,      22,     155,      61,     143,       9,     -73,  100.0,   15.0,    4.0,    5.7,   36.3,   77.7,   56.9,   87.3,   43.1,   12.7,  100.0,   15.0,    4.0,    5.7,   36.3,   77.7,   56.9,   87.3,   43.1,   12.7,    0.0,    0.0,    0.0,    0.0,    0.0,    0.0,    0.0,    0.0,    0.0,    0.0,     24,      3,      1,      2,     14,     14,     18,     16,     24,      3,      1,      2,     14,     14,     18,     16,      0,      0,      0,      0,      0,      0,      0,      0,    30.2,    49.1,    44.7,    73.3,    27.8,    48.7,    39.8,    67.7,    30.2,    49.1,    44.7,    73.3,    27.8,    48.7,    39.8,    67.7,     0.0,     0.0,     0.0,     0.0,     0.0,     0.0,     0.0,     0.0,1000 Metric  Tonnes,06641H,IFED,066 
PROPANE ARGUS SAUDI CP FP - ICE FUTURES ENERGY DIV,260825,2026-08-25,06641H,IFED,01,066 ,    3634,     565,     202,     171,    1584,    2861,    2320,    3234,    1314,     400,    3634,     565,     202,     171,    1584,    2861,    2320,    3234,    1314,     400,       0,       0,       0,       0,       0,       0,       0,       0,       0,       0,     329,      70,      70,     -16,     385,     294,     439,     348,    -110,     -19,  100.0,   15.5,    5.6,    4.7,   43.6,   78.7,   63.8,   89.0,   36.2,   11.0,  100.0,   15.5,    5.6,    4.7,   43.6,   78.7,   63.8,   89.0,   36.2,   11.0,    0.0,    0.0,    0.0,    0.0,    0.0,    0.0,    0.0,    0.0,    0.0,    0.0,     30,      4,      2,      3,     18,     17,     23,     21,     30,      4,      2,      3,     18,     17,     23,     21,      0,      0,      0,      0,      0,      0,      0,      0,    28.1,    46.3,    44.3,    68.8,    26.6,    46.0,    40.0,    64.2,    28.1,    46.3,    44.3,    68.8,    26.6,    46.0,    40.0,    64.2,     0.0,     0.0,     0.0,     0.0,     0.0,     0.0,     0.0,     0.0,1000 Metric  Tonnes,06641H,IFED,066 
PROPANE ARGUS SAUDI CP MINI - ICE FUTURES ENERGY DIV,260825,2026-08-25,06639H,IFED,01,066 ,    2833,     245,    1193,     164,    1586,     781,    1995,    2138,     838,     695,    2833,     245,    1193,     164,    1586,     781,    1995,    2138,     838,     695,       0,       0,       0,       0,       0,       0,       0,       0,       0,       0,.,.,.,.,.,.,.,.,.,.,  100.0,    8.6,   42.1,    5.8,   56.0,   27.6,   70.4,   75.5,   29.6,   24.5,  100.0,    8.6,   42.1,    5.8,   56.0,   27.6,   70.4,   75.5,   29.6,   24.5,    0.0,    0.0,    0.0,    0.0,    0.0,    0.0,    0.0,    0.0,    0.0,    0.0,     20,      2,      5,      4,     11,      6,     17,     12,     20,      2,      5,      4,     11,      6,     17,     12,      0,      0,      0,      0,      0,      0,      0,      0,    45.5,    47.6,    58.8,    65.8,    43.0,    40.5,    52.0,    55.4,    45.5,    47.6,    58.8,    65.8,    43.0,    40.5,    52.0,    55.4,     0.0,     0.0,     0.0,     0.0,     0.0,     0.0,     0.0,     0.0,100 Metric  Tonnes,06639H,IFED,066 
PROPANE NON-LDH MT BEL - NEW YORK MERCANTILE EXCHANGE,260818,2026-08-18,06665G,NYME,01,066 ,   27916,    2423,     266,    1499,   23468,   25523,   27390,   27288,     526,     628,   27916,    2423,     266,    1499,   23468,   25523,   27390,   27288,     526,     628,       0,       0,       0,       0,       0,       0,       0,       0,       0,       0,    1210,     105,     216,     -50,    1130,    1044,    1185,    1210,      25,       0,  100.0,    8.7,    1.0,    5.4,   84.1,   91.4,   98.1,   97.8,    1.9,    2.2,  100.0,    8.7,    1.0,    5.4,   84.1,   91.4,   98.1,   97.8,    1.9,    2.2,    0.0,    0.0,    0.0,    0.0,    0.0,    0.0,    0.0,    0.0,    0.0,    0.0,     54,      4,      2,      3,     33,     33,     38,     37,     54,      4,      2,      3,     33,     33,     38,     37,      0,      0,      0,      0,      0,      0,      0,      0,    34.8,    41.1,    56.0,    58.8,    32.9,    41.1,    50.7,    56.5,    34.8,    41.1,    56.0,    58.8,    32.9,    41.1,    50.7,    56.5,     0.0,     0.0,     0.0,     0.0,     0.0,     0.0,     0.0,     0.0,"(CONTRACTS OF 42,000 GALLONS)",06665G,NYME,066 
PROPANE NON-LDH MT BEL - NEW YORK MERCANTILE EXCHANGE,260825,2026-08-25,06665G,NYME,01,066 ,   29443,    2538,     418,    1703,   24685,   26649,   28926,   28770,     517,     673,   29443,    2538,     418,    1703,   24685,   26649,   28926,   28770,     517,     673,       0,       0,       0,       0,       0,       0,       0,       0,       0,       0,    1527,     115,     152,     204,    1217,    1126,    1536,    1482,      -9,      45,  100.0,    8.6,    1.4,    5.8,   83.8,   90.5,   98.2,   97.7,    1.8,    2.3,  100.0,    8.6,    1.4,    5.8,   83.8,   90.5,   98.2,   97.7,    1.8,    2.3,    0.0,    0.0,    0.0,    0.0,    0.0,    0.0,    0.0,    0.0,    0.0,    0.0,     57,      4,      3,      3,     35,     33,     41,     37,     57,      4,      3,      3,     35,     33,     41,     37,      0,      0,      0,      0,      0,      0,      0,      0,    33.1,    39.5,    53.1,    57.5,    32.0,    39.5,    46.9,    54.7,    33.1,    39.5,    53.1,    57.5,    32.0,    39.5,    46.9,    54.7,     0.0,     0.0,     0.0,     0.0,     0.0,     0.0,     0.0,     0.0,"(CONTRACTS OF 42,000 GALLONS)",06665G,NYME,066 
PROPANE OPIS CONWAY INWELL FP - ICE FUTURES ENERGY DIV,260818,2026-08-18,06641E,IFED,01,066 ,   12300,    1924,     685,    1284,    8739,    9942,   11947,   11911,     353,     389,   12300,    1924,     685,    1284,    8739,    9942,   11947,   11911,     353,     389,       0,       0,       0,       0,       0,       0,       0,       0,       0,       0,     900,      15,       0,     172,     773,     765,     960,     937,     -60,     -37,  100.0,   15.6,    5.6,   10.4,   71.0,   80.8,   97.1,   96.8,    2.9,    3.2,  100.0,   15.6,    5.6,   10.4,   71.0,   80.8,   97.1,   96.8,    2.9,    3.2,    0.0,    0.0,    0.0,    0.0,    0.0,    0.0,    0.0,    0.0,    0.0,    0.0,     35,      3,      4,      5,     27,     24,     32,     31,     35,      3,      4,      5,     27,     24,     32,     31,      0,      0,      0,      0,      0,      0,      0,      0,    55.5,    49.2,    69.1,    74.0,    45.9,    41.9,    55.6,    56.7,    55.5,    49.2,    69.1,    74.0,    45.9,    41.9,    55.6,    56.7,     0.0,     0.0,     0.0,     0.0,     0.0,     0.0,     0.0,     0.0,42000 gallons(1000 barrels),06641E,IFED,066 
PROPANE OPIS CONWAY INWELL FP - ICE FUTURES ENERGY DIV,260825,2026-08-25,06641E,IFED,01,066 ,   12465,    2050,     755,    1172,    8902,   10131,   12124,   12058,     341,     407,   12465,    2050,     755,    1172,    8902,   10131,   12124,   12058,     341,     407,       0,       0,       0,       0,       0,       0,       0,       0,       0,       0,     165,     126,      70,    -112,     163,     189,     177,     147,     -12,      18,  100.0,   16.4,    6.1,    9.4,   71.4,   81.3,   97.3,   96.7,    2.7,    3.3,  100.0,   16.4,    6.1,    9.4,   71.4,   81.3,   97.3,   96.7,    2.7,    3.3,    0.0,    0.0,    0.0,    0.0,    0.0,    0.0,    0.0,    0.0,    0.0,    0.0,     35,      3,      4,      5,     27,     25,     32,     32,     35,      3,      4,      5,     27,     25,     32,     32,      0,      0,      0,      0,      0,      0,      0,      0,    55.6,    50.2,    68.9,    74.6,    49.4,    42.1,    59.0,    57.8,    55.6,    50.2,    68.9,    74.6,    49.4,    42.1,    59.0,    57.8,     0.0,     0.0,     0.0,     0.0,     0.0,     0.0,     0.0,     0.0,42000 gallons(1000 barrels),06641E,IFED,066 
PROPANE OPIS MT BELV NONTET FP - ICE FUTURES ENERGY DIV,260818,2026-08-18,06641F,IFED,01,066 ,  102691,   18026,    5222,    8377,   76080,   88304,  102483,  101903,     208,     788,  102691,   18026,    5222,    8377,   76080,   88304,  102483,  101903,     208,     788,       0,       0,       0,       0,       0,       0,       0,       0,       0,       0,    8778,    -479,    -163,    3998,    5259,    4895,    8778,    8730,       0,      48,  100.0,   17.6,    5.1,    8.2,   74.1,   86.0,   99.8,   99.2,    0.2,    0.8,  100.0,   17.6,    5.1,    8.2,   74.1,   86.0,   99.8,   99.2,    0.2,    0.8,    0.0,    0.0,    0.0,    0.0,    0.0,    0.0,    0.0,    0.0,    0.0,    0.0,     76,      7,      6,      6,     42,     47,     52,     56,     76,      7,      6,      6,     42,     47,     52,     56,      0,      0,      0,      0,      0,      0,      0,      0,    55.6,    31.2,    74.5,    56.3,    49.8,    27.7,    64.6,    50.4,    55.6,    31.2,    74.5,    56.3,    49.8,    27.7,    64.6,    50.4,     0.0,     0.0,     0.0,     0.0,     0.0,     0.0,     0.0,     0.0,42000 gallons(1000 barrels),06641F,IFED,066 
PROPANE OPIS MT BELV NONTET FP - ICE FUTURES ENERGY DIV,260825,2026-08-25,06641F,IFED,01,066 ,  107366,   18225,    5840,    8963,   79813,   91775,  107001,  106578,     365,     788,  107366,   18225,    5840,    8963,   79813,   91775,  107001,  106578,     365,     788,       0,       0,       0,       0,       0,       0,       0,       0,       0,       0,    4675,     199,     618,     586,    3733,    3471,    4518,    4675,     157,       0,  100.0,   17.0,    5.4,    8.3,   74.3,   85.5,   99.7,   99.3,    0.3,    0.7,  100.0,   17.0,    5.4,    8.3,   74.3,   85.5,   99.7,   99.3,    0.3,    0.7,    0.0,    0.0,    0.0,    0.0,    0.0,    0.0,    0.0,    0.0,    0.0,    0.0,     78,      8,      7,      6,     41,     44,     53,     53,     78,      8,      7,      6,     41,     44,     53,     53,      0,      0,      0,      0,      0,      0,      0,      0,    54.9,    31.6,    73.4,    56.2,    48.8,    27.8,    63.8,    50.4,    54.9,    31.6,    73.4,    56.2,    48.8,    27.8,    63.8,    50.4,     0.0,     0.0,     0.0,     0.0,     0.0,     0.0,     0.0,     0.0,42000 gallons(1000 barrels),06641F,IFED,066 
PROPANE OPIS MT BELVIEU TET FP - ICE FUTURES ENERGY DIV,260818,2026-08-18,06641G,IFED,01,066 ,  169862,   29710,   30575,   17364,  122224,  121500,  169298,  169439,     564,     423,  169862,   29710,   30575,   17364,  122224,  121500,  169298,  169439,     564,     423,       0,       0,       0,       0,       0,       0,       0,       0,       0,       0,    3759,   -1594,    -790,    2218,    3077,    2343,    3701,    3771,      58,     -12,  100.0,   17.5,   18.0,   10.2,   72.0,   71.5,   99.7,   99.8,    0.3,    0.2,  100.0,   17.5,   18.0,   10.2,   72.0,   71.5,   99.7,   99.8,    0.3,    0.2,    0.0,    0.0,    0.0,    0.0,    0.0,    0.0,    0.0,    0.0,    0.0,    0.0,    137,     14,     23,     24,     83,     90,    108,    126,    137,     14,     23,     24,     83,     90,    108,    126,      0,      0,      0,      0,      0,      0,      0,      0,    29.6,    32.4,    45.9,    45.3,    29.4,    24.9,    42.9,    35.7,    29.6,    32.4,    45.9,    45.3,    29.4,    24.9,    42.9,    35.7,     0.0,     0.0,     0.0,     0.0,     0.0,     0.0,     0.0,     0.0,42000 gallons(1000 barrels),06641G,IFED,066 
PROPANE OPIS MT BELVIEU TET FP - ICE FUTURES ENERGY DIV,260825,2026-08-25,06641G,IFED,01,066 ,  174252,   29346,   31279,   18627,  125651,  123874,  173624,  173780,     628,     472,  174252,   29346,   31279,   18627,  125651,  123874,  173624,  173780,     628,     472,       0,       0,       0,       0,       0,       0,       0,       0,       0,       0,    4390,    -364,     704,    1263,    3427,    2374,    4326,    4341,      64,      49,  100.0,   16.8,   18.0,   10.7,   72.1,   71.1,   99.6,   99.7,    0.4,    0.3,  100.0,   16.8,   18.0,   10.7,   72.1,   71.1,   99.6,   99.7,    0.4,    0.3,    0.0,    0.0,    0.0,    0.0,    0.0,    0.0,    0.0,    0.0,    0.0,    0.0,    136,     11,     25,     25,     81,     90,    107,    125,    136,     11,     25,     25,     81,     90,    107,    125,      0,      0,      0,      0,      0,      0,      0,      0,    29.3,    32.0,    45.4,    45.7,    29.2,    24.1,    42.3,    35.9,    29.3,    32.0,    45.4,    45.7,    29.2,    24.1,    42.3,    35.9,     0.0,     0.0,     0.0,     0.0,     0.0,     0.0,     0.0,     0.0,42000 gallons(1000 barrels),06641G,IFED,066 
"PROPANE,OPIS MT B TET/AFEI - ICE FUTURES ENERGY DIV",260818,2026-08-18,06639W,IFED,01,066 ,    4118,     374,    1373,     486,    2310,    1565,    3170,    3424,     948,     694,    4118,     374,    1373,     486,    2310,    1565,    3170,    3424,     948,     694,       0,       0,       0,       0,       0,       0,       0,       0,       0,       0,.,.,.,.,.,.,.,.,.,.,  100.0,    9.1,   33.3,   11.8,   56.1,   38.0,   77.0,   83.1,   23.0,   16.9,  100.0,    9.1,   33.3,   11.8,   56.1,   38.0,   77.0,   83.1,   23.0,   16.9,    0.0,    0.0,    0.0,    0.0,    0.0,    0.0,    0.0,    0.0,    0.0,    0.0,     20,      4,      5,      7,      9,      8,     18,     15,     20,      4,      5,      7,      9,      8,     18,     15,      0,      0,      0,      0,      0,      0,      0,      0,    48.7,    65.9,    64.3,    77.7,    46.7,    62.7,    57.6,    66.0,    48.7,    65.9,    64.3,    77.7,    46.7,    62.7,    57.6,    66.0,     0.0,     0.0,     0.0,     0.0,     0.0,     0.0,     0.0,     0.0,1000 Metric Tonnes,06639W,IFED,066 
"PROPANE,OPIS MT B TET/AFEI - ICE FUTURES ENERGY DIV",260825,2026-08-25,06639W,IFED,01,066 ,    4293,     439,    1470,     473,    2521,    1565,    3433,    3508,     860,     785,    4293,     439,    1470,     473,    2521,    1565,    3433,    3508,     860,     785,       0,       0,       0,       0,       0,       0,       0,       0,       0,       0,     175,      65,      97,     -13,     211,       0,     263,      84,     -88,      91,  100.0,   10.2,   34.2,   11.0,   58.7,   36.5,   80.0,   81.7,   20.0,   18.3,  100.0,   10.2,   34.2,   11.0,   58.7,   36.5,   80.0,   81.7,   20.0,   18.3,    0.0,    0.0,    0.0,    0.0,    0.0,    0.0,    0.0,    0.0,    0.0,    0.0,     23,      5,      5,      7,     11,      9,     21,     16,     23,      5,      5,      7,     11,      9,     21,     16,      0,      0,      0,      0,      0,      0,      0,      0,    47.1,    67.5,    62.1,    78.2,    45.2,    64.8,    57.6,    68.2,    47.1,    67.5,    62.1,    78.2,    45.2,    64.8,    57.6,    68.2,     0.0,     0.0,     0.0,     0.0,     0.0,     0.0,     0.0,     0.0,1000 Metric Tonnes,06639W,IFED,066 
REX ZONE 3 BASIS - ICE FUTURES ENERGY DIV,260818,2026-08-18,0233EB,IFED,01,023 ,  274909,   16525,   12630,    8458,  243500,  247793,  268483,  268881,    6426,    6028,  274909,   16525,   12630,    8458,  243500,  247793,  268483,  268881,    6426,    6028,       0,       0,       0,       0,       0,       0,       0,       0,       0,       0,   12892,    5426,    2088,    -573,    7431,   10999,   12284,   12514,     608,     378,  100.0,    6.0,    4.6,    3.1,   88.6,   90.1,   97.7,   97.8,    2.3,    2.2,  100.0,    6.0,    4.6,    3.1,   88.6,   90.1,   97.7,   97.8,    2.3,    2.2,    0.0,    0.0,    0.0,    0.0,    0.0,    0.0,    0.0,    0.0,    0.0,    0.0,     60,      4,      7,      7,     32,     39,     40,     49,     60,      4,      7,      7,     32,     39,     40,     49,      0,      0,      0,      0,      0,      0,      0,      0,    37.1,    33.5,    57.2,    49.9,    35.7,    30.8,    51.0,    45.6,    37.1,    33.5,    57.2,    49.9,    35.7,    30.8,    51.0,    45.6,     0.0,     0.0,     0.0,     0.0,     0.0,     0.0,     0.0,     0.0,2500 MMBtus,0233EB,IFED,023 
REX ZONE 3 BASIS - ICE FUTURES ENERGY DIV,260825,2026-08-25,0233EB,IFED,01,023 ,  283416,   18896,   13741,    7376,  250756,  256428,  277028,  277545,    6388,    5871,  283416,   18896,   13741,    7376,  250756,  256428,  277028,  277545,    6388,    5871,       0,       0,       0,       0,       0,       0,       0,       0,       0,       0,    8507,    2371,    1111,   -1082,    7256,    8635,    8545,    8664,     -38,    -157,  100.0,    6.7,    4.8,    2.6,   88.5,   90.5,   97.7,   97.9,    2.3,    2.1,  100.0,    6.7,    4.8,    2.6,   88.5,   90.5,   97.7,   97.9,    2.3,    2.1,    0.0,    0.0,    0.0,    0.0,    0.0,    0.0,    0.0,    0.0,    0.0,    0.0,     62,      5,      7,      6,     33,     39,     40,     50,     62,      5,      7,      6,     33,     39,     40,     50,      0,      0,      0,      0,      0,      0,      0,      0,    37.2,    32.5,    56.9,    49.5,    34.7,    29.9,    50.3,    44.9,    37.2,    32.5,    56.9,    49.5,    34.7,    29.9,    50.3,    44.9,     0.0,     0.0,     0.0,     0.0,     0.0,     0.0,     0.0,     0.0,2500 MMBtus,0233EB,IFED,023 
REX ZONE 3 INDEX - ICE FUTURES ENERGY DIV,260818,2026-08-18,0233ED,IFED,01,023 ,   48003,    2498,    1147,       0,   43919,   45198,   46417,   46345,    1586,    1658,   48003,    2498,    1147,       0,   43919,   45198,   46417,   46345,    1586,    1658,       0,       0,       0,       0,       0,       0,       0,       0,       0,       0,    7972,     360,   -1020,       0,    6770,    8872,    7130,    7852,     842,     120,  100.0,    5.2,    2.4,    0.0,   91.5,   94.2,   96.7,   96.5,    3.3,    3.5,  100.0,    5.2,    2.4,    0.0,   91.5,   94.2,   96.7,   96.5,    3.3,    3.5,    0.0,    0.0,    0.0,    0.0,    0.0,    0.0,    0.0,    0.0,    0.0,    0.0,     26,      3,      1,      0,     15,     19,     18,     20,     26,      3,      1,      0,     15,     19,     18,     20,      0,      0,      0,      0,      0,      0,      0,      0,    71.4,    47.7,    85.9,    70.6,    57.3,    36.3,    65.4,    55.9,    71.4,    47.7,    85.9,    70.6,    57.3,    36.3,    65.4,    55.9,     0.0,     0.0,     0.0,     0.0,     0.0,     0.0,     0.0,     0.0,2500 MMBtus,0233ED,IFED,023 
REX ZONE 3 INDEX - ICE FUTURES ENERGY DIV,260825,2026-08-25,0233ED,IFED,01,023 ,   52325,    2858,    1147,       0,   48095,   49343,   50953,   50490,    1372,    1835,   52325,    2858,    1147,       0,   48095,   49343,   50953,   50490,    1372,    1835,       0,       0,       0,       0,       0,       0,       0,       0,       0,       0,    4322,     360,       0,       0,    4176,    4145,    4536,    4145,    -214,     177,  100.0,    5.5,    2.2,    0.0,   91.9,   94.3,   97.4,   96.5,    2.6,    3.5,  100.0,    5.5,    2.2,    0.0,   91.9,   94.3,   97.4,   96.5,    2.6,    3.5,    0.0,    0.0,    0.0,    0.0,    0.0,    0.0,    0.0,    0.0,    0.0,    0.0,     28,      3,      1,      0,     17,     20,     20,     21,     28,      3,      1,      0,     17,     20,     20,     21,      0,      0,      0,      0,      0,      0,      0,      0,    69.2,    44.0,    84.8,    66.2,    57.5,    33.0,    67.3,    53.3,    69.2,    44.0,    84.8,    66.2,    57.5,    33.0,    67.3,    53.3,     0.0,     0.0,     0.0,     0.0,     0.0,     0.0,     0.0,     0.0,2500 MMBtus,0233ED,IFED,023 
RGGI V2026 - ICE FUTURES ENERGY DIV,260818,2026-08-18,0063EM,IFED,01,006 ,   57840,   13009,    5008,    2787,   41967,   50012,   57763,   57807,      77,      33,   57840,   13009,    5008,    2787,   41967,   50012,   57763,   57807,      77,      33,       0,       0,       0,       0,       0,       0,       0,       0,       0,       0,     161,    -433,       3,     229,     368,     -72,     164,     160,      -3,       1,  100.0,   22.5,    8.7,    4.8,   72.6,   86.5,   99.9,   99.9,    0.1,    0.1,  100.0,   22.5,    8.7,    4.8,   72.6,   86.5,   99.9,   99.9,    0.1,    0.1,    0.0,    0.0,    0.0,    0.0,    0.0,    0.0,    0.0,    0.0,    0.0,    0.0,     65,     25,     13,     10,     22,     13,     50,     33,     65,     25,     13,     10,     22,     13,     50,     33,      0,      0,      0,      0,      0,      0,      0,      0,    52.6,    82.7,    70.8,    91.5,    52.6,    81.8,    67.7,    87.8,    52.6,    82.7,    70.8,    91.5,    52.6,    81.8,    67.7,    87.8,     0.0,     0.0,     0.0,     0.0,     0.0,     0.0,     0.0,     0.0,"1,000 RGGI CO2 Allowances",0063EM,IFED,006 
RGGI V2026 - ICE FUTURES ENERGY DIV,260825,2026-08-25,0063EM,IFED,01,006 ,   58860,   13469,    4811,    3270,   42044,   50760,   58783,   58841,      77,      19,   58860,   13469,    4811,    3270,   42044,   50760,   58783,   58841,      77,      19,       0,       0,       0,       0,       0,       0,       0,       0,       0,       0,    1020,     460,    -197,     483,      77,     748,    1020,    1034,       0,     -14,  100.0,   22.9,    8.2,    5.6,   71.4,   86.2,   99.9,  100.0,    0.1,    0.0,  100.0,   22.9,    8.2,    5.6,   71.4,   86.2,   99.9,  100.0,    0.1,    0.0,    0.0,    0.0,    0.0,    0.0,    0.0,    0.0,    0.0,    0.0,    0.0,    0.0,     67,     26,     14,     12,     20,     16,     51,     37,     67,     26,     14,     12,     20,     16,     51,     37,      0,      0,      0,      0,      0,      0,      0,      0,    53.0,    81.6,    71.8,    90.5,    52.2,    80.7,    67.8,    86.5,    53.0,    81.6,    71.8,    90.5,    52.2,    80.7,    67.8,    86.5,     0.0,     0.0,     0.0,     0.0,     0.0,     0.0,     0.0,     0.0,"1,000 RGGI CO2 Allowances",0063EM,IFED,006 
RGGI V2027 - ICE FUTURES ENERGY DIV,260818,2026-08-18,0063F6,IFED,01,006 ,   22487,    2962,   13704,    2331,   17179,    6393,   22472,   22428,      15,      59,   22487,    2962,   13704,    2331,   17179,    6393,   22472,   22428,      15,      59,       0,       0,       0,       0,       0,       0,       0,       0,       0,       0,     165,       2,      82,      12,     151,      66,     165,     160,       0,       5,  100.0,   13.2,   60.9,   10.4,   76.4,   28.4,   99.9,   99.7,    0.1,    0.3,  100.0,   13.2,   60.9,   10.4,   76.4,   28.4,   99.9,   99.7,    0.1,    0.3,    0.0,    0.0,    0.0,    0.0,    0.0,    0.0,    0.0,    0.0,    0.0,    0.0,     34,      5,     12,      3,     10,     11,     16,     25,     34,      5,     12,      3,     10,     11,     16,     25,      0,      0,      0,      0,      0,      0,      0,      0,    67.0,    66.5,    90.4,    85.4,    64.8,    57.8,    80.8,    76.7,    67.0,    66.5,    90.4,    85.4,    64.8,    57.8,    80.8,    76.7,     0.0,     0.0,     0.0,     0.0,     0.0,     0.0,     0.0,     0.0,"(1,000 RGGI CO2 Allowances)",0063F6,IFED,006 
RGGI V2027 - ICE FUTURES ENERGY DIV,260825,2026-08-25,0063F6,IFED,01,006 ,   23433,    2232,   14040,    2868,   18318,    6488,   23418,   23396,      15,      37,   23433,    2232,   14040,    2868,   18318,    6488,   23418,   23396,      15,      37,       0,       0,       0,       0,       0,       0,       0,       0,       0,       0,     946,    -730,     336,     537,    1139,      95,     946,     968,       0,     -22,  100.0,    9.5,   59.9,   12.2,   78.2,   27.7,   99.9,   99.8,    0.1,    0.2,  100.0,    9.5,   59.9,   12.2,   78.2,   27.7,   99.9,   99.8,    0.1,    0.2,    0.0,    0.0,    0.0,    0.0,    0.0,    0.0,    0.0,    0.0,    0.0,    0.0,     36,      5,     12,      2,     11,     12,     17,     25,     36,      5,     12,      2,     11,     12,     17,     25,      0,      0,      0,      0,      0,      0,      0,      0,    66.2,    63.9,    88.7,    84.8,    64.5,    55.5,    77.2,    75.4,    66.2,    63.9,    88.7,    84.8,    64.5,    55.5,    77.2,    75.4,     0.0,     0.0,     0.0,     0.0,     0.0,     0.0,     0.0,     0.0,"(1,000 RGGI CO2 Allowances)",0063F6,IFED,006 
ROUGH RICE - CHICAGO BOARD OF TRADE,260818,2026-08-18,039601,CBT ,00,039 ,   14009,    4554,    3949,    1039,    5451,    8150,   11044,   13138,    2965,     871,   14009,    4554,    3949,    1039,    5451,    8150,   11044,   13138,    2965,     871,       0,       0,       0,       0,       0,       0,       0,       0,       0,       0,     229,     151,      69,     -20,     136,     318,     267,     367,     -38,    -138,  100.0,   32.5,   28.2,    7.4,   38.9,   58.2,   78.8,   93.8,   21.2,    6.2,  100.0,   32.5,   28.2,    7.4,   38.9,   58.2,   78.8,   93.8,   21.2,    6.2,    0.0,    0.0,    0.0,    0.0,    0.0,    0.0,    0.0,    0.0,    0.0,    0.0,     73,     26,     14,      9,     18,     21,     48,     40,     73,     26,     14,      9,     18,     21,     48,     40,      0,      0,      0,      0,      0,      0,      0,      0,    26.2,    39.4,    39.3,    58.4,    24.5,    39.1,    34.5,    55.9,    26.2,    39.4,    39.3,    58.4,    24.5,    39.1,    34.5,    55.9,     0.0,     0.0,     0.0,     0.0,     0.0,     0.0,     0.0,     0.0,"(CONTRACTS OF 200,000 POUNDS)",039601,CBT ,039 
ROUGH RICE - CHICAGO BOARD OF TRADE,260825,2026-08-25,039601,CBT ,00,039 ,   13990,    4640,    3484,     884,    5674,    8790,   11198,   13158,    2792,     832,   13990,    4640,    3484,     884,    5674,    8790,   11198,   13158,    2792,     832,       0,       0,       0,       0,       0,       0,       0,       0,       0,       0,     -19,      86,    -465,    -155,     223,     640,     154,      20,    -173,     -39,  100.0,   33.2,   24.9,    6.3,   40.6,   62.8,   80.0,   94.1,   20.0,    5.9,  100.0,   33.2,   24.9,    6.3,   40.6,   62.8,   80.0,   94.1,   20.0,    5.9,    0.0,    0.0,    0.0,    0.0,    0.0,    0.0,    0.0,    0.0,    0.0,    0.0,     74,     26,     13,      7,     20,     18,     51,     34,     74,     26,     13,      7,     20,     18,     51,     34,      0,      0,      0,      0,      0,      0,      0,      0,    27.9,    40.5,    40.3,    60.0,    24.0,    39.0,    33.8,    56.0,    27.9,    40.5,    40.3,    60.0,    24.0,    39.0,    33.8,    56.0,     0.0,     0.0,     0.0,     0.0,     0.0,     0.0,     0.0,     0.0,"(CONTRACTS OF 200,000 POUNDS)",039601,CBT ,039 
RUSSELL 2000 ANNUAL DIVIDEND - CHICAGO MERCANTILE EXCHANGE,260818,2026-08-18,239750,CME ,00,239 ,   44220,   17895,   17668,    1883,   24315,   24539,   44093,   44090,     127,     130,   44220,   17895,   17668,    1883,   24315,   24539,   44093,   44090,     127,     130,       0,       0,       0,       0,       0,       0,       0,       0,       0,       0,      20,       0,      42,       0,      20,     -22,      20,      20,       0,       0,  100.0,   40.5,   40.0,    4.3,   55.0,   55.5,   99.7,   99.7,    0.3,    0.3,  100.0,   40.5,   40.0,    4.3,   55.0,   55.5,   99.7,   99.7,    0.3,    0.3,    0.0,    0.0,    0.0,    0.0,    0.0,    0.0,    0.0,    0.0,    0.0,    0.0,     20,      5,      3,      2,      7,      8,     14,     11,     20,      5,      3,      2,      7,      8,     14,     11,      0,      0,      0,      0,      0,      0,      0,      0,    91.8,    86.2,    97.0,    97.3,    90.5,    82.1,    93.1,    92.3,    91.8,    86.2,    97.0,    97.3,    90.5,    82.1,    93.1,    92.3,     0.0,     0.0,     0.0,     0.0,     0.0,     0.0,     0.0,     0.0,(RUSSEL 2000 INDEX X $100),239750,CME ,239 
RUSSELL 2000 ANNUAL DIVIDEND - CHICAGO MERCANTILE EXCHANGE,260825,2026-08-25,239750,CME ,00,239 ,   44235,   17895,   17705,    1876,   24337,   24524,   44108,   44105,     127,     130,   44235,   17895,   17705,    1876,   24337,   24524,   44108,   44105,     127,     130,       0,       0,       0,       0,       0,       0,       0,       0,       0,       0,      15,       0,      37,      -7,      22,     -15,      15,      15,       0,       0,  100.0,   40.5,   40.0,    4.2,   55.0,   55.4,   99.7,   99.7,    0.3,    0.3,  100.0,   40.5,   40.0,    4.2,   55.0,   55.4,   99.7,   99.7,    0.3,    0.3,    0.0,    0.0,    0.0,    0.0,    0.0,    0.0,    0.0,    0.0,    0.0,    0.0,     20,      5,      3,      2,      7,      8,     14,     11,     20,      5,      3,      2,      7,      8,     14,     11,      0,      0,      0,      0,      0,      0,      0,      0,    91.8,    86.2,    97.0,    97.3,    90.5,    82.1,    93.1,    92.3,    91.8,    86.2,    97.0,    97.3,    90.5,    82.1,    93.1,    92.3,     0.0,     0.0,     0.0,     0.0,     0.0,     0.0,     0.0,     0.0,(RUSSEL 2000 INDEX X $100),239750,CME ,239 
RUSSELL E-MINI - CHICAGO MERCANTILE EXCHANGE,260818,2026-08-18,239742,CME ,00,239 ,  424956,   76902,  119117,   14507,  305004,  270097,  396413,  403721,   28543,   21235,  424956,   76902,  119117,   14507,  305004,  270097,  396413,  403721,   28543,   21235,       0,       0,       0,       0,       0,       0,       0,       0,       0,       0,    5734,    -898,    -987,    1721,    4191,    3714,    5014,    4448,     720,    1286,  100.0,   18.1,   28.0,    3.4,   71.8,   63.6,   93.3,   95.0,    6.7,    5.0,  100.0,   18.1,   28.0,    3.4,   71.8,   63.6,   93.3,   95.0,    6.7,    5.0,    0.0,    0.0,    0.0,    0.0,    0.0,    0.0,    0.0,    0.0,    0.0,    0.0,    321,     51,     54,     20,    134,    126,    195,    190,    321,     51,     54,     20,    134,    126,    195,    190,      0,      0,      0,      0,      0,      0,      0,      0,    22.0,    23.1,    34.8,    34.3,    19.9,    23.1,    31.4,    34.1,    22.0,    23.1,    34.8,    34.3,    19.9,    23.1,    31.4,    34.1,     0.0,     0.0,     0.0,     0.0,     0.0,     0.0,     0.0,     0.0,(RUSSEL 2000 INDEX X $50),239742,CME ,239 
RUSSELL E-MINI - CHICAGO MERCANTILE EXCHANGE,260825,2026-08-25,239742,CME ,00,239 ,  413000,   65674,  117252,   13072,  305589,  262676,  384335,  393000,   28665,   20000,  413000,   65674,  117252,   13072,  305589,  262676,  384335,  393000,   28665,   20000,       0,       0,       0,       0,       0,       0,       0,       0,       0,       0,  -11956,  -11228,   -1865,   -1435,     585,   -7421,  -12078,  -10721,     122,   -1235,  100.0,   15.9,   28.4,    3.2,   74.0,   63.6,   93.1,   95.2,    6.9,    4.8,  100.0,   15.9,   28.4,    3.2,   74.0,   63.6,   93.1,   95.2,    6.9,    4.8,    0.0,    0.0,    0.0,    0.0,    0.0,    0.0,    0.0,    0.0,    0.0,    0.0,    313,     47,     49,     20,    133,    124,    189,    184,    313,     47,     49,     20,    133,    124,    189,    184,      0,      0,      0,      0,      0,      0,      0,      0,    22.2,    25.5,    35.4,    37.2,    20.1,    25.5,    31.3,    36.7,    22.2,    25.5,    35.4,    37.2,    20.1,    25.5,    31.3,    36.7,     0.0,     0.0,     0.0,     0.0,     0.0,     0.0,     0.0,     0.0,(RUSSEL 2000 INDEX X $50),239742,CME ,239 
S PATH 15 EZ GEN HUB DA DLY OP - ICE FUTURES ENERGY DIV,260825,2026-08-25,0643DN,IFED,01,064 ,    3080,     952,      32,      24,    2072,    2880,    3048,    2936,      32,     144,    3080,     952,      32,      24,    2072,    2880,    3048,    2936,      32,     144,       0,       0,       0,       0,       0,       0,       0,       0,       0,       0,.,.,.,.,.,.,.,.,.,.,  100.0,   30.9,    1.0,    0.8,   67.3,   93.5,   99.0,   95.3,    1.0,    4.7,  100.0,   30.9,    1.0,    0.8,   67.3,   93.5,   99.0,   95.3,    1.0,    4.7,    0.0,    0.0,    0.0,    0.0,    0.0,    0.0,    0.0,    0.0,    0.0,    0.0,     21,      4,      1,      2,     13,     15,     18,     17,     21,      4,      1,      2,     13,     15,     18,     17,      0,      0,      0,      0,      0,      0,      0,      0,    66.2,    72.7,    84.9,    85.7,    47.5,    50.1,    56.4,    55.3,    66.2,    72.7,    84.9,    85.7,    47.5,    50.1,    56.4,    55.3,     0.0,     0.0,     0.0,     0.0,     0.0,     0.0,     0.0,     0.0,25MWh,0643DN,IFED,064 
S&P 500 ANNUAL DIVIDEND INDEX - CHICAGO MERCANTILE EXCHANGE,260818,2026-08-18,43874A,CME ,00,138 ,  405410,  138668,   62427,   33014,  229803,  308901,  401485,  404342,    3925,    1068,  405410,  138668,   62427,   33014,  229803,  308901,  401485,  404342,    3925,    1068,       0,       0,       0,       0,       0,       0,       0,       0,       0,       0,   13077,   -5449,    1105,    9243,    9344,    2778,   13138,   13126,     -61,     -49,  100.0,   34.2,   15.4,    8.1,   56.7,   76.2,   99.0,   99.7,    1.0,    0.3,  100.0,   34.2,   15.4,    8.1,   56.7,   76.2,   99.0,   99.7,    1.0,    0.3,    0.0,    0.0,    0.0,    0.0,    0.0,    0.0,    0.0,    0.0,    0.0,    0.0,     85,     28,      8,     12,     40,     27,     71,     44,     85,     28,      8,     12,     40,     27,     71,     44,      0,      0,      0,      0,      0,      0,      0,      0,    24.5,    54.5,    39.8,    75.6,    23.2,    54.3,    38.5,    74.0,    24.5,    54.5,    39.8,    75.6,    23.2,    54.3,    38.5,    74.0,     0.0,     0.0,     0.0,     0.0,     0.0,     0.0,     0.0,     0.0,(S&P 500 ANNUAL DIVIDEND INDEX X $250),43874A,CME ,138 
S&P 500 ANNUAL DIVIDEND INDEX - CHICAGO MERCANTILE EXCHANGE,260825,2026-08-25,43874A,CME ,00,138 ,  405377,  139858,   63204,   33629,  228125,  307487,  401612,  404320,    3765,    1057,  405377,  139858,   63204,   33629,  228125,  307487,  401612,  404320,    3765,    1057,       0,       0,       0,       0,       0,       0,       0,       0,       0,       0,     -33,    1190,     777,     615,   -1678,   -1414,     127,     -22,    -160,     -11,  100.0,   34.5,   15.6,    8.3,   56.3,   75.9,   99.1,   99.7,    0.9,    0.3,  100.0,   34.5,   15.6,    8.3,   56.3,   75.9,   99.1,   99.7,    0.9,    0.3,    0.0,    0.0,    0.0,    0.0,    0.0,    0.0,    0.0,    0.0,    0.0,    0.0,     86,     28,      8,     12,     41,     27,     72,     44,     86,     28,      8,     12,     41,     27,     72,     44,      0,      0,      0,      0,      0,      0,      0,      0,    25.0,    54.2,    40.3,    75.3,    23.7,    54.1,    39.0,    73.7,    25.0,    54.2,    40.3,    75.3,    23.7,    54.1,    39.0,    73.7,     0.0,     0.0,     0.0,     0.0,     0.0,     0.0,     0.0,     0.0,(S&P 500 ANNUAL DIVIDEND INDEX X $250),43874A,CME ,138 
S&P 500 Consolidated - CHICAGO MERCANTILE EXCHANGE,260818,2026-08-18,13874+,CME ,00,138 , 2099170,  270678,  286414,   57332, 1494128, 1597499, 1822138, 1941246,  277032,  157924, 2099170,  270678,  286414,   57332, 1494128, 1597499, 1822138, 1941246,  277032,  157924,       0,       0,       0,       0,       0,       0,       0,       0,       0,       0,  -47608,  -12252,   10917,  -11217,  -20439,  -50763,  -43909,  -51063,   -3700,    3455,  100.0,   12.9,   13.6,    2.7,   71.2,   76.1,   86.8,   92.5,   13.2,    7.5,  100.0,   12.9,   13.6,    2.7,   71.2,   76.1,   86.8,   92.5,   13.2,    7.5,    0.0,    0.0,    0.0,    0.0,    0.0,    0.0,    0.0,    0.0,    0.0,    0.0,    450,     80,     68,     50,    253,    170,    365,    257,    450,     80,     68,     50,    253,    170,    365,    257,      0,      0,      0,      0,      0,      0,      0,      0,     9.8,    28.7,    16.9,    42.6,     9.7,    28.5,    16.3,    41.7,     9.8,    28.7,    16.9,    42.6,     9.7,    28.5,    16.3,    41.7,     0.0,     0.0,     0.0,     0.0,     0.0,     0.0,     0.0,     0.0,(S&P 500 INDEX X $50.00),13874+,CME ,138 
S&P 500 Consolidated - CHICAGO MERCANTILE EXCHANGE,260825,2026-08-25,13874+,CME ,00,138 , 2074931,  229741,  307916,   56975, 1508843, 1557869, 1795559, 1922760,  279372,  152171, 2074931,  229741,  307916,   56975, 1508843, 1557869, 1795559, 1922760,  279372,  152171,       0,       0,       0,       0,       0,       0,       0,       0,       0,       0,  -24238,  -40937,   21502,    -357,   14715,  -39631,  -26579,  -18486,    2340,   -5753,  100.0,   11.1,   14.8,    2.7,   72.7,   75.1,   86.5,   92.7,   13.5,    7.3,  100.0,   11.1,   14.8,    2.7,   72.7,   75.1,   86.5,   92.7,   13.5,    7.3,    0.0,    0.0,    0.0,    0.0,    0.0,    0.0,    0.0,    0.0,    0.0,    0.0,    446,     85,     61,     51,    250,    168,    361,    255,    446,     85,     61,     51,    250,    168,    361,    255,      0,      0,      0,      0,      0,      0,      0,      0,     9.2,    29.4,    16.6,    42.9,     9.1,    29.0,    15.9,    41.6,     9.2,    29.4,    16.6,    42.9,     9.1,    29.0,    15.9,    41.6,     0.0,     0.0,     0.0,     0.0,     0.0,     0.0,     0.0,     0.0,(S&P 500 INDEX X $50.00),13874+,CME ,138 
S&P 500 QUARTERLY DIVIDEND IND - CHICAGO MERCANTILE EXCHANGE,260818,2026-08-18,43874Q,CME ,00,138 ,   44935,   25525,   17109,     670,   18717,   27117,   44912,   44896,      23,      39,   44935,   25525,   17109,     670,   18717,   27117,   44912,   44896,      23,      39,       0,       0,       0,       0,       0,       0,       0,       0,       0,       0,     557,     421,     337,     111,       5,      94,     537,     542,      20,      15,  100.0,   56.8,   38.1,    1.5,   41.7,   60.3,   99.9,   99.9,    0.1,    0.1,  100.0,   56.8,   38.1,    1.5,   41.7,   60.3,   99.9,   99.9,    0.1,    0.1,    0.0,    0.0,    0.0,    0.0,    0.0,    0.0,    0.0,    0.0,    0.0,    0.0,     30,      6,      3,      5,     16,     16,     24,     22,     30,      6,      3,      5,     16,     16,     24,     22,      0,      0,      0,      0,      0,      0,      0,      0,    73.0,    69.6,    86.3,    91.3,    72.3,    66.8,    81.9,    82.8,    73.0,    69.6,    86.3,    91.3,    72.3,    66.8,    81.9,    82.8,     0.0,     0.0,     0.0,     0.0,     0.0,     0.0,     0.0,     0.0,(S&P 500 QUARTERLY DIVIDEND INDEX X $100,43874Q,CME ,138 
S&P 500 QUARTERLY DIVIDEND IND - CHICAGO MERCANTILE EXCHANGE,260825,2026-08-25,43874Q,CME ,00,138 ,   46404,   25601,   18010,     725,   20075,   27630,   46401,   46365,       3,      39,   46404,   25601,   18010,     725,   20075,   27630,   46401,   46365,       3,      39,       0,       0,       0,       0,       0,       0,       0,       0,       0,       0,    1469,      76,     901,      55,    1358,     513,    1489,    1469,     -20,       0,  100.0,   55.2,   38.8,    1.6,   43.3,   59.5,  100.0,   99.9,    0.0,    0.1,  100.0,   55.2,   38.8,    1.6,   43.3,   59.5,  100.0,   99.9,    0.0,    0.1,    0.0,    0.0,    0.0,    0.0,    0.0,    0.0,    0.0,    0.0,    0.0,    0.0,     34,      6,      4,      5,     18,     17,     26,     24,     34,      6,      4,      5,     18,     17,     26,     24,      0,      0,      0,      0,      0,      0,      0,      0,    67.9,    68.3,    82.6,    89.9,    67.4,    65.6,    79.3,    81.6,    67.9,    68.3,    82.6,    89.9,    67.4,    65.6,    79.3,    81.6,     0.0,     0.0,     0.0,     0.0,     0.0,     0.0,     0.0,     0.0,(S&P 500 QUARTERLY DIVIDEND INDEX X $100,43874Q,CME ,138 
SILVER - COMMODITY EXCHANGE INC.,260818,2026-08-18,084691,CMX ,01,084 ,  120117,   38353,   14728,   17490,   34672,   79464,   90515,  111682,   29602,    8435,  120117,   38353,   14728,   17490,   34672,   79464,   90515,  111682,   29602,    8435,       0,       0,       0,       0,       0,       0,       0,       0,       0,       0,    4990,    -922,    -901,    2544,    2871,    3689,    4493,    5332,     497,    -342,  100.0,   31.9,   12.3,   14.6,   28.9,   66.2,   75.4,   93.0,   24.6,    7.0,  100.0,   31.9,   12.3,   14.6,   28.9,   66.2,   75.4,   93.0,   24.6,    7.0,    0.0,    0.0,    0.0,    0.0,    0.0,    0.0,    0.0,    0.0,    0.0,    0.0,    163,     85,     26,     34,     34,     35,    134,     80,    163,     85,     26,     34,     34,     35,    134,     80,      0,      0,      0,      0,      0,      0,      0,      0,    13.8,    29.3,    23.7,    44.8,    11.7,    27.0,    19.1,    41.4,    13.8,    29.3,    23.7,    44.8,    11.7,    27.0,    19.1,    41.4,     0.0,     0.0,     0.0,     0.0,     0.0,     0.0,     0.0,     0.0,"(CONTRACTS OF 5,000 TROY OUNCES)",084691,CMX ,084 
SILVER - COMMODITY EXCHANGE INC.,260825,2026-08-25,084691,CMX ,01,084 ,  113801,   37871,   12610,   13005,   33970,   79023,   84846,  104638,   28955,    9163,  113801,   37871,   12610,   13005,   33970,   79023,   84846,  104638,   28955,    9163,       0,       0,       0,       0,       0,       0,       0,       0,       0,       0,   -6316,    -482,   -2118,   -4485,    -702,    -441,   -5669,   -7044,    -647,     728,  100.0,   33.3,   11.1,   11.4,   29.9,   69.4,   74.6,   91.9,   25.4,    8.1,  100.0,   33.3,   11.1,   11.4,   29.9,   69.4,   74.6,   91.9,   25.4,    8.1,    0.0,    0.0,    0.0,    0.0,    0.0,    0.0,    0.0,    0.0,    0.0,    0.0,    162,     83,     28,     32,     36,     36,    134,     81,    162,     83,     28,     32,     36,     36,    134,     81,      0,      0,      0,      0,      0,      0,      0,      0,    13.8,    31.6,    22.5,    47.7,    12.9,    28.6,    20.2,    43.8,    13.8,    31.6,    22.5,    47.7,    12.9,    28.6,    20.2,    43.8,     0.0,     0.0,     0.0,     0.0,     0.0,     0.0,     0.0,     0.0,"(CONTRACTS OF 5,000 TROY OUNCES)",084691,CMX ,084 
SO AFRICAN RAND - CHICAGO MERCANTILE EXCHANGE,260818,2026-08-18,122741,CME ,00,122 ,   32248,   14672,    6173,     509,   13889,   24286,   29070,   30968,    3178,    1280,   32248,   14672,    6173,     509,   13889,   24286,   29070,   30968,    3178,    1280,       0,       0,       0,       0,       0,       0,       0,       0,       0,       0,    -357,    1174,   -1093,     -86,   -1585,     938,    -497,    -241,     140,    -116,  100.0,   45.5,   19.1,    1.6,   43.1,   75.3,   90.1,   96.0,    9.9,    4.0,  100.0,   45.5,   19.1,    1.6,   43.1,   75.3,   90.1,   96.0,    9.9,    4.0,    0.0,    0.0,    0.0,    0.0,    0.0,    0.0,    0.0,    0.0,    0.0,    0.0,     53,     20,     13,      2,     12,      9,     34,     22,     53,     20,     13,      2,     12,      9,     34,     22,      0,      0,      0,      0,      0,      0,      0,      0,    47.9,    68.2,    64.7,    82.4,    47.9,    68.2,    64.7,    82.4,    47.9,    68.2,    64.7,    82.4,    47.9,    68.2,    64.7,    82.4,     0.0,     0.0,     0.0,     0.0,     0.0,     0.0,     0.0,     0.0,"(CONTRACTS OF ZAR 500,000)",122741,CME ,122 
SO AFRICAN RAND - CHICAGO MERCANTILE EXCHANGE,260825,2026-08-25,122741,CME ,00,122 ,   35719,   17341,    5444,     673,   14827,   28006,   32841,   34123,    2878,    1596,   35719,   17341,    5444,     673,   14827,   28006,   32841,   34123,    2878,    1596,       0,       0,       0,       0,       0,       0,       0,       0,       0,       0,    3471,    2669,    -729,     164,     938,    3720,    3771,    3155,    -300,     316,  100.0,   48.5,   15.2,    1.9,   41.5,   78.4,   91.9,   95.5,    8.1,    4.5,  100.0,   48.5,   15.2,    1.9,   41.5,   78.4,   91.9,   95.5,    8.1,    4.5,    0.0,    0.0,    0.0,    0.0,    0.0,    0.0,    0.0,    0.0,    0.0,    0.0,     57,     21,     13,      2,     14,     10,     37,     23,     57,     21,     13,      2,     14,     10,     37,     23,      0,      0,      0,      0,      0,      0,      0,      0,    46.4,    71.0,    64.3,    83.8,    46.4,    71.0,    64.3,    83.7,    46.4,    71.0,    64.3,    83.8,    46.4,    71.0,    64.3,    83.7,     0.0,     0.0,     0.0,     0.0,     0.0,     0.0,     0.0,     0.0,"(CONTRACTS OF ZAR 500,000)",122741,CME ,122 
SOCAL (INDEX) - ICE FUTURES ENERGY DIV,260818,2026-08-18,0233BW,IFED,01,023 ,   22393,    6968,    2402,       0,   14559,   18884,   21527,   21286,     866,    1107,   22393,    6968,    2402,       0,   14559,   18884,   21527,   21286,     866,    1107,       0,       0,       0,       0,       0,       0,       0,       0,       0,       0,       0,     150,       0,       0,    -150,     151,       0,     151,       0,    -151,  100.0,   31.1,   10.7,    0.0,   65.0,   84.3,   96.1,   95.1,    3.9,    4.9,  100.0,   31.1,   10.7,    0.0,   65.0,   84.3,   96.1,   95.1,    3.9,    4.9,    0.0,    0.0,    0.0,    0.0,    0.0,    0.0,    0.0,    0.0,    0.0,    0.0,     27,      4,      3,      0,     15,     10,     19,     13,     27,      4,      3,      0,     15,     10,     19,     13,      0,      0,      0,      0,      0,      0,      0,      0,    45.2,    78.8,    68.0,    89.4,    43.0,    70.7,    65.1,    80.7,    45.2,    78.8,    68.0,    89.4,    43.0,    70.7,    65.1,    80.7,     0.0,     0.0,     0.0,     0.0,     0.0,     0.0,     0.0,     0.0,2500 mmbtu,0233BW,IFED,023 
SOCAL (INDEX) - ICE FUTURES ENERGY DIV,260825,2026-08-25,0233BW,IFED,01,023 ,   24043,    5987,    2411,    1012,   16059,   19243,   23058,   22666,     985,    1377,   24043,    5987,    2411,    1012,   16059,   19243,   23058,   22666,     985,    1377,       0,       0,       0,       0,       0,       0,       0,       0,       0,       0,    1650,    -981,       9,    1012,    1500,     359,    1531,    1380,     119,     270,  100.0,   24.9,   10.0,    4.2,   66.8,   80.0,   95.9,   94.3,    4.1,    5.7,  100.0,   24.9,   10.0,    4.2,   66.8,   80.0,   95.9,   94.3,    4.1,    5.7,    0.0,    0.0,    0.0,    0.0,    0.0,    0.0,    0.0,    0.0,    0.0,    0.0,     30,      5,      4,      4,     15,     11,     22,     17,     30,      5,      4,      4,     15,     11,     22,     17,      0,      0,      0,      0,      0,      0,      0,      0,    44.7,    73.4,    69.5,    84.2,    42.5,    64.2,    64.6,    72.6,    44.7,    73.4,    69.5,    84.2,    42.5,    64.2,    64.6,    72.6,     0.0,     0.0,     0.0,     0.0,     0.0,     0.0,     0.0,     0.0,2500 mmbtu,0233BW,IFED,023 
SOCAL BORDER FIN BASIS - ICE FUTURES ENERGY DIV,260818,2026-08-18,023393,IFED,01,023 ,  272144,   24935,    5773,    9637,  224282,  246709,  258854,  262119,   13290,   10025,  272144,   24935,    5773,    9637,  224282,  246709,  258854,  262119,   13290,   10025,       0,       0,       0,       0,       0,       0,       0,       0,       0,       0,     908,   -3894,    -249,     598,    3287,     411,      -9,     760,     917,     148,  100.0,    9.2,    2.1,    3.5,   82.4,   90.7,   95.1,   96.3,    4.9,    3.7,  100.0,    9.2,    2.1,    3.5,   82.4,   90.7,   95.1,   96.3,    4.9,    3.7,    0.0,    0.0,    0.0,    0.0,    0.0,    0.0,    0.0,    0.0,    0.0,    0.0,     52,      7,      6,     10,     33,     32,     45,     44,     52,      7,      6,     10,     33,     32,     45,     44,      0,      0,      0,      0,      0,      0,      0,      0,    40.7,    56.2,    61.2,    68.5,    39.6,    52.1,    59.3,    61.8,    40.7,    56.2,    61.2,    68.5,    39.6,    52.1,    59.3,    61.8,     0.0,     0.0,     0.0,     0.0,     0.0,     0.0,     0.0,     0.0,"(Contracts of 2,500  MMBTU'S)",023393,IFED,023 
SOCAL BORDER FIN BASIS - ICE FUTURES ENERGY DIV,260825,2026-08-25,023393,IFED,01,023 ,  274029,   19163,    4962,   10295,  230854,  248717,  260312,  263974,   13717,   10055,  274029,   19163,    4962,   10295,  230854,  248717,  260312,  263974,   13717,   10055,       0,       0,       0,       0,       0,       0,       0,       0,       0,       0,    1885,   -5772,    -811,     658,    6572,    2008,    1458,    1855,     427,      30,  100.0,    7.0,    1.8,    3.8,   84.2,   90.8,   95.0,   96.3,    5.0,    3.7,  100.0,    7.0,    1.8,    3.8,   84.2,   90.8,   95.0,   96.3,    5.0,    3.7,    0.0,    0.0,    0.0,    0.0,    0.0,    0.0,    0.0,    0.0,    0.0,    0.0,     53,      8,      6,      9,     34,     32,     47,     43,     53,      8,      6,      9,     34,     32,     47,     43,      0,      0,      0,      0,      0,      0,      0,      0,    41.3,    57.3,    59.1,    68.6,    39.5,    53.0,    56.3,    62.1,    41.3,    57.3,    59.1,    68.6,    39.5,    53.0,    56.3,    62.1,     0.0,     0.0,     0.0,     0.0,     0.0,     0.0,     0.0,     0.0,"(Contracts of 2,500  MMBTU'S)",023393,IFED,023 
SOCAL CITYGATE FINANCIAL BASIS - ICE FUTURES ENERGY DIV,260818,2026-08-18,0233BY,IFED,01,023 ,   36046,     992,     450,     514,   29754,   32851,   31260,   33815,    4786,    2231,   36046,     992,     450,     514,   29754,   32851,   31260,   33815,    4786,    2231,       0,       0,       0,       0,       0,       0,       0,       0,       0,       0,    1540,      62,      90,      94,    1430,    1309,    1586,    1493,     -46,      47,  100.0,    2.8,    1.2,    1.4,   82.5,   91.1,   86.7,   93.8,   13.3,    6.2,  100.0,    2.8,    1.2,    1.4,   82.5,   91.1,   86.7,   93.8,   13.3,    6.2,    0.0,    0.0,    0.0,    0.0,    0.0,    0.0,    0.0,    0.0,    0.0,    0.0,     23,      2,      2,      2,     14,     14,     17,     17,     23,      2,      2,      2,     14,     14,     17,     17,      0,      0,      0,      0,      0,      0,      0,      0,    54.1,    62.5,    76.2,    85.1,    53.3,    51.0,    65.5,    72.0,    54.1,    62.5,    76.2,    85.1,    53.3,    51.0,    65.5,    72.0,     0.0,     0.0,     0.0,     0.0,     0.0,     0.0,     0.0,     0.0,MMBtu,0233BY,IFED,023 
SOCAL CITYGATE FINANCIAL BASIS - ICE FUTURES ENERGY DIV,260825,2026-08-25,0233BY,IFED,01,023 ,   36988,     992,     542,     514,   31206,   33611,   32712,   34667,    4276,    2321,   36988,     992,     542,     514,   31206,   33611,   32712,   34667,    4276,    2321,       0,       0,       0,       0,       0,       0,       0,       0,       0,       0,     942,       0,      92,       0,    1452,     760,    1452,     852,    -510,      90,  100.0,    2.7,    1.5,    1.4,   84.4,   90.9,   88.4,   93.7,   11.6,    6.3,  100.0,    2.7,    1.5,    1.4,   84.4,   90.9,   88.4,   93.7,   11.6,    6.3,    0.0,    0.0,    0.0,    0.0,    0.0,    0.0,    0.0,    0.0,    0.0,    0.0,     25,      2,      2,      2,     15,     15,     18,     18,     25,      2,      2,      2,     15,     15,     18,     18,      0,      0,      0,      0,      0,      0,      0,      0,    52.9,    62.6,    75.6,    84.1,    52.1,    50.0,    64.5,    69.9,    52.9,    62.6,    75.6,    84.1,    52.1,    50.0,    64.5,    69.9,     0.0,     0.0,     0.0,     0.0,     0.0,     0.0,     0.0,     0.0,MMBtu,0233BY,IFED,023 
SOFR-1M - CHICAGO MERCANTILE EXCHANGE,260818,2026-08-18,134742,CME ,00,134 , 1431755,  151926,  373797,  297468,  959178,  737263, 1408572, 1408528,   23183,   23227, 1431755,  151926,  373797,  297468,  959178,  737263, 1408572, 1408528,   23183,   23227,       0,       0,       0,       0,       0,       0,       0,       0,       0,       0,   60001,   11777,   17828,   20405,    7030,    1183,   39212,   39416,   20789,   20585,  100.0,   10.6,   26.1,   20.8,   67.0,   51.5,   98.4,   98.4,    1.6,    1.6,  100.0,   10.6,   26.1,   20.8,   67.0,   51.5,   98.4,   98.4,    1.6,    1.6,    0.0,    0.0,    0.0,    0.0,    0.0,    0.0,    0.0,    0.0,    0.0,    0.0,    209,     39,     67,     60,     75,     96,    150,    188,    209,     39,     67,     60,     75,     96,    150,    188,      0,      0,      0,      0,      0,      0,      0,      0,    26.1,    29.3,    42.3,    43.2,    19.9,    20.2,    30.6,    29.4,    26.1,    29.3,    42.3,    43.2,    19.9,    20.2,    30.6,    29.4,     0.0,     0.0,     0.0,     0.0,     0.0,     0.0,     0.0,     0.0,"($4,167 x Contract IMM Index)",134742,CME ,134 
SOFR-1M - CHICAGO MERCANTILE EXCHANGE,260825,2026-08-25,134742,CME ,00,134 , 1585818,  294378,  451569,  306359,  970460,  813686, 1571197, 1571614,   14621,   14204, 1585818,  294378,  451569,  306359,  970460,  813686, 1571197, 1571614,   14621,   14204,       0,       0,       0,       0,       0,       0,       0,       0,       0,       0,  154063,  142452,   77772,    8891,   11282,   76423,  162625,  163086,   -8562,   -9023,  100.0,   18.6,   28.5,   19.3,   61.2,   51.3,   99.1,   99.1,    0.9,    0.9,  100.0,   18.6,   28.5,   19.3,   61.2,   51.3,   99.1,   99.1,    0.9,    0.9,    0.0,    0.0,    0.0,    0.0,    0.0,    0.0,    0.0,    0.0,    0.0,    0.0,    211,     49,     58,     59,     75,     97,    153,    185,    211,     49,     58,     59,     75,     97,    153,    185,      0,      0,      0,      0,      0,      0,      0,      0,    23.5,    27.6,    41.0,    41.6,    17.1,    20.3,    28.3,    29.6,    23.5,    27.6,    41.0,    41.6,    17.1,    20.3,    28.3,    29.6,     0.0,     0.0,     0.0,     0.0,     0.0,     0.0,     0.0,     0.0,"($4,167 x Contract IMM Index)",134742,CME ,134 
SOFR-3M - CHICAGO MERCANTILE EXCHANGE,260818,2026-08-18,134741,CME ,00,134 ,13431079, 1425791, 4108995, 2658278, 8919099, 6230297,13003168,12997570,  427911,  433509,13431079, 1425791, 4108995, 2658278, 8919099, 6230297,13003168,12997570,  427911,  433509,       0,       0,       0,       0,       0,       0,       0,       0,       0,       0,  259270,  -49360,   62385,   27187,  -63825, -181645,  -85998,  -92073,  345268,  351343,  100.0,   10.6,   30.6,   19.8,   66.4,   46.4,   96.8,   96.8,    3.2,    3.2,  100.0,   10.6,   30.6,   19.8,   66.4,   46.4,   96.8,   96.8,    3.2,    3.2,    0.0,    0.0,    0.0,    0.0,    0.0,    0.0,    0.0,    0.0,    0.0,    0.0,    855,    210,    258,    220,    262,    297,    624,    653,    855,    210,    258,    220,    262,    297,    624,    653,      0,      0,      0,      0,      0,      0,      0,      0,    17.2,    17.3,    28.9,    26.7,    16.0,    11.1,    25.8,    18.1,    17.2,    17.3,    28.9,    26.7,    16.0,    11.1,    25.8,    18.1,     0.0,     0.0,     0.0,     0.0,     0.0,     0.0,     0.0,     0.0,"($2,500 x Contract IMM Index)",134741,CME ,134 
SOFR-3M - CHICAGO MERCANTILE EXCHANGE,260825,2026-08-25,134741,CME ,00,134 ,13036905, 1318954, 4053187, 2666845, 8958483, 6224626,12944282,12944658,   92623,   92247,13036905, 1318954, 4053187, 2666845, 8958483, 6224626,12944282,12944658,   92623,   92247,       0,       0,       0,       0,       0,       0,       0,       0,       0,       0, -394174, -106837,  -55808,    8567,   39384,   -5671,  -58886,  -52912, -335288, -341262,  100.0,   10.1,   31.1,   20.5,   68.7,   47.7,   99.3,   99.3,    0.7,    0.7,  100.0,   10.1,   31.1,   20.5,   68.7,   47.7,   99.3,   99.3,    0.7,    0.7,    0.0,    0.0,    0.0,    0.0,    0.0,    0.0,    0.0,    0.0,    0.0,    0.0,    848,    201,    268,    224,    257,    294,    620,    654,    848,    201,    268,    224,    257,    294,    620,    654,      0,      0,      0,      0,      0,      0,      0,      0,    16.6,    17.7,    29.3,    27.3,    15.4,    11.1,    25.6,    18.4,    16.6,    17.7,    29.3,    27.3,    15.4,    11.1,    25.6,    18.4,     0.0,     0.0,     0.0,     0.0,     0.0,     0.0,     0.0,     0.0,"($2,500 x Contract IMM Index)",134741,CME ,134 
SOFR-3M - FMX FUTURES EXCHANGE,260825,2026-08-25,134FM1,FNFT,01,134 ,  167749,   15291,    8439,   24085,  128373,  135225,  167749,  167749,       0,       0,  167749,   15291,    8439,   24085,  128373,  135225,  167749,  167749,       0,       0,       0,       0,       0,       0,       0,       0,       0,       0,       0,       0,.,.,.,.,.,.,.,.,.,.,  100.0,    9.1,    5.0,   14.4,   76.5,   80.6,  100.0,  100.0,    0.0,    0.0,  100.0,    9.1,    5.0,   14.4,   76.5,   80.6,  100.0,  100.0,    0.0,    0.0,    0.0,    0.0,    0.0,    0.0,    0.0,    0.0,    0.0,    0.0,    0.0,    0.0,     21,      4,      7,     10,      9,     10,     19,     21,     21,      4,      7,     10,      9,     10,     19,     21,      0,      0,      0,      0,      0,      0,      0,      0,    75.6,    69.7,    94.7,    92.2,    55.1,    57.1,    57.8,    57.8,    75.6,    69.7,    94.7,    92.2,    55.1,    57.1,    57.8,    57.8,     0.0,     0.0,     0.0,     0.0,     0.0,     0.0,     0.0,     0.0,"($2,500 x Contract IMM Index)",134FM1,FNFT,134 
SOL - CHICAGO MERCANTILE EXCHANGE,260818,2026-08-18,177741,CME ,00,177 ,    9966,    9627,    8641,      75,       0,     973,    9702,    9689,     264,     277,    9966,    9627,    8641,      75,       0,     973,    9702,    9689,     264,     277,       0,       0,       0,       0,       0,       0,       0,       0,       0,       0,      -7,     -35,      62,      11,       0,     -77,     -24,      -4,      17,      -3,  100.0,   96.6,   86.7,    0.8,    0.0,    9.8,   97.4,   97.2,    2.6,    2.8,  100.0,   96.6,   86.7,    0.8,    0.0,    9.8,   97.4,   97.2,    2.6,    2.8,    0.0,    0.0,    0.0,    0.0,    0.0,    0.0,    0.0,    0.0,    0.0,    0.0,     28,      5,     20,      4,      0,      3,      9,     23,     28,      5,     20,      4,      0,      3,      9,     23,      0,      0,      0,      0,      0,      0,      0,      0,    96.0,    68.1,    97.3,    81.2,    96.0,    68.1,    96.6,    81.2,    96.0,    68.1,    97.3,    81.2,    96.0,    68.1,    96.6,    81.2,     0.0,     0.0,     0.0,     0.0,     0.0,     0.0,     0.0,     0.0,(500 SOL- CME CF Solana - Dollar Referen,177741,CME ,177 
SOL - CHICAGO MERCANTILE EXCHANGE,260825,2026-08-25,177741,CME ,00,177 ,   12637,   11290,   10264,    1075,       0,     958,   12365,   12297,     272,     340,   12637,   11290,   10264,    1075,       0,     958,   12365,   12297,     272,     340,       0,       0,       0,       0,       0,       0,       0,       0,       0,       0,    2671,    1663,    1623,    1000,       0,     -15,    2663,    2608,       8,      63,  100.0,   89.3,   81.2,    8.5,    0.0,    7.6,   97.8,   97.3,    2.2,    2.7,  100.0,   89.3,   81.2,    8.5,    0.0,    7.6,   97.8,   97.3,    2.2,    2.7,    0.0,    0.0,    0.0,    0.0,    0.0,    0.0,    0.0,    0.0,    0.0,    0.0,     37,     11,     23,      8,      0,      3,     18,     27,     37,     11,     23,      8,      0,      3,     18,     27,      0,      0,      0,      0,      0,      0,      0,      0,    91.2,    64.9,    95.5,    77.3,    86.9,    59.7,    88.9,    72.1,    91.2,    64.9,    95.5,    77.3,    86.9,    59.7,    88.9,    72.1,     0.0,     0.0,     0.0,     0.0,     0.0,     0.0,     0.0,     0.0,(500 SOL- CME CF Solana - Dollar Referen,177741,CME ,177 
SONAT - TIER 1 POOL (ZONE 0) - ICE FUTURES ENERGY DIV,260818,2026-08-18,0233C1,IFED,01,023 ,   85072,    8376,       0,     672,   68470,   80055,   77518,   80727,    7554,    4345,   85072,    8376,       0,     672,   68470,   80055,   77518,   80727,    7554,    4345,       0,       0,       0,       0,       0,       0,       0,       0,       0,       0,    3682,    1097,       0,     213,    3622,    2955,    4932,    3168,   -1250,     514,  100.0,    9.8,    0.0,    0.8,   80.5,   94.1,   91.1,   94.9,    8.9,    5.1,  100.0,    9.8,    0.0,    0.8,   80.5,   94.1,   91.1,   94.9,    8.9,    5.1,    0.0,    0.0,    0.0,    0.0,    0.0,    0.0,    0.0,    0.0,    0.0,    0.0,     31,      4,      0,      2,     15,     22,     19,     24,     31,      4,      0,      2,     15,     22,     19,     24,      0,      0,      0,      0,      0,      0,      0,      0,    59.3,    54.5,    76.4,    70.2,    51.1,    49.1,    67.6,    62.1,    59.3,    54.5,    76.4,    70.2,    51.1,    49.1,    67.6,    62.1,     0.0,     0.0,     0.0,     0.0,     0.0,     0.0,     0.0,     0.0,2500 mmbtu,0233C1,IFED,023 
SONAT - TIER 1 POOL (ZONE 0) - ICE FUTURES ENERGY DIV,260825,2026-08-25,0233C1,IFED,01,023 ,   85156,    4714,       0,     672,   69228,   79893,   74614,   80565,   10542,    4591,   85156,    4714,       0,     672,   69228,   79893,   74614,   80565,   10542,    4591,       0,       0,       0,       0,       0,       0,       0,       0,       0,       0,      84,   -3662,       0,       0,     758,    -162,   -2904,    -162,    2988,     246,  100.0,    5.5,    0.0,    0.8,   81.3,   93.8,   87.6,   94.6,   12.4,    5.4,  100.0,    5.5,    0.0,    0.8,   81.3,   93.8,   87.6,   94.6,   12.4,    5.4,    0.0,    0.0,    0.0,    0.0,    0.0,    0.0,    0.0,    0.0,    0.0,    0.0,     30,      3,      0,      2,     15,     22,     18,     24,     30,      3,      0,      2,     15,     22,     18,     24,      0,      0,      0,      0,      0,      0,      0,      0,    59.6,    53.9,    76.7,    70.0,    51.4,    48.5,    65.7,    61.9,    59.6,    53.9,    76.7,    70.0,    51.4,    48.5,    65.7,    61.9,     0.0,     0.0,     0.0,     0.0,     0.0,     0.0,     0.0,     0.0,2500 mmbtu,0233C1,IFED,023 
SOYBEAN MEAL - CHICAGO BOARD OF TRADE,260818,2026-08-18,026603,CBT ,00,026 ,  604433,  174112,   57215,  120520,  260435,  401515,  555067,  579250,   49366,   25183,   65990,   26581,   13788,     368,   31552,   48347,   58501,   62503,    7489,    3487,  538443,  169494,   65390,   98189,  228883,  353168,  496566,  516747,   41877,   21696,     447,    6227,   -5006,  -10802,    5071,   18325,     496,    2517,     -49,   -2070,  100.0,   28.8,    9.5,   19.9,   43.1,   66.4,   91.8,   95.8,    8.2,    4.2,  100.0,   40.3,   20.9,    0.6,   47.8,   73.3,   88.7,   94.7,   11.3,    5.3,  100.0,   31.5,   12.1,   18.2,   42.5,   65.6,   92.2,   96.0,    7.8,    4.0,    327,    108,     51,     95,    137,    114,    286,    229,    192,     47,     21,      3,     66,     68,    114,     91,    319,     99,     62,     86,    125,    100,    269,    209,     9.6,    35.6,    18.4,    44.2,     9.0,    32.4,    17.2,    37.6,    16.2,    40.8,    27.7,    51.2,    16.2,    40.7,    27.5,    51.1,    10.4,    37.0,    19.9,    46.7,    10.1,    34.5,    18.9,    40.6,(CONTRACTS OF 100 TONS),026603,CBT ,026 
SOYBEAN MEAL - CHICAGO BOARD OF TRADE,260825,2026-08-25,026603,CBT ,00,026 ,  608353,  170236,   49265,  130035,  259038,  402840,  559309,  582140,   49044,   26213,   32220,    7804,    6181,      39,   21019,   22429,   28862,   28649,    3358,    3571,  576133,  170988,   51640,  121440,  238019,  380411,  530447,  553491,   45686,   22642,    3920,   -3876,   -7950,    9515,   -1397,    1325,    4242,    2890,    -322,    1030,  100.0,   28.0,    8.1,   21.4,   42.6,   66.2,   91.9,   95.7,    8.1,    4.3,  100.0,   24.2,   19.2,    0.1,   65.2,   69.6,   89.6,   88.9,   10.4,   11.1,  100.0,   29.7,    9.0,   21.1,   41.3,   66.0,   92.1,   96.1,    7.9,    3.9,    318,    105,     52,     92,    128,    118,    277,    229,    138,     27,     14,      2,     50,     58,     77,     74,    314,    100,     58,     88,    118,    107,    263,    216,    10.5,    35.1,    18.8,    44.3,     8.8,    31.1,    16.6,    36.6,    24.3,    36.5,    37.3,    47.5,    24.3,    33.7,    37.3,    44.4,    10.9,    35.8,    19.7,    45.5,     9.3,    32.4,    17.5,    38.4,(CONTRACTS OF 100 TONS),026603,CBT ,026 
SOYBEAN OIL - CHICAGO BOARD OF TRADE,260818,2026-08-18,007601,CBT ,00,007 ,  624433,  150157,   45915,  133059,  305115,  421327,  588331,  600301,   36102,   24132,   90293,   17624,   22210,      72,   68918,   64749,   86614,   87031,    3679,    3262,  534140,  150410,   41582,  115110,  236197,  356578,  501717,  513270,   32423,   20870,    4364,   12326,   -7988,   -6083,   -2609,   17427,    3634,    3356,     730,    1008,  100.0,   24.0,    7.4,   21.3,   48.9,   67.5,   94.2,   96.1,    5.8,    3.9,  100.0,   19.5,   24.6,    0.1,   76.3,   71.7,   95.9,   96.4,    4.1,    3.6,  100.0,   28.2,    7.8,   21.6,   44.2,   66.8,   93.9,   96.1,    6.1,    3.9,    335,    129,     51,    104,    112,    108,    291,    225,    169,     32,     34,      2,     58,     56,     92,     90,    331,    128,     54,     99,     99,    102,    276,    215,    11.3,    26.3,    18.2,    37.8,     7.8,    22.1,    12.6,    29.4,    40.2,    37.1,    53.7,    50.2,    38.9,    36.5,    52.4,    49.2,    10.7,    26.8,    18.0,    39.3,     9.1,    23.8,    14.6,    35.2,"(CONTRACTS OF 60,000 POUNDS)",007601,CBT ,007 
SOYBEAN OIL - CHICAGO BOARD OF TRADE,260825,2026-08-25,007601,CBT ,00,007 ,  597071,  150289,   45683,  121600,  293620,  407094,  565509,  574377,   31562,   22694,   34605,    4023,    9061,      23,   29104,   23764,   33150,   32848,    1455,    1757,  562466,  153136,   43492,  114707,  264516,  383330,  532359,  541529,   30107,   20937,  -27362,     132,    -232,  -11459,  -11495,  -14233,  -22822,  -25924,   -4540,   -1438,  100.0,   25.2,    7.7,   20.4,   49.2,   68.2,   94.7,   96.2,    5.3,    3.8,  100.0,   11.6,   26.2,    0.1,   84.1,   68.7,   95.8,   94.9,    4.2,    5.1,  100.0,   27.2,    7.7,   20.4,   47.0,   68.2,   94.6,   96.3,    5.4,    3.7,    326,    126,     50,     97,    112,    100,    281,    216,    108,     17,     18,      1,     43,     40,     61,     58,    323,    126,     54,     95,    102,     97,    270,    211,    12.8,    26.6,    20.3,    38.2,     8.1,    21.6,    13.1,    30.4,    45.1,    35.2,    62.0,    50.2,    42.9,    35.2,    59.8,    50.2,    12.7,    27.1,    20.6,    39.0,     8.4,    22.5,    13.7,    33.1,"(CONTRACTS OF 60,000 POUNDS)",007601,CBT ,007 
SOYBEANS - CHICAGO BOARD OF TRADE,260818,2026-08-18,005602,CBT ,00,005 ,  989729,  278073,   87112,  200562,  465697,  635334,  944332,  923008,   45397,   66721,  954548,  270013,   87602,  191627,  450107,  611036,  911747,  890265,   42801,   64283,   35181,   11909,    3359,    5086,   15590,   24298,   32585,   32743,    2596,    2438,    6826,   25488,   -5528,  -12302,   -5074,   24929,    8112,    7099,   -1286,    -273,  100.0,   28.1,    8.8,   20.3,   47.1,   64.2,   95.4,   93.3,    4.6,    6.7,  100.0,   28.3,    9.2,   20.1,   47.2,   64.0,   95.5,   93.3,    4.5,    6.7,  100.0,   33.9,    9.5,   14.5,   44.3,   69.1,   92.6,   93.1,    7.4,    6.9,    639,    179,    109,    153,    191,    283,    441,    498,    639,    181,    109,    149,    190,    282,    438,    495,    224,     25,     33,     16,     32,    141,     66,    182,    10.4,    18.3,    18.3,    30.0,    10.0,    16.3,    16.3,    24.9,    10.8,    18.1,    18.5,    29.5,    10.4,    16.5,    16.9,    24.8,    36.5,    43.0,    53.9,    55.8,    36.2,    43.0,    53.7,    51.9,"(CONTRACTS OF 5,000 BUSHELS)",005602,CBT ,005 
SOYBEANS - CHICAGO BOARD OF TRADE,260825,2026-08-25,005602,CBT ,00,005 ,  972531,  303519,   82092,  177748,  446393,  646329,  927660,  906169,   44871,   66362,  931616,  296573,   82778,  164203,  429339,  621277,  890115,  868258,   41501,   63358,   40915,   13498,    5866,    6993,   17054,   25052,   37545,   37911,    3370,    3004,  -17198,   25446,   -5020,  -22814,  -19304,   10995,  -16672,  -16839,    -526,    -359,  100.0,   31.2,    8.4,   18.3,   45.9,   66.5,   95.4,   93.2,    4.6,    6.8,  100.0,   31.8,    8.9,   17.6,   46.1,   66.7,   95.5,   93.2,    4.5,    6.8,  100.0,   33.0,   14.3,   17.1,   41.7,   61.2,   91.8,   92.7,    8.2,    7.3,    627,    179,    111,    145,    189,    284,    434,    486,    627,    179,    113,    142,    188,    283,    431,    484,    242,     25,     41,     16,     33,    147,     70,    195,    11.7,    17.6,    19.5,    28.7,    11.3,    15.8,    18.6,    24.6,    12.2,    17.7,    20.2,    28.4,    11.8,    15.8,    19.4,    24.8,    34.6,    38.9,    50.9,    54.5,    34.3,    38.9,    49.5,    50.6,"(CONTRACTS OF 5,000 BUSHELS)",005602,CBT ,005 
SP15 FIN DA PEAK FIXED - ICE FUTURES ENERGY DIV,260818,2026-08-18,064395,IFED,01,064 ,  106458,    4495,   21665,   14444,   87342,   70010,  106281,  106119,     177,     339,  106458,    4495,   21665,   14444,   87342,   70010,  106281,  106119,     177,     339,       0,       0,       0,       0,       0,       0,       0,       0,       0,       0,    1531,   -1197,    -367,    1545,    1175,     350,    1523,    1528,       8,       3,  100.0,    4.2,   20.4,   13.6,   82.0,   65.8,   99.8,   99.7,    0.2,    0.3,  100.0,    4.2,   20.4,   13.6,   82.0,   65.8,   99.8,   99.7,    0.2,    0.3,    0.0,    0.0,    0.0,    0.0,    0.0,    0.0,    0.0,    0.0,    0.0,    0.0,     75,     10,     20,     14,     38,     35,     55,     62,     75,     10,     20,     14,     38,     35,     55,     62,      0,      0,      0,      0,      0,      0,      0,      0,    44.6,    41.8,    71.6,    60.9,    42.1,    34.4,    58.7,    50.1,    44.6,    41.8,    71.6,    60.9,    42.1,    34.4,    58.7,    50.1,     0.0,     0.0,     0.0,     0.0,     0.0,     0.0,     0.0,     0.0,(Contracts of about 400 MWh),064395,IFED,064 
SP15 FIN DA PEAK FIXED - ICE FUTURES ENERGY DIV,260825,2026-08-25,064395,IFED,01,064 ,  109145,    5442,   23282,   14385,   89151,   71208,  108978,  108875,     167,     270,  109145,    5442,   23282,   14385,   89151,   71208,  108978,  108875,     167,     270,       0,       0,       0,       0,       0,       0,       0,       0,       0,       0,    2687,     947,    1617,     -59,    1809,    1198,    2697,    2756,     -10,     -69,  100.0,    5.0,   21.3,   13.2,   81.7,   65.2,   99.8,   99.8,    0.2,    0.2,  100.0,    5.0,   21.3,   13.2,   81.7,   65.2,   99.8,   99.8,    0.2,    0.2,    0.0,    0.0,    0.0,    0.0,    0.0,    0.0,    0.0,    0.0,    0.0,    0.0,     76,      8,     22,     15,     39,     35,     57,     62,     76,      8,     22,     15,     39,     35,     57,     62,      0,      0,      0,      0,      0,      0,      0,      0,    44.4,    41.0,    72.2,    60.5,    42.7,    33.5,    58.8,    49.4,    44.4,    41.0,    72.2,    60.5,    42.7,    33.5,    58.8,    49.4,     0.0,     0.0,     0.0,     0.0,     0.0,     0.0,     0.0,     0.0,(Contracts of about 400 MWh),064395,IFED,064 
STEEL-HRC - COMMODITY EXCHANGE INC.,260818,2026-08-18,192651,CMX ,01,192 ,   42864,   11956,    1990,    1838,   28597,   38929,   42391,   42757,     473,     107,   42864,   11956,    1990,    1838,   28597,   38929,   42391,   42757,     473,     107,       0,       0,       0,       0,       0,       0,       0,       0,       0,       0,    1194,     367,    -533,    -759,    1492,    2477,    1100,    1185,      94,       9,  100.0,   27.9,    4.6,    4.3,   66.7,   90.8,   98.9,   99.8,    1.1,    0.2,  100.0,   27.9,    4.6,    4.3,   66.7,   90.8,   98.9,   99.8,    1.1,    0.2,    0.0,    0.0,    0.0,    0.0,    0.0,    0.0,    0.0,    0.0,    0.0,    0.0,     72,     28,     10,     12,     29,     18,     62,     35,     72,     28,     10,     12,     29,     18,     62,     35,      0,      0,      0,      0,      0,      0,      0,      0,    37.3,    80.8,    58.1,    87.6,    36.6,    77.6,    55.6,    81.8,    37.3,    80.8,    58.1,    87.6,    36.6,    77.6,    55.6,    81.8,     0.0,     0.0,     0.0,     0.0,     0.0,     0.0,     0.0,     0.0,(CONTRACTS OF 20 SHORT TONS),192651,CMX ,192 
STEEL-HRC - COMMODITY EXCHANGE INC.,260825,2026-08-25,192651,CMX ,01,192 ,   44354,   11561,    3136,    2100,   30258,   39010,   43919,   44246,     435,     108,   44354,   11561,    3136,    2100,   30258,   39010,   43919,   44246,     435,     108,       0,       0,       0,       0,       0,       0,       0,       0,       0,       0,    1490,    -395,    1146,     262,    1661,      81,    1528,    1489,     -38,       1,  100.0,   26.1,    7.1,    4.7,   68.2,   88.0,   99.0,   99.8,    1.0,    0.2,  100.0,   26.1,    7.1,    4.7,   68.2,   88.0,   99.0,   99.8,    1.0,    0.2,    0.0,    0.0,    0.0,    0.0,    0.0,    0.0,    0.0,    0.0,    0.0,    0.0,     68,     21,     12,     10,     30,     20,     58,     36,     68,     21,     12,     10,     30,     20,     58,     36,      0,      0,      0,      0,      0,      0,      0,      0,    40.0,    78.9,    60.3,    85.8,    39.3,    75.5,    59.1,    79.8,    40.0,    78.9,    60.3,    85.8,    39.3,    75.5,    59.1,    79.8,     0.0,     0.0,     0.0,     0.0,     0.0,     0.0,     0.0,     0.0,(CONTRACTS OF 20 SHORT TONS),192651,CMX ,192 
"STELLAR PERP STYLE - COINBASE DERIVATIVES, LLC",260818,2026-08-18,173LM2,FREX,00,180 ,    4101,    2567,    3922,       0,       0,       0,    2567,    3922,    1534,     179,    4101,    2567,    3922,       0,       0,       0,    2567,    3922,    1534,     179,       0,       0,       0,       0,       0,       0,       0,       0,       0,       0,    -120,    -213,    -114,       0,       0,       0,    -213,    -114,      93,      -6,  100.0,   62.6,   95.6,    0.0,    0.0,    0.0,   62.6,   95.6,   37.4,    4.4,  100.0,   62.6,   95.6,    0.0,    0.0,    0.0,   62.6,   95.6,   37.4,    4.4,    0.0,    0.0,    0.0,    0.0,    0.0,    0.0,    0.0,    0.0,    0.0,    0.0,     52,     39,     13,      0,      0,      0,     39,     13,     52,     39,     13,      0,      0,      0,     39,     13,      0,      0,      0,      0,      0,      0,      0,      0,     9.8,    81.9,    19.5,    90.2,     9.8,    81.9,    19.5,    90.2,     9.8,    81.9,    19.5,    90.2,     9.8,    81.9,    19.5,    90.2,     0.0,     0.0,     0.0,     0.0,     0.0,     0.0,     0.0,     0.0,(5000 Stellar),173LM2,FREX,180 
"STELLAR PERP STYLE - COINBASE DERIVATIVES, LLC",260825,2026-08-25,173LM2,FREX,00,180 ,    3750,    2588,    3632,       0,       0,       0,    2588,    3632,    1162,     118,    3750,    2588,    3632,       0,       0,       0,    2588,    3632,    1162,     118,       0,       0,       0,       0,       0,       0,       0,       0,       0,       0,    -351,      21,    -290,       0,       0,       0,      21,    -290,    -372,     -61,  100.0,   69.0,   96.9,    0.0,    0.0,    0.0,   69.0,   96.9,   31.0,    3.1,  100.0,   69.0,   96.9,    0.0,    0.0,    0.0,   69.0,   96.9,   31.0,    3.1,    0.0,    0.0,    0.0,    0.0,    0.0,    0.0,    0.0,    0.0,    0.0,    0.0,     53,     38,     15,      0,      0,      0,     38,     15,     53,     38,     15,      0,      0,      0,     38,     15,      0,      0,      0,      0,      0,      0,      0,      0,    12.1,    78.9,    22.7,    88.2,    12.1,    78.9,    22.7,    88.2,    12.1,    78.9,    22.7,    88.2,    12.1,    78.9,    22.7,    88.2,     0.0,     0.0,     0.0,     0.0,     0.0,     0.0,     0.0,     0.0,(5000 Stellar),173LM2,FREX,180 
SUGAR NO. 11 - ICE FUTURES U.S.,260818,2026-08-18,080732,ICUS,01,080 , 1174925,  325076,  247124,  240273,  506152,  629140, 1071501, 1116537,  103424,   58388, 1174925,  325076,  247124,  240273,  506152,  629140, 1071501, 1116537,  103424,   58388,       0,       0,       0,       0,       0,       0,       0,       0,       0,       0,   59768,    7696,  -42869,   28499,   13532,   80598,   49727,   66228,   10041,   -6460,  100.0,   27.7,   21.0,   20.4,   43.1,   53.5,   91.2,   95.0,    8.8,    5.0,  100.0,   27.7,   21.0,   20.4,   43.1,   53.5,   91.2,   95.0,    8.8,    5.0,    0.0,    0.0,    0.0,    0.0,    0.0,    0.0,    0.0,    0.0,    0.0,    0.0,    296,    117,     75,    106,     75,     74,    250,    205,    296,    117,     75,    106,     75,     74,    250,    205,      0,      0,      0,      0,      0,      0,      0,      0,    13.2,    21.2,    22.4,    34.8,    11.1,    17.2,    18.2,    26.1,    13.2,    21.2,    22.4,    34.8,    11.1,    17.2,    18.2,    26.1,     0.0,     0.0,     0.0,     0.0,     0.0,     0.0,     0.0,     0.0,"(CONTRACTS OF 112,000 POUNDS)",080732,ICUS,080 
SUGAR NO. 11 - ICE FUTURES U.S.,260825,2026-08-25,080732,ICUS,01,080 , 1251139,  364998,  254864,  275585,  506126,  664057, 1146709, 1194506,  104430,   56633, 1251139,  364998,  254864,  275585,  506126,  664057, 1146709, 1194506,  104430,   56633,       0,       0,       0,       0,       0,       0,       0,       0,       0,       0,   76214,   39922,    7740,   35312,     -26,   34917,   75208,   77969,    1006,   -1755,  100.0,   29.2,   20.4,   22.0,   40.5,   53.1,   91.7,   95.5,    8.3,    4.5,  100.0,   29.2,   20.4,   22.0,   40.5,   53.1,   91.7,   95.5,    8.3,    4.5,    0.0,    0.0,    0.0,    0.0,    0.0,    0.0,    0.0,    0.0,    0.0,    0.0,    302,    121,     71,    101,     81,     79,    255,    206,    302,    121,     71,    101,     81,     79,    255,    206,      0,      0,      0,      0,      0,      0,      0,      0,    12.3,    20.6,    20.6,    32.8,    10.6,    17.4,    17.4,    25.9,    12.3,    20.6,    20.6,    32.8,    10.6,    17.4,    17.4,    25.9,     0.0,     0.0,     0.0,     0.0,     0.0,     0.0,     0.0,     0.0,"(CONTRACTS OF 112,000 POUNDS)",080732,ICUS,080 
"SUI PERP STYLE - COINBASE DERIVATIVES, LLC",260818,2026-08-18,180LM3,FREX,00,180 ,    4186,    2814,    3922,       0,       0,       0,    2814,    3922,    1372,     264,    4186,    2814,    3922,       0,       0,       0,    2814,    3922,    1372,     264,       0,       0,       0,       0,       0,       0,       0,       0,       0,       0,     455,     399,     450,       0,       0,       0,     399,     450,      56,       5,  100.0,   67.2,   93.7,    0.0,    0.0,    0.0,   67.2,   93.7,   32.8,    6.3,  100.0,   67.2,   93.7,    0.0,    0.0,    0.0,   67.2,   93.7,   32.8,    6.3,    0.0,    0.0,    0.0,    0.0,    0.0,    0.0,    0.0,    0.0,    0.0,    0.0,     74,     57,     17,      0,      0,      0,     57,     17,     74,     57,     17,      0,      0,      0,     57,     17,      0,      0,      0,      0,      0,      0,      0,      0,     9.6,    72.1,    18.3,    81.7,     9.6,    72.1,    18.3,    81.7,     9.6,    72.1,    18.3,    81.7,     9.6,    72.1,    18.3,    81.7,     0.0,     0.0,     0.0,     0.0,     0.0,     0.0,     0.0,     0.0,(500 x SUI),180LM3,FREX,180 
"SUI PERP STYLE - COINBASE DERIVATIVES, LLC",260825,2026-08-25,180LM3,FREX,00,180 ,    4097,    2851,    3919,       0,       0,       0,    2851,    3919,    1246,     178,    4097,    2851,    3919,       0,       0,       0,    2851,    3919,    1246,     178,       0,       0,       0,       0,       0,       0,       0,       0,       0,       0,     -89,      37,      -3,       0,       0,       0,      37,      -3,    -126,     -86,  100.0,   69.6,   95.7,    0.0,    0.0,    0.0,   69.6,   95.7,   30.4,    4.3,  100.0,   69.6,   95.7,    0.0,    0.0,    0.0,   69.6,   95.7,   30.4,    4.3,    0.0,    0.0,    0.0,    0.0,    0.0,    0.0,    0.0,    0.0,    0.0,    0.0,     69,     51,     18,      0,      0,      0,     51,     18,     69,     51,     18,      0,      0,      0,     51,     18,      0,      0,      0,      0,      0,      0,      0,      0,     9.8,    75.0,    19.5,    84.3,     9.8,    75.0,    19.5,    84.3,     9.8,    75.0,    19.5,    84.3,     9.8,    75.0,    19.5,    84.3,     0.0,     0.0,     0.0,     0.0,     0.0,     0.0,     0.0,     0.0,(500 x SUI),180LM3,FREX,180 
SWISS FRANC - CHICAGO MERCANTILE EXCHANGE,260818,2026-08-18,092741,CME ,00,092 ,  113749,   14041,   41319,   10120,   77081,   38107,  101242,   89546,   12507,   24203,  113749,   14041,   41319,   10120,   77081,   38107,  101242,   89546,   12507,   24203,       0,       0,       0,       0,       0,       0,       0,       0,       0,       0,    3875,    4268,    -916,    2868,   -4203,    1236,    2933,    3188,     942,     687,  100.0,   12.3,   36.3,    8.9,   67.8,   33.5,   89.0,   78.7,   11.0,   21.3,  100.0,   12.3,   36.3,    8.9,   67.8,   33.5,   89.0,   78.7,   11.0,   21.3,    0.0,    0.0,    0.0,    0.0,    0.0,    0.0,    0.0,    0.0,    0.0,    0.0,     62,     11,     20,      6,     19,     17,     33,     40,     62,     11,     20,      6,     19,     17,     33,     40,      0,      0,      0,      0,      0,      0,      0,      0,    63.6,    32.2,    74.4,    49.9,    56.9,    29.6,    64.8,    44.9,    63.6,    32.2,    74.4,    49.9,    56.9,    29.6,    64.8,    44.9,     0.0,     0.0,     0.0,     0.0,     0.0,     0.0,     0.0,     0.0,"(CONTRACTS OF CHF 125,000)",092741,CME ,092 
SWISS FRANC - CHICAGO MERCANTILE EXCHANGE,260825,2026-08-25,092741,CME ,00,092 ,  108923,   19938,   39884,   10084,   68219,   37706,   98241,   87674,   10682,   21249,  108923,   19938,   39884,   10084,   68219,   37706,   98241,   87674,   10682,   21249,       0,       0,       0,       0,       0,       0,       0,       0,       0,       0,   -4826,    5897,   -1435,     -36,   -8862,    -401,   -3001,   -1872,   -1825,   -2954,  100.0,   18.3,   36.6,    9.3,   62.6,   34.6,   90.2,   80.5,    9.8,   19.5,  100.0,   18.3,   36.6,    9.3,   62.6,   34.6,   90.2,   80.5,    9.8,   19.5,    0.0,    0.0,    0.0,    0.0,    0.0,    0.0,    0.0,    0.0,    0.0,    0.0,     64,     13,     19,      3,     19,     19,     33,     40,     64,     13,     19,      3,     19,     19,     33,     40,      0,      0,      0,      0,      0,      0,      0,      0,    63.0,    34.1,    72.7,    52.3,    54.5,    31.8,    62.8,    46.8,    63.0,    34.1,    72.7,    52.3,    54.5,    31.8,    62.8,    46.8,     0.0,     0.0,     0.0,     0.0,     0.0,     0.0,     0.0,     0.0,"(CONTRACTS OF CHF 125,000)",092741,CME ,092 
TCO Basis - ICE FUTURES ENERGY DIV,260818,2026-08-18,02339W,IFED,01,023 ,  225603,    1282,    1251,     512,  217295,  212368,  219089,  214131,    6514,   11472,  225603,    1282,    1251,     512,  217295,  212368,  219089,  214131,    6514,   11472,       0,       0,       0,       0,       0,       0,       0,       0,       0,       0,    5513,    -392,      60,      -4,    6362,    4148,    5966,    4204,    -453,    1309,  100.0,    0.6,    0.6,    0.2,   96.3,   94.1,   97.1,   94.9,    2.9,    5.1,  100.0,    0.6,    0.6,    0.2,   96.3,   94.1,   97.1,   94.9,    2.9,    5.1,    0.0,    0.0,    0.0,    0.0,    0.0,    0.0,    0.0,    0.0,    0.0,    0.0,     38,      2,      1,      1,     22,     22,     24,     24,     38,      2,      1,      1,     22,     22,     24,     24,      0,      0,      0,      0,      0,      0,      0,      0,    52.5,    54.4,    73.7,    78.5,    52.5,    53.8,    72.2,    77.6,    52.5,    54.4,    73.7,    78.5,    52.5,    53.8,    72.2,    77.6,     0.0,     0.0,     0.0,     0.0,     0.0,     0.0,     0.0,     0.0,2500 mm btu,02339W,IFED,023 
TCO Basis - ICE FUTURES ENERGY DIV,260825,2026-08-25,02339W,IFED,01,023 ,  229711,     316,    1251,     902,  222563,  216727,  223781,  218880,    5930,   10831,  229711,     316,    1251,     902,  222563,  216727,  223781,  218880,    5930,   10831,       0,       0,       0,       0,       0,       0,       0,       0,       0,       0,    4108,    -966,       0,     390,    5268,    4359,    4692,    4749,    -584,    -641,  100.0,    0.1,    0.5,    0.4,   96.9,   94.3,   97.4,   95.3,    2.6,    4.7,  100.0,    0.1,    0.5,    0.4,   96.9,   94.3,   97.4,   95.3,    2.6,    4.7,    0.0,    0.0,    0.0,    0.0,    0.0,    0.0,    0.0,    0.0,    0.0,    0.0,     40,      2,      1,      2,     24,     24,     26,     27,     40,      2,      1,      2,     24,     24,     26,     27,      0,      0,      0,      0,      0,      0,      0,      0,    51.5,    53.9,    72.7,    77.6,    51.4,    53.3,    71.4,    76.7,    51.5,    53.9,    72.7,    77.6,    51.4,    53.3,    71.4,    76.7,     0.0,     0.0,     0.0,     0.0,     0.0,     0.0,     0.0,     0.0,2500 mm btu,02339W,IFED,023 
TETCO ELA BASIS - ICE FUTURES ENERGY DIV,260818,2026-08-18,0233CF,IFED,01,023 ,   75722,    1541,    1200,       0,   72448,   69654,   73989,   70854,    1733,    4868,   75722,    1541,    1200,       0,   72448,   69654,   73989,   70854,    1733,    4868,       0,       0,       0,       0,       0,       0,       0,       0,       0,       0,.,.,.,.,.,.,.,.,.,.,  100.0,    2.0,    1.6,    0.0,   95.7,   92.0,   97.7,   93.6,    2.3,    6.4,  100.0,    2.0,    1.6,    0.0,   95.7,   92.0,   97.7,   93.6,    2.3,    6.4,    0.0,    0.0,    0.0,    0.0,    0.0,    0.0,    0.0,    0.0,    0.0,    0.0,     21,      1,      2,      0,     11,     14,     12,     16,     21,      1,      2,      0,     11,     14,     12,     16,      0,      0,      0,      0,      0,      0,      0,      0,    68.1,    69.9,    90.9,    85.4,    64.3,    64.1,    81.2,    77.9,    68.1,    69.9,    90.9,    85.4,    64.3,    64.1,    81.2,    77.9,     0.0,     0.0,     0.0,     0.0,     0.0,     0.0,     0.0,     0.0,mmbtu,0233CF,IFED,023 
TETCO ELA BASIS - ICE FUTURES ENERGY DIV,260825,2026-08-25,0233CF,IFED,01,023 ,   75722,    1541,    1080,       0,   72448,   69774,   73989,   70854,    1733,    4868,   75722,    1541,    1080,       0,   72448,   69774,   73989,   70854,    1733,    4868,       0,       0,       0,       0,       0,       0,       0,       0,       0,       0,       0,       0,    -120,       0,       0,     120,       0,       0,       0,       0,  100.0,    2.0,    1.4,    0.0,   95.7,   92.1,   97.7,   93.6,    2.3,    6.4,  100.0,    2.0,    1.4,    0.0,   95.7,   92.1,   97.7,   93.6,    2.3,    6.4,    0.0,    0.0,    0.0,    0.0,    0.0,    0.0,    0.0,    0.0,    0.0,    0.0,     21,      1,      2,      0,     11,     14,     12,     16,     21,      1,      2,      0,     11,     14,     12,     16,      0,      0,      0,      0,      0,      0,      0,      0,    68.1,    70.0,    90.9,    85.5,    64.4,    64.2,    81.2,    78.1,    68.1,    70.0,    90.9,    85.5,    64.4,    64.2,    81.2,    78.1,     0.0,     0.0,     0.0,     0.0,     0.0,     0.0,     0.0,     0.0,mmbtu,0233CF,IFED,023 
TETCO M2 Basis (Receipts) - ICE FUTURES ENERGY DIV,260818,2026-08-18,0233DR,IFED,01,023 ,  554933,   35845,    4017,    4917,  507235,  543165,  547997,  552099,    6936,    2834,  554933,   35845,    4017,    4917,  507235,  543165,  547997,  552099,    6936,    2834,       0,       0,       0,       0,       0,       0,       0,       0,       0,       0,   12949,    1966,    1354,    -711,   11422,   12306,   12677,   12949,     272,       0,  100.0,    6.5,    0.7,    0.9,   91.4,   97.9,   98.8,   99.5,    1.2,    0.5,  100.0,    6.5,    0.7,    0.9,   91.4,   97.9,   98.8,   99.5,    1.2,    0.5,    0.0,    0.0,    0.0,    0.0,    0.0,    0.0,    0.0,    0.0,    0.0,    0.0,     60,      4,      3,      4,     39,     28,     44,     34,     60,      4,      3,      4,     39,     28,     44,     34,      0,      0,      0,      0,      0,      0,      0,      0,    45.7,    50.4,    64.0,    73.7,    45.6,    50.3,    63.5,    73.6,    45.7,    50.4,    64.0,    73.7,    45.6,    50.3,    63.5,    73.6,     0.0,     0.0,     0.0,     0.0,     0.0,     0.0,     0.0,     0.0,2500 MM Btus,0233DR,IFED,023 
TETCO M2 Basis (Receipts) - ICE FUTURES ENERGY DIV,260825,2026-08-25,0233DR,IFED,01,023 ,  576413,   33630,    5289,    6821,  529032,  561352,  569483,  573462,    6930,    2951,  576413,   33630,    5289,    6821,  529032,  561352,  569483,  573462,    6930,    2951,       0,       0,       0,       0,       0,       0,       0,       0,       0,       0,   21480,   -2215,    1272,    1904,   21797,   18187,   21486,   21363,      -6,     117,  100.0,    5.8,    0.9,    1.2,   91.8,   97.4,   98.8,   99.5,    1.2,    0.5,  100.0,    5.8,    0.9,    1.2,   91.8,   97.4,   98.8,   99.5,    1.2,    0.5,    0.0,    0.0,    0.0,    0.0,    0.0,    0.0,    0.0,    0.0,    0.0,    0.0,     61,      4,      3,      5,     40,     28,     45,     35,     61,      4,      3,      5,     40,     28,     45,     35,      0,      0,      0,      0,      0,      0,      0,      0,    45.1,    49.6,    63.2,    73.2,    45.1,    49.5,    62.5,    73.2,    45.1,    49.6,    63.2,    73.2,    45.1,    49.5,    62.5,    73.2,     0.0,     0.0,     0.0,     0.0,     0.0,     0.0,     0.0,     0.0,2500 MM Btus,0233DR,IFED,023 
TETCO M2 Index (Receipts) - ICE FUTURES ENERGY DIV,260818,2026-08-18,0233DW,IFED,01,023 ,   39625,    1208,    1510,       0,   38171,   36397,   39379,   37907,     246,    1718,   39625,    1208,    1510,       0,   38171,   36397,   39379,   37907,     246,    1718,       0,       0,       0,       0,       0,       0,       0,       0,       0,       0,    3258,       0,       0,       0,    3502,    3138,    3502,    3138,    -244,     120,  100.0,    3.0,    3.8,    0.0,   96.3,   91.9,   99.4,   95.7,    0.6,    4.3,  100.0,    3.0,    3.8,    0.0,   96.3,   91.9,   99.4,   95.7,    0.6,    4.3,    0.0,    0.0,    0.0,    0.0,    0.0,    0.0,    0.0,    0.0,    0.0,    0.0,     32,      1,      1,      0,     15,     18,     16,     19,     32,      1,      1,      0,     15,     18,     16,     19,      0,      0,      0,      0,      0,      0,      0,      0,    66.2,    47.4,    86.3,    71.6,    66.2,    47.4,    84.8,    71.6,    66.2,    47.4,    86.3,    71.6,    66.2,    47.4,    84.8,    71.6,     0.0,     0.0,     0.0,     0.0,     0.0,     0.0,     0.0,     0.0,2500 MM Btus,0233DW,IFED,023 
TETCO M2 Index (Receipts) - ICE FUTURES ENERGY DIV,260825,2026-08-25,0233DW,IFED,01,023 ,   42357,    1208,    1510,       0,   40903,   38889,   42111,   40399,     246,    1958,   42357,    1208,    1510,       0,   40903,   38889,   42111,   40399,     246,    1958,       0,       0,       0,       0,       0,       0,       0,       0,       0,       0,    2732,       0,       0,       0,    2732,    2492,    2732,    2492,       0,     240,  100.0,    2.9,    3.6,    0.0,   96.6,   91.8,   99.4,   95.4,    0.6,    4.6,  100.0,    2.9,    3.6,    0.0,   96.6,   91.8,   99.4,   95.4,    0.6,    4.6,    0.0,    0.0,    0.0,    0.0,    0.0,    0.0,    0.0,    0.0,    0.0,    0.0,     33,      1,      1,      0,     16,     19,     17,     20,     33,      1,      1,      0,     16,     19,     17,     20,      0,      0,      0,      0,      0,      0,      0,      0,    62.0,    45.0,    81.7,    71.2,    62.0,    45.0,    80.9,    71.2,    62.0,    45.0,    81.7,    71.2,    62.0,    45.0,    80.9,    71.2,     0.0,     0.0,     0.0,     0.0,     0.0,     0.0,     0.0,     0.0,2500 MM Btus,0233DW,IFED,023 
TETCO M3 BASIS - ICE FUTURES ENERGY DIV,260818,2026-08-18,0233CH,IFED,01,023 ,  165714,    5391,    7973,    4522,  146619,  146846,  156532,  159341,    9182,    6373,  165714,    5391,    7973,    4522,  146619,  146846,  156532,  159341,    9182,    6373,       0,       0,       0,       0,       0,       0,       0,       0,       0,       0,    3461,     459,     871,    -209,    4053,    3310,    4303,    3972,    -842,    -511,  100.0,    3.3,    4.8,    2.7,   88.5,   88.6,   94.5,   96.2,    5.5,    3.8,  100.0,    3.3,    4.8,    2.7,   88.5,   88.6,   94.5,   96.2,    5.5,    3.8,    0.0,    0.0,    0.0,    0.0,    0.0,    0.0,    0.0,    0.0,    0.0,    0.0,     47,      2,      6,      5,     24,     31,     29,     39,     47,      2,      6,      5,     24,     31,     29,     39,      0,      0,      0,      0,      0,      0,      0,      0,    45.0,    34.3,    66.9,    51.7,    41.5,    33.9,    62.3,    49.3,    45.0,    34.3,    66.9,    51.7,    41.5,    33.9,    62.3,    49.3,     0.0,     0.0,     0.0,     0.0,     0.0,     0.0,     0.0,     0.0,2500 mm btu,0233CH,IFED,023 
TETCO M3 BASIS - ICE FUTURES ENERGY DIV,260825,2026-08-25,0233CH,IFED,01,023 ,  173032,    8194,    9156,    4370,  149655,  153357,  162219,  166883,   10813,    6149,  173032,    8194,    9156,    4370,  149655,  153357,  162219,  166883,   10813,    6149,       0,       0,       0,       0,       0,       0,       0,       0,       0,       0,    7318,    2803,    1183,    -152,    3036,    6511,    5687,    7542,    1631,    -224,  100.0,    4.7,    5.3,    2.5,   86.5,   88.6,   93.8,   96.4,    6.2,    3.6,  100.0,    4.7,    5.3,    2.5,   86.5,   88.6,   93.8,   96.4,    6.2,    3.6,    0.0,    0.0,    0.0,    0.0,    0.0,    0.0,    0.0,    0.0,    0.0,    0.0,     48,      2,      7,      4,     24,     32,     29,     40,     48,      2,      7,      4,     24,     32,     29,     40,      0,      0,      0,      0,      0,      0,      0,      0,    44.4,    35.6,    65.8,    52.4,    40.8,    35.4,    61.7,    50.1,    44.4,    35.6,    65.8,    52.4,    40.8,    35.4,    61.7,    50.1,     0.0,     0.0,     0.0,     0.0,     0.0,     0.0,     0.0,     0.0,2500 mm btu,0233CH,IFED,023 
TETCO M3 INDEX - ICE FUTURES ENERGY DIV,260818,2026-08-18,0233CG,IFED,01,023 ,   59195,    1085,     372,       0,   57432,   55606,   58517,   55978,     678,    3217,   59195,    1085,     372,       0,   57432,   55606,   58517,   55978,     678,    3217,       0,       0,       0,       0,       0,       0,       0,       0,       0,       0,     120,       0,       0,       0,     120,     120,     120,     120,       0,       0,  100.0,    1.8,    0.6,    0.0,   97.0,   93.9,   98.9,   94.6,    1.1,    5.4,  100.0,    1.8,    0.6,    0.0,   97.0,   93.9,   98.9,   94.6,    1.1,    5.4,    0.0,    0.0,    0.0,    0.0,    0.0,    0.0,    0.0,    0.0,    0.0,    0.0,     28,      2,      1,      0,     11,     18,     13,     19,     28,      2,      1,      0,     11,     18,     13,     19,      0,      0,      0,      0,      0,      0,      0,      0,    73.3,    52.9,    93.3,    74.1,    73.3,    50.2,    84.2,    70.4,    73.3,    52.9,    93.3,    74.1,    73.3,    50.2,    84.2,    70.4,     0.0,     0.0,     0.0,     0.0,     0.0,     0.0,     0.0,     0.0,2500 mmbtu,0233CG,IFED,023 
TETCO M3 INDEX - ICE FUTURES ENERGY DIV,260825,2026-08-25,0233CG,IFED,01,023 ,   64917,    1205,     582,       0,   62824,   60488,   64029,   61070,     888,    3847,   64917,    1205,     582,       0,   62824,   60488,   64029,   61070,     888,    3847,       0,       0,       0,       0,       0,       0,       0,       0,       0,       0,    5722,     120,     210,       0,    5392,    4882,    5512,    5092,     210,     630,  100.0,    1.9,    0.9,    0.0,   96.8,   93.2,   98.6,   94.1,    1.4,    5.9,  100.0,    1.9,    0.9,    0.0,   96.8,   93.2,   98.6,   94.1,    1.4,    5.9,    0.0,    0.0,    0.0,    0.0,    0.0,    0.0,    0.0,    0.0,    0.0,    0.0,     29,      2,      2,      0,     11,     18,     13,     20,     29,      2,      2,      0,     11,     18,     13,     20,      0,      0,      0,      0,      0,      0,      0,      0,    71.8,    51.7,    93.3,    74.5,    71.8,    46.8,    82.6,    69.1,    71.8,    51.7,    93.3,    74.5,    71.8,    46.8,    82.6,    69.1,     0.0,     0.0,     0.0,     0.0,     0.0,     0.0,     0.0,     0.0,2500 mmbtu,0233CG,IFED,023 
TETCO WLA BASIS - ICE FUTURES ENERGY DIV,260818,2026-08-18,0233CC,IFED,01,023 ,  129770,       0,   30692,       0,  125535,   97235,  125535,  127927,    4235,    1843,  129770,       0,   30692,       0,  125535,   97235,  125535,  127927,    4235,    1843,       0,       0,       0,       0,       0,       0,       0,       0,       0,       0,    2166,       0,    2339,       0,    2166,    -173,    2166,    2166,       0,       0,  100.0,    0.0,   23.7,    0.0,   96.7,   74.9,   96.7,   98.6,    3.3,    1.4,  100.0,    0.0,   23.7,    0.0,   96.7,   74.9,   96.7,   98.6,    3.3,    1.4,    0.0,    0.0,    0.0,    0.0,    0.0,    0.0,    0.0,    0.0,    0.0,    0.0,     38,      0,      4,      0,     25,     19,     25,     23,     38,      0,      4,      0,     25,     19,     25,     23,      0,      0,      0,      0,      0,      0,      0,      0,    52.3,    61.5,    75.0,    80.3,    52.3,    58.4,    74.6,    75.1,    52.3,    61.5,    75.0,    80.3,    52.3,    58.4,    74.6,    75.1,     0.0,     0.0,     0.0,     0.0,     0.0,     0.0,     0.0,     0.0,mmbtu,0233CC,IFED,023 
TETCO WLA BASIS - ICE FUTURES ENERGY DIV,260825,2026-08-25,0233CC,IFED,01,023 ,  131347,       0,   30626,       0,  127082,   98968,  127082,  129594,    4265,    1753,  131347,       0,   30626,       0,  127082,   98968,  127082,  129594,    4265,    1753,       0,       0,       0,       0,       0,       0,       0,       0,       0,       0,    1577,       0,     -66,       0,    1547,    1733,    1547,    1667,      30,     -90,  100.0,    0.0,   23.3,    0.0,   96.8,   75.3,   96.8,   98.7,    3.2,    1.3,  100.0,    0.0,   23.3,    0.0,   96.8,   75.3,   96.8,   98.7,    3.2,    1.3,    0.0,    0.0,    0.0,    0.0,    0.0,    0.0,    0.0,    0.0,    0.0,    0.0,     39,      0,      4,      0,     25,     20,     25,     24,     39,      0,      4,      0,     25,     20,     25,     24,      0,      0,      0,      0,      0,      0,      0,      0,    51.7,    60.9,    74.5,    79.4,    51.7,    57.8,    73.6,    74.4,    51.7,    60.9,    74.5,    79.4,    51.7,    57.8,    73.6,    74.4,     0.0,     0.0,     0.0,     0.0,     0.0,     0.0,     0.0,     0.0,mmbtu,0233CC,IFED,023 
TGT ZONE 1 BASIS - ICE FUTURES ENERGY DIV,260818,2026-08-18,0233CM,IFED,01,023 ,  228261,    5933,       0,      60,  218472,  213232,  224465,  213292,    3796,   14969,  228261,    5933,       0,      60,  218472,  213232,  224465,  213292,    3796,   14969,       0,       0,       0,       0,       0,       0,       0,       0,       0,       0,    5299,       0,       0,       0,    6124,    5848,    6124,    5848,    -825,    -549,  100.0,    2.6,    0.0,    0.0,   95.7,   93.4,   98.3,   93.4,    1.7,    6.6,  100.0,    2.6,    0.0,    0.0,   95.7,   93.4,   98.3,   93.4,    1.7,    6.6,    0.0,    0.0,    0.0,    0.0,    0.0,    0.0,    0.0,    0.0,    0.0,    0.0,     39,      2,      0,      1,     31,     26,     33,     27,     39,      2,      0,      1,     31,     26,     33,     27,      0,      0,      0,      0,      0,      0,      0,      0,    44.5,    58.4,    73.7,    78.8,    43.7,    56.9,    68.0,    74.0,    44.5,    58.4,    73.7,    78.8,    43.7,    56.9,    68.0,    74.0,     0.0,     0.0,     0.0,     0.0,     0.0,     0.0,     0.0,     0.0,2500 MMBtus,0233CM,IFED,023 
TGT ZONE 1 BASIS - ICE FUTURES ENERGY DIV,260825,2026-08-25,0233CM,IFED,01,023 ,  229453,    6353,       0,       0,  219425,  214454,  225778,  214454,    3675,   14999,  229453,    6353,       0,       0,  219425,  214454,  225778,  214454,    3675,   14999,       0,       0,       0,       0,       0,       0,       0,       0,       0,       0,    1192,     420,       0,     -60,     953,    1222,    1313,    1162,    -121,      30,  100.0,    2.8,    0.0,    0.0,   95.6,   93.5,   98.4,   93.5,    1.6,    6.5,  100.0,    2.8,    0.0,    0.0,   95.6,   93.5,   98.4,   93.5,    1.6,    6.5,    0.0,    0.0,    0.0,    0.0,    0.0,    0.0,    0.0,    0.0,    0.0,    0.0,     39,      2,      0,      0,     31,     27,     33,     27,     39,      2,      0,      0,     31,     27,     33,     27,      0,      0,      0,      0,      0,      0,      0,      0,    44.3,    58.2,    73.1,    78.4,    43.5,    56.6,    67.4,    73.6,    44.3,    58.2,    73.1,    78.4,    43.5,    56.6,    67.4,    73.6,     0.0,     0.0,     0.0,     0.0,     0.0,     0.0,     0.0,     0.0,2500 MMBtus,0233CM,IFED,023 
TRANSCO LEIDY BASIS - ICE FUTURES ENERGY DIV,260818,2026-08-18,0233DT,IFED,01,023 ,  122261,   12985,     565,     400,  103080,  118141,  116465,  119106,    5796,    3155,  122261,   12985,     565,     400,  103080,  118141,  116465,  119106,    5796,    3155,       0,       0,       0,       0,       0,       0,       0,       0,       0,       0,    5401,     544,     565,     186,    5773,    6921,    6503,    7672,   -1102,   -2271,  100.0,   10.6,    0.5,    0.3,   84.3,   96.6,   95.3,   97.4,    4.7,    2.6,  100.0,   10.6,    0.5,    0.3,   84.3,   96.6,   95.3,   97.4,    4.7,    2.6,    0.0,    0.0,    0.0,    0.0,    0.0,    0.0,    0.0,    0.0,    0.0,    0.0,     37,      3,      1,      2,     27,     21,     31,     23,     37,      3,      1,      2,     27,     21,     31,     23,      0,      0,      0,      0,      0,      0,      0,      0,    42.7,    40.9,    59.4,    65.9,    42.3,    39.9,    58.8,    61.5,    42.7,    40.9,    59.4,    65.9,    42.3,    39.9,    58.8,    61.5,     0.0,     0.0,     0.0,     0.0,     0.0,     0.0,     0.0,     0.0,"(Contracts of 2,500  MMBTU'S)",0233DT,IFED,023 
TRANSCO LEIDY BASIS - ICE FUTURES ENERGY DIV,260825,2026-08-25,0233DT,IFED,01,023 ,  125114,   13716,     625,     400,  105442,  120542,  119558,  121567,    5556,    3547,  125114,   13716,     625,     400,  105442,  120542,  119558,  121567,    5556,    3547,       0,       0,       0,       0,       0,       0,       0,       0,       0,       0,    2853,     731,      60,       0,    2362,    2401,    3093,    2461,    -240,     392,  100.0,   11.0,    0.5,    0.3,   84.3,   96.3,   95.6,   97.2,    4.4,    2.8,  100.0,   11.0,    0.5,    0.3,   84.3,   96.3,   95.6,   97.2,    4.4,    2.8,    0.0,    0.0,    0.0,    0.0,    0.0,    0.0,    0.0,    0.0,    0.0,    0.0,     38,      3,      1,      2,     28,     22,     32,     24,     38,      3,      1,      2,     28,     22,     32,     24,      0,      0,      0,      0,      0,      0,      0,      0,    42.0,    40.6,    60.4,    64.4,    41.6,    40.0,    59.9,    60.9,    42.0,    40.6,    60.4,    64.4,    41.6,    40.0,    59.9,    60.9,     0.0,     0.0,     0.0,     0.0,     0.0,     0.0,     0.0,     0.0,"(Contracts of 2,500  MMBTU'S)",0233DT,IFED,023 
TRANSCO STATION 85-ZONE 4 BASI - ICE FUTURES ENERGY DIV,260818,2026-08-18,0233CW,IFED,01,023 ,  301542,   67255,   19171,   16200,  203627,  263566,  287082,  298937,   14460,    2605,  301542,   67255,   19171,   16200,  203627,  263566,  287082,  298937,   14460,    2605,       0,       0,       0,       0,       0,       0,       0,       0,       0,       0,   16985,   24272,    3620,   -2604,   -5498,   15822,   16170,   16838,     815,     147,  100.0,   22.3,    6.4,    5.4,   67.5,   87.4,   95.2,   99.1,    4.8,    0.9,  100.0,   22.3,    6.4,    5.4,   67.5,   87.4,   95.2,   99.1,    4.8,    0.9,    0.0,    0.0,    0.0,    0.0,    0.0,    0.0,    0.0,    0.0,    0.0,    0.0,     70,      9,      5,      9,     36,     49,     49,     60,     70,      9,      5,      9,     36,     49,     49,     60,      0,      0,      0,      0,      0,      0,      0,      0,    33.2,    32.6,    53.5,    52.5,    27.4,    28.2,    41.9,    45.4,    33.2,    32.6,    53.5,    52.5,    27.4,    28.2,    41.9,    45.4,     0.0,     0.0,     0.0,     0.0,     0.0,     0.0,     0.0,     0.0,2500 mm btu,0233CW,IFED,023 
TRANSCO STATION 85-ZONE 4 BASI - ICE FUTURES ENERGY DIV,260825,2026-08-25,0233CW,IFED,01,023 ,  294864,   67555,   20937,   16775,  198092,  254757,  282422,  292469,   12442,    2395,  294864,   67555,   20937,   16775,  198092,  254757,  282422,  292469,   12442,    2395,       0,       0,       0,       0,       0,       0,       0,       0,       0,       0,   -6678,     300,    1766,     575,   -5535,   -8809,   -4660,   -6468,   -2018,    -210,  100.0,   22.9,    7.1,    5.7,   67.2,   86.4,   95.8,   99.2,    4.2,    0.8,  100.0,   22.9,    7.1,    5.7,   67.2,   86.4,   95.8,   99.2,    4.2,    0.8,    0.0,    0.0,    0.0,    0.0,    0.0,    0.0,    0.0,    0.0,    0.0,    0.0,     68,      9,      5,      9,     36,     46,     49,     57,     68,      9,      5,      9,     36,     46,     49,     57,      0,      0,      0,      0,      0,      0,      0,      0,    32.8,    31.9,    52.6,    50.6,    26.8,    26.8,    41.7,    42.8,    32.8,    31.9,    52.6,    50.6,    26.8,    26.8,    41.7,    42.8,     0.0,     0.0,     0.0,     0.0,     0.0,     0.0,     0.0,     0.0,2500 mm btu,0233CW,IFED,023 
TRANSCO STN 85 MONTHLY INDEX - ICE FUTURES ENERGY DIV,260818,2026-08-18,0233CS,IFED,01,023 ,   59544,   11377,    8110,     155,   46060,   49774,   57592,   58039,    1952,    1505,   59544,   11377,    8110,     155,   46060,   49774,   57592,   58039,    1952,    1505,       0,       0,       0,       0,       0,       0,       0,       0,       0,       0,    4609,    1888,     630,       0,    2663,    4352,    4551,    4982,      58,    -373,  100.0,   19.1,   13.6,    0.3,   77.4,   83.6,   96.7,   97.5,    3.3,    2.5,  100.0,   19.1,   13.6,    0.3,   77.4,   83.6,   96.7,   97.5,    3.3,    2.5,    0.0,    0.0,    0.0,    0.0,    0.0,    0.0,    0.0,    0.0,    0.0,    0.0,     37,      5,      5,      1,     16,     18,     22,     23,     37,      5,      5,      1,     16,     18,     22,     23,      0,      0,      0,      0,      0,      0,      0,      0,    48.3,    59.9,    75.8,    79.1,    48.3,    59.9,    75.1,    77.5,    48.3,    59.9,    75.8,    79.1,    48.3,    59.9,    75.1,    77.5,     0.0,     0.0,     0.0,     0.0,     0.0,     0.0,     0.0,     0.0,mmbtu,0233CS,IFED,023 
TRANSCO STN 85 MONTHLY INDEX - ICE FUTURES ENERGY DIV,260825,2026-08-25,0233CS,IFED,01,023 ,   67637,   19660,   10660,    2135,   44895,   53768,   66690,   66563,     947,    1074,   67637,   19660,   10660,    2135,   44895,   53768,   66690,   66563,     947,    1074,       0,       0,       0,       0,       0,       0,       0,       0,       0,       0,    8093,    8283,    2550,    1980,   -1165,    3994,    9098,    8524,   -1005,    -431,  100.0,   29.1,   15.8,    3.2,   66.4,   79.5,   98.6,   98.4,    1.4,    1.6,  100.0,   29.1,   15.8,    3.2,   66.4,   79.5,   98.6,   98.4,    1.4,    1.6,    0.0,    0.0,    0.0,    0.0,    0.0,    0.0,    0.0,    0.0,    0.0,    0.0,     46,      6,      6,      2,     19,     25,     26,     32,     46,      6,      6,      2,     19,     25,     26,     32,      0,      0,      0,      0,      0,      0,      0,      0,    46.0,    51.1,    72.5,    69.6,    46.0,    51.1,    72.2,    68.0,    46.0,    51.1,    72.5,    69.6,    46.0,    51.1,    72.2,    68.0,     0.0,     0.0,     0.0,     0.0,     0.0,     0.0,     0.0,     0.0,mmbtu,0233CS,IFED,023 
TRANSCO ZONE 6 BASIS - ICE FUTURES ENERGY DIV,260818,2026-08-18,0233CU,IFED,01,023 ,  265978,    3826,   17999,    5540,  248964,  238527,  258330,  262066,    7648,    3912,  265978,    3826,   17999,    5540,  248964,  238527,  258330,  262066,    7648,    3912,       0,       0,       0,       0,       0,       0,       0,       0,       0,       0,    7982,    -643,    3739,       1,    8200,    3940,    7558,    7680,     424,     302,  100.0,    1.4,    6.8,    2.1,   93.6,   89.7,   97.1,   98.5,    2.9,    1.5,  100.0,    1.4,    6.8,    2.1,   93.6,   89.7,   97.1,   98.5,    2.9,    1.5,    0.0,    0.0,    0.0,    0.0,    0.0,    0.0,    0.0,    0.0,    0.0,    0.0,     58,      3,     10,      8,     35,     31,     44,     43,     58,      3,     10,      8,     35,     31,     44,     43,      0,      0,      0,      0,      0,      0,      0,      0,    39.7,    54.3,    62.9,    68.3,    38.2,    53.6,    59.3,    65.8,    39.7,    54.3,    62.9,    68.3,    38.2,    53.6,    59.3,    65.8,     0.0,     0.0,     0.0,     0.0,     0.0,     0.0,     0.0,     0.0,mmbtu,0233CU,IFED,023 
TRANSCO ZONE 6 BASIS - ICE FUTURES ENERGY DIV,260825,2026-08-25,0233CU,IFED,01,023 ,  275009,    4613,   19224,    5841,  256814,  245578,  267268,  270643,    7741,    4366,  275009,    4613,   19224,    5841,  256814,  245578,  267268,  270643,    7741,    4366,       0,       0,       0,       0,       0,       0,       0,       0,       0,       0,    9031,     787,    1225,     301,    7850,    7051,    8938,    8577,      93,     454,  100.0,    1.7,    7.0,    2.1,   93.4,   89.3,   97.2,   98.4,    2.8,    1.6,  100.0,    1.7,    7.0,    2.1,   93.4,   89.3,   97.2,   98.4,    2.8,    1.6,    0.0,    0.0,    0.0,    0.0,    0.0,    0.0,    0.0,    0.0,    0.0,    0.0,     57,      3,      9,      8,     36,     31,     45,     42,     57,      3,      9,      8,     36,     31,     45,     42,      0,      0,      0,      0,      0,      0,      0,      0,    39.4,    53.7,    62.0,    67.9,    38.1,    53.2,    58.6,    64.9,    39.4,    53.7,    62.0,    67.9,    38.1,    53.2,    58.6,    64.9,     0.0,     0.0,     0.0,     0.0,     0.0,     0.0,     0.0,     0.0,mmbtu,0233CU,IFED,023 
TRANSCO ZONE 6 MONTHLY INDEX - ICE FUTURES ENERGY DIV,260818,2026-08-18,0233CV,IFED,01,023 ,  110477,       0,    7548,       0,  105785,   99168,  105785,  106716,    4692,    3761,  110477,       0,    7548,       0,  105785,   99168,  105785,  106716,    4692,    3761,       0,       0,       0,       0,       0,       0,       0,       0,       0,       0,    4620,       0,       0,       0,    4620,    4620,    4620,    4620,       0,       0,  100.0,    0.0,    6.8,    0.0,   95.8,   89.8,   95.8,   96.6,    4.2,    3.4,  100.0,    0.0,    6.8,    0.0,   95.8,   89.8,   95.8,   96.6,    4.2,    3.4,    0.0,    0.0,    0.0,    0.0,    0.0,    0.0,    0.0,    0.0,    0.0,    0.0,     27,      0,      3,      0,     12,     14,     12,     17,     27,      0,      3,      0,     12,     14,     12,     17,      0,      0,      0,      0,      0,      0,      0,      0,    76.0,    65.7,    92.1,    83.7,    76.0,    65.7,    91.7,    83.5,    76.0,    65.7,    92.1,    83.7,    76.0,    65.7,    91.7,    83.5,     0.0,     0.0,     0.0,     0.0,     0.0,     0.0,     0.0,     0.0,mmbtu,0233CV,IFED,023 
TRANSCO ZONE 6 MONTHLY INDEX - ICE FUTURES ENERGY DIV,260825,2026-08-25,0233CV,IFED,01,023 ,  131809,       0,    8541,       0,  127667,  119666,  127667,  128207,    4142,    3602,  131809,       0,    8541,       0,  127667,  119666,  127667,  128207,    4142,    3602,       0,       0,       0,       0,       0,       0,       0,       0,       0,       0,   21332,       0,     993,       0,   21882,   20498,   21882,   21491,    -550,    -159,  100.0,    0.0,    6.5,    0.0,   96.9,   90.8,   96.9,   97.3,    3.1,    2.7,  100.0,    0.0,    6.5,    0.0,   96.9,   90.8,   96.9,   97.3,    3.1,    2.7,    0.0,    0.0,    0.0,    0.0,    0.0,    0.0,    0.0,    0.0,    0.0,    0.0,     31,      0,      4,      0,     16,     17,     16,     21,     31,      0,      4,      0,     16,     17,     16,     21,      0,      0,      0,      0,      0,      0,      0,      0,    75.7,    65.4,    91.8,    81.8,    75.7,    65.4,    90.5,    81.3,    75.7,    65.4,    91.8,    81.8,    75.7,    65.4,    90.5,    81.3,     0.0,     0.0,     0.0,     0.0,     0.0,     0.0,     0.0,     0.0,mmbtu,0233CV,IFED,023 
TX REC CRS V26 BACK HALF - NODAL EXCHANGE,260818,2026-08-18,006NHT,NODX,01,006 ,    8952,      75,    5722,       0,    8718,    3059,    8793,    8781,     159,     171,    8952,      75,    5722,       0,    8718,    3059,    8793,    8781,     159,     171,       0,       0,       0,       0,       0,       0,       0,       0,       0,       0,      25,       0,      25,       0,      25,       0,      25,      25,       0,       0,  100.0,    0.8,   63.9,    0.0,   97.4,   34.2,   98.2,   98.1,    1.8,    1.9,  100.0,    0.8,   63.9,    0.0,   97.4,   34.2,   98.2,   98.1,    1.8,    1.9,    0.0,    0.0,    0.0,    0.0,    0.0,    0.0,    0.0,    0.0,    0.0,    0.0,     30,      1,      7,      0,     14,      8,     15,     15,     30,      1,      7,      0,     14,      8,     15,     15,      0,      0,      0,      0,      0,      0,      0,      0,    63.8,    63.6,    87.9,    85.9,    63.8,    63.6,    87.9,    85.9,    63.8,    63.6,    87.9,    85.9,    63.8,    63.6,    87.9,    85.9,     0.0,     0.0,     0.0,     0.0,     0.0,     0.0,     0.0,     0.0,1000 Texas RECs,006NHT,NODX,006 
TX REC CRS V26 BACK HALF - NODAL EXCHANGE,260825,2026-08-25,006NHT,NODX,01,006 ,    8645,      75,    5415,       0,    8411,    3059,    8486,    8474,     159,     171,    8645,      75,    5415,       0,    8411,    3059,    8486,    8474,     159,     171,       0,       0,       0,       0,       0,       0,       0,       0,       0,       0,    -307,       0,    -307,       0,    -307,       0,    -307,    -307,       0,       0,  100.0,    0.9,   62.6,    0.0,   97.3,   35.4,   98.2,   98.0,    1.8,    2.0,  100.0,    0.9,   62.6,    0.0,   97.3,   35.4,   98.2,   98.0,    1.8,    2.0,    0.0,    0.0,    0.0,    0.0,    0.0,    0.0,    0.0,    0.0,    0.0,    0.0,     29,      1,      6,      0,     14,      8,     15,     14,     29,      1,      6,      0,     14,      8,     15,     14,      0,      0,      0,      0,      0,      0,      0,      0,    62.5,    65.8,    87.4,    89.0,    62.5,    65.8,    87.4,    89.0,    62.5,    65.8,    87.4,    89.0,    62.5,    65.8,    87.4,    89.0,     0.0,     0.0,     0.0,     0.0,     0.0,     0.0,     0.0,     0.0,1000 Texas RECs,006NHT,NODX,006 
TX REC CRS V26 FRONT HALF - NODAL EXCHANGE,260818,2026-08-18,006NHY,NODX,01,006 ,    8105,     328,    3482,       0,    7446,    4293,    7774,    7775,     331,     330,    8105,     328,    3482,       0,    7446,    4293,    7774,    7775,     331,     330,       0,       0,       0,       0,       0,       0,       0,       0,       0,       0,       0,       0,       0,       0,       0,       0,       0,       0,       0,       0,  100.0,    4.0,   43.0,    0.0,   91.9,   53.0,   95.9,   95.9,    4.1,    4.1,  100.0,    4.0,   43.0,    0.0,   91.9,   53.0,   95.9,   95.9,    4.1,    4.1,    0.0,    0.0,    0.0,    0.0,    0.0,    0.0,    0.0,    0.0,    0.0,    0.0,     30,      3,      5,      0,     15,      7,     18,     12,     30,      3,      5,      0,     15,      7,     18,     12,      0,      0,      0,      0,      0,      0,      0,      0,    64.3,    58.8,    81.6,    86.2,    64.3,    58.8,    81.6,    86.2,    64.3,    58.8,    81.6,    86.2,    64.3,    58.8,    81.6,    86.2,     0.0,     0.0,     0.0,     0.0,     0.0,     0.0,     0.0,     0.0,1000 Texas RECs,006NHY,NODX,006 
TX REC CRS V26 FRONT HALF - NODAL EXCHANGE,260825,2026-08-25,006NHY,NODX,01,006 ,    8105,     328,    3482,       0,    7446,    4293,    7774,    7775,     331,     330,    8105,     328,    3482,       0,    7446,    4293,    7774,    7775,     331,     330,       0,       0,       0,       0,       0,       0,       0,       0,       0,       0,       0,       0,       0,       0,       0,       0,       0,       0,       0,       0,  100.0,    4.0,   43.0,    0.0,   91.9,   53.0,   95.9,   95.9,    4.1,    4.1,  100.0,    4.0,   43.0,    0.0,   91.9,   53.0,   95.9,   95.9,    4.1,    4.1,    0.0,    0.0,    0.0,    0.0,    0.0,    0.0,    0.0,    0.0,    0.0,    0.0,     30,      3,      5,      0,     15,      7,     18,     12,     30,      3,      5,      0,     15,      7,     18,     12,      0,      0,      0,      0,      0,      0,      0,      0,    64.3,    58.8,    81.6,    86.2,    64.3,    58.8,    81.6,    86.2,    64.3,    58.8,    81.6,    86.2,    64.3,    58.8,    81.6,    86.2,     0.0,     0.0,     0.0,     0.0,     0.0,     0.0,     0.0,     0.0,1000 Texas RECs,006NHY,NODX,006 
TX REC CRS V27 BACK HALF - NODAL EXCHANGE,260818,2026-08-18,006NHU,NODX,01,006 ,    6815,     626,    4213,       0,    5889,    2302,    6515,    6515,     300,     300,    6815,     626,    4213,       0,    5889,    2302,    6515,    6515,     300,     300,       0,       0,       0,       0,       0,       0,       0,       0,       0,       0,     -36,      86,     -65,       0,    -140,       0,     -54,     -65,      18,      29,  100.0,    9.2,   61.8,    0.0,   86.4,   33.8,   95.6,   95.6,    4.4,    4.4,  100.0,    9.2,   61.8,    0.0,   86.4,   33.8,   95.6,   95.6,    4.4,    4.4,    0.0,    0.0,    0.0,    0.0,    0.0,    0.0,    0.0,    0.0,    0.0,    0.0,     32,      6,      5,      0,     13,      8,     19,     13,     32,      6,      5,      0,     13,      8,     19,     13,      0,      0,      0,      0,      0,      0,      0,      0,    65.2,    70.6,    83.9,    89.8,    65.2,    70.6,    83.9,    89.8,    65.2,    70.6,    83.9,    89.8,    65.2,    70.6,    83.9,    89.8,     0.0,     0.0,     0.0,     0.0,     0.0,     0.0,     0.0,     0.0,1000 Texas RECs,006NHU,NODX,006 
TX REC CRS V27 BACK HALF - NODAL EXCHANGE,260825,2026-08-25,006NHU,NODX,01,006 ,    6665,     651,    4063,       0,    5714,    2302,    6365,    6365,     300,     300,    6665,     651,    4063,       0,    5714,    2302,    6365,    6365,     300,     300,       0,       0,       0,       0,       0,       0,       0,       0,       0,       0,    -150,      25,    -150,       0,    -175,       0,    -150,    -150,       0,       0,  100.0,    9.8,   61.0,    0.0,   85.7,   34.5,   95.5,   95.5,    4.5,    4.5,  100.0,    9.8,   61.0,    0.0,   85.7,   34.5,   95.5,   95.5,    4.5,    4.5,    0.0,    0.0,    0.0,    0.0,    0.0,    0.0,    0.0,    0.0,    0.0,    0.0,     31,      6,      4,      0,     13,      8,     19,     12,     31,      6,      4,      0,     13,      8,     19,     12,      0,      0,      0,      0,      0,      0,      0,      0,    62.5,    73.7,    84.0,    92.5,    62.5,    73.7,    84.0,    92.5,    62.5,    73.7,    84.0,    92.5,    62.5,    73.7,    84.0,    92.5,     0.0,     0.0,     0.0,     0.0,     0.0,     0.0,     0.0,     0.0,1000 Texas RECs,006NHU,NODX,006 
TX REC CRS V27 FRONT HALF - NODAL EXCHANGE,260818,2026-08-18,006NHZ,NODX,01,006 ,    7382,    1389,    3131,       0,    5838,    4075,    7227,    7206,     155,     176,    7382,    1389,    3131,       0,    5838,    4075,    7227,    7206,     155,     176,       0,       0,       0,       0,       0,       0,       0,       0,       0,       0,       0,       0,       0,       0,       0,       0,       0,       0,       0,       0,  100.0,   18.8,   42.4,    0.0,   79.1,   55.2,   97.9,   97.6,    2.1,    2.4,  100.0,   18.8,   42.4,    0.0,   79.1,   55.2,   97.9,   97.6,    2.1,    2.4,    0.0,    0.0,    0.0,    0.0,    0.0,    0.0,    0.0,    0.0,    0.0,    0.0,     33,      7,      2,      0,     15,     10,     22,     12,     33,      7,      2,      0,     15,     10,     22,     12,      0,      0,      0,      0,      0,      0,      0,      0,    59.3,    75.8,    78.1,    93.6,    59.3,    75.4,    78.1,    93.2,    59.3,    75.8,    78.1,    93.6,    59.3,    75.4,    78.1,    93.2,     0.0,     0.0,     0.0,     0.0,     0.0,     0.0,     0.0,     0.0,1000 Texas RECs,006NHZ,NODX,006 
TX REC CRS V27 FRONT HALF - NODAL EXCHANGE,260825,2026-08-25,006NHZ,NODX,01,006 ,    7482,    1365,    3231,       0,    5938,    4031,    7303,    7262,     179,     220,    7482,    1365,    3231,       0,    5938,    4031,    7303,    7262,     179,     220,       0,       0,       0,       0,       0,       0,       0,       0,       0,       0,     100,     -24,     100,       0,     100,     -44,      76,      56,      24,      44,  100.0,   18.2,   43.2,    0.0,   79.4,   53.9,   97.6,   97.1,    2.4,    2.9,  100.0,   18.2,   43.2,    0.0,   79.4,   53.9,   97.6,   97.1,    2.4,    2.9,    0.0,    0.0,    0.0,    0.0,    0.0,    0.0,    0.0,    0.0,    0.0,    0.0,     32,      7,      2,      0,     15,      9,     22,     11,     32,      7,      2,      0,     15,      9,     22,     11,      0,      0,      0,      0,      0,      0,      0,      0,    58.5,    75.1,    76.7,    94.0,    58.5,    74.8,    76.7,    93.7,    58.5,    75.1,    76.7,    94.0,    58.5,    74.8,    76.7,    93.7,     0.0,     0.0,     0.0,     0.0,     0.0,     0.0,     0.0,     0.0,1000 Texas RECs,006NHZ,NODX,006 
TX REC CRS V28 BACK HALF - NODAL EXCHANGE,260818,2026-08-18,006NHV,NODX,01,006 ,    5353,     888,    2632,     441,    3717,    1958,    5046,    5031,     307,     322,    5353,     888,    2632,     441,    3717,    1958,    5046,    5031,     307,     322,       0,       0,       0,       0,       0,       0,       0,       0,       0,       0,       0,       0,       0,       0,       0,       0,       0,       0,       0,       0,  100.0,   16.6,   49.2,    8.2,   69.4,   36.6,   94.3,   94.0,    5.7,    6.0,  100.0,   16.6,   49.2,    8.2,   69.4,   36.6,   94.3,   94.0,    5.7,    6.0,    0.0,    0.0,    0.0,    0.0,    0.0,    0.0,    0.0,    0.0,    0.0,    0.0,     31,      7,      3,      1,     14,      7,     21,     11,     31,      7,      3,      1,     14,      7,     21,     11,      0,      0,      0,      0,      0,      0,      0,      0,    49.8,    68.6,    73.3,    87.7,    43.4,    68.1,    65.1,    82.3,    49.8,    68.6,    73.3,    87.7,    43.4,    68.1,    65.1,    82.3,     0.0,     0.0,     0.0,     0.0,     0.0,     0.0,     0.0,     0.0,1000 Texas RECs,006NHV,NODX,006 
TX REC CRS V28 BACK HALF - NODAL EXCHANGE,260825,2026-08-25,006NHV,NODX,01,006 ,    4961,     696,    2240,     441,    3517,    1958,    4654,    4639,     307,     322,    4961,     696,    2240,     441,    3517,    1958,    4654,    4639,     307,     322,       0,       0,       0,       0,       0,       0,       0,       0,       0,       0,    -392,    -192,    -392,       0,    -200,       0,    -392,    -392,       0,       0,  100.0,   14.0,   45.2,    8.9,   70.9,   39.5,   93.8,   93.5,    6.2,    6.5,  100.0,   14.0,   45.2,    8.9,   70.9,   39.5,   93.8,   93.5,    6.2,    6.5,    0.0,    0.0,    0.0,    0.0,    0.0,    0.0,    0.0,    0.0,    0.0,    0.0,     31,      6,      4,      1,     14,      7,     20,     12,     31,      6,      4,      1,     14,      7,     20,     12,      0,      0,      0,      0,      0,      0,      0,      0,    49.7,    71.3,    75.1,    86.6,    42.8,    67.2,    66.2,    80.7,    49.7,    71.3,    75.1,    86.6,    42.8,    67.2,    66.2,    80.7,     0.0,     0.0,     0.0,     0.0,     0.0,     0.0,     0.0,     0.0,1000 Texas RECs,006NHV,NODX,006 
TX REC CRS V28 FRONT HALF - NODAL EXCHANGE,260818,2026-08-18,006NJ1,NODX,01,006 ,    5916,     651,    3032,       0,    4990,    2580,    5641,    5612,     275,     304,    5916,     651,    3032,       0,    4990,    2580,    5641,    5612,     275,     304,       0,       0,       0,       0,       0,       0,       0,       0,       0,       0,       0,       0,       0,       0,       0,       0,       0,       0,       0,       0,  100.0,   11.0,   51.3,    0.0,   84.3,   43.6,   95.4,   94.9,    4.6,    5.1,  100.0,   11.0,   51.3,    0.0,   84.3,   43.6,   95.4,   94.9,    4.6,    5.1,    0.0,    0.0,    0.0,    0.0,    0.0,    0.0,    0.0,    0.0,    0.0,    0.0,     25,      3,      5,      0,     10,      8,     13,     13,     25,      3,      5,      0,     10,      8,     13,     13,      0,      0,      0,      0,      0,      0,      0,      0,    68.3,    71.4,    85.5,    89.2,    67.4,    71.4,    84.6,    89.2,    68.3,    71.4,    85.5,    89.2,    67.4,    71.4,    84.6,    89.2,     0.0,     0.0,     0.0,     0.0,     0.0,     0.0,     0.0,     0.0,1000 Texas RECs,006NJ1,NODX,006 
TX REC CRS V28 FRONT HALF - NODAL EXCHANGE,260825,2026-08-25,006NJ1,NODX,01,006 ,    5949,     684,    3065,       0,    4990,    2580,    5674,    5645,     275,     304,    5949,     684,    3065,       0,    4990,    2580,    5674,    5645,     275,     304,       0,       0,       0,       0,       0,       0,       0,       0,       0,       0,      33,      33,      33,       0,       0,       0,      33,      33,       0,       0,  100.0,   11.5,   51.5,    0.0,   83.9,   43.4,   95.4,   94.9,    4.6,    5.1,  100.0,   11.5,   51.5,    0.0,   83.9,   43.4,   95.4,   94.9,    4.6,    5.1,    0.0,    0.0,    0.0,    0.0,    0.0,    0.0,    0.0,    0.0,    0.0,    0.0,     24,      3,      4,      0,     10,      8,     13,     12,     24,      3,      4,      0,     10,      8,     13,     12,      0,      0,      0,      0,      0,      0,      0,      0,    67.9,    71.0,    85.6,    90.4,    67.0,    71.0,    84.7,    90.4,    67.9,    71.0,    85.6,    90.4,    67.0,    71.0,    84.7,    90.4,     0.0,     0.0,     0.0,     0.0,     0.0,     0.0,     0.0,     0.0,1000 Texas RECs,006NJ1,NODX,006 
TX REC CRS V29 BACK HALF - NODAL EXCHANGE,260818,2026-08-18,006NHW,NODX,01,006 ,    5027,     557,    3060,       0,    4368,    1865,    4925,    4925,     102,     102,    5027,     557,    3060,       0,    4368,    1865,    4925,    4925,     102,     102,       0,       0,       0,       0,       0,       0,       0,       0,       0,       0,       0,       0,       0,       0,       0,       0,       0,       0,       0,       0,  100.0,   11.1,   60.9,    0.0,   86.9,   37.1,   98.0,   98.0,    2.0,    2.0,  100.0,   11.1,   60.9,    0.0,   86.9,   37.1,   98.0,   98.0,    2.0,    2.0,    0.0,    0.0,    0.0,    0.0,    0.0,    0.0,    0.0,    0.0,    0.0,    0.0,     29,      5,      4,      0,     13,      7,     18,     11,     29,      5,      4,      0,     13,      7,     18,     11,      0,      0,      0,      0,      0,      0,      0,      0,    61.0,    80.8,    84.5,    95.0,    61.0,    80.8,    84.5,    95.0,    61.0,    80.8,    84.5,    95.0,    61.0,    80.8,    84.5,    95.0,     0.0,     0.0,     0.0,     0.0,     0.0,     0.0,     0.0,     0.0,1000 Texas RECs,006NHW,NODX,006 
TX REC CRS V29 BACK HALF - NODAL EXCHANGE,260825,2026-08-25,006NHW,NODX,01,006 ,    4410,     631,    2335,       0,    3677,    1973,    4308,    4308,     102,     102,    4410,     631,    2335,       0,    3677,    1973,    4308,    4308,     102,     102,       0,       0,       0,       0,       0,       0,       0,       0,       0,       0,    -617,      74,    -725,       0,    -691,     108,    -617,    -617,       0,       0,  100.0,   14.3,   52.9,    0.0,   83.4,   44.7,   97.7,   97.7,    2.3,    2.3,  100.0,   14.3,   52.9,    0.0,   83.4,   44.7,   97.7,   97.7,    2.3,    2.3,    0.0,    0.0,    0.0,    0.0,    0.0,    0.0,    0.0,    0.0,    0.0,    0.0,     30,      5,      4,      0,     13,      8,     18,     12,     30,      5,      4,      0,     13,      8,     18,     12,      0,      0,      0,      0,      0,      0,      0,      0,    60.8,    77.1,    83.1,    92.0,    60.8,    77.1,    83.1,    92.0,    60.8,    77.1,    83.1,    92.0,    60.8,    77.1,    83.1,    92.0,     0.0,     0.0,     0.0,     0.0,     0.0,     0.0,     0.0,     0.0,1000 Texas RECs,006NHW,NODX,006 
TX REC CRS V29 FRONT HALF - NODAL EXCHANGE,260818,2026-08-18,006NJ2,NODX,01,006 ,    6148,    1192,    3040,      75,    4763,    2934,    6030,    6049,     118,      99,    6148,    1192,    3040,      75,    4763,    2934,    6030,    6049,     118,      99,       0,       0,       0,       0,       0,       0,       0,       0,       0,       0,       0,       0,       0,       0,       0,       0,       0,       0,       0,       0,  100.0,   19.4,   49.4,    1.2,   77.5,   47.7,   98.1,   98.4,    1.9,    1.6,  100.0,   19.4,   49.4,    1.2,   77.5,   47.7,   98.1,   98.4,    1.9,    1.6,    0.0,    0.0,    0.0,    0.0,    0.0,    0.0,    0.0,    0.0,    0.0,    0.0,     29,      5,      4,      1,     10,     10,     16,     14,     29,      5,      4,      1,     10,     10,     16,     14,      0,      0,      0,      0,      0,      0,      0,      0,    69.8,    75.9,    89.5,    92.6,    69.8,    75.9,    89.5,    92.6,    69.8,    75.9,    89.5,    92.6,    69.8,    75.9,    89.5,    92.6,     0.0,     0.0,     0.0,     0.0,     0.0,     0.0,     0.0,     0.0,1000 Texas RECs,006NJ2,NODX,006 
TX REC CRS V29 FRONT HALF - NODAL EXCHANGE,260825,2026-08-25,006NJ2,NODX,01,006 ,    6098,    1264,    2315,      75,    4641,    3584,    5980,    5974,     118,     124,    6098,    1264,    2315,      75,    4641,    3584,    5980,    5974,     118,     124,       0,       0,       0,       0,       0,       0,       0,       0,       0,       0,     -50,      72,    -725,       0,    -122,     650,     -50,     -75,       0,      25,  100.0,   20.7,   38.0,    1.2,   76.1,   58.8,   98.1,   98.0,    1.9,    2.0,  100.0,   20.7,   38.0,    1.2,   76.1,   58.8,   98.1,   98.0,    1.9,    2.0,    0.0,    0.0,    0.0,    0.0,    0.0,    0.0,    0.0,    0.0,    0.0,    0.0,     30,      5,      4,      1,     11,     10,     17,     14,     30,      5,      4,      1,     11,     10,     17,     14,      0,      0,      0,      0,      0,      0,      0,      0,    68.8,    83.8,    88.6,    92.7,    68.8,    83.8,    88.6,    92.6,    68.8,    83.8,    88.6,    92.7,    68.8,    83.8,    88.6,    92.6,     0.0,     0.0,     0.0,     0.0,     0.0,     0.0,     0.0,     0.0,1000 Texas RECs,006NJ2,NODX,006 
TX REC CRS V30 BACK HALF - NODAL EXCHANGE,260818,2026-08-18,006NHX,NODX,01,006 ,    3913,     195,    2512,       0,    3577,    1248,    3772,    3760,     141,     153,    3913,     195,    2512,       0,    3577,    1248,    3772,    3760,     141,     153,       0,       0,       0,       0,       0,       0,       0,       0,       0,       0,     100,       0,     100,       0,     100,       0,     100,     100,       0,       0,  100.0,    5.0,   64.2,    0.0,   91.4,   31.9,   96.4,   96.1,    3.6,    3.9,  100.0,    5.0,   64.2,    0.0,   91.4,   31.9,   96.4,   96.1,    3.6,    3.9,    0.0,    0.0,    0.0,    0.0,    0.0,    0.0,    0.0,    0.0,    0.0,    0.0,     28,      4,      5,      0,     11,     10,     15,     15,     28,      4,      5,      0,     11,     10,     15,     15,      0,      0,      0,      0,      0,      0,      0,      0,    77.6,    72.1,    88.6,    89.6,    76.9,    72.1,    87.9,    89.6,    77.6,    72.1,    88.6,    89.6,    76.9,    72.1,    87.9,    89.6,     0.0,     0.0,     0.0,     0.0,     0.0,     0.0,     0.0,     0.0,"(1,000 MWh representing 1,000 Texas RECs",006NHX,NODX,006 
TX REC CRS V30 BACK HALF - NODAL EXCHANGE,260825,2026-08-25,006NHX,NODX,01,006 ,    4113,     295,    2367,       0,    3677,    1593,    3972,    3960,     141,     153,    4113,     295,    2367,       0,    3677,    1593,    3972,    3960,     141,     153,       0,       0,       0,       0,       0,       0,       0,       0,       0,       0,     200,     100,    -145,       0,     100,     345,     200,     200,       0,       0,  100.0,    7.2,   57.5,    0.0,   89.4,   38.7,   96.6,   96.3,    3.4,    3.7,  100.0,    7.2,   57.5,    0.0,   89.4,   38.7,   96.6,   96.3,    3.4,    3.7,    0.0,    0.0,    0.0,    0.0,    0.0,    0.0,    0.0,    0.0,    0.0,    0.0,     28,      4,      5,      0,     11,     10,     15,     15,     28,      4,      5,      0,     11,     10,     15,     15,      0,      0,      0,      0,      0,      0,      0,      0,    76.2,    74.0,    88.4,    90.1,    75.6,    74.0,    87.8,    90.1,    76.2,    74.0,    88.4,    90.1,    75.6,    74.0,    87.8,    90.1,     0.0,     0.0,     0.0,     0.0,     0.0,     0.0,     0.0,     0.0,"(1,000 MWh representing 1,000 Texas RECs",006NHX,NODX,006 
TX REC CRS V30 FRONT HALF - NODAL EXCHANGE,260818,2026-08-18,006NJ3,NODX,01,006 ,    3391,     336,    2049,       0,    2901,    1162,    3237,    3211,     154,     180,    3391,     336,    2049,       0,    2901,    1162,    3237,    3211,     154,     180,       0,       0,       0,       0,       0,       0,       0,       0,       0,       0,      76,       0,      76,       0,     100,       0,     100,      76,     -24,       0,  100.0,    9.9,   60.4,    0.0,   85.5,   34.3,   95.5,   94.7,    4.5,    5.3,  100.0,    9.9,   60.4,    0.0,   85.5,   34.3,   95.5,   94.7,    4.5,    5.3,    0.0,    0.0,    0.0,    0.0,    0.0,    0.0,    0.0,    0.0,    0.0,    0.0,     26,      2,      7,      0,     10,     10,     12,     17,     26,      2,      7,      0,     10,     10,     12,     17,      0,      0,      0,      0,      0,      0,      0,      0,    72.7,    64.2,    88.7,    82.0,    70.3,    64.2,    86.4,    82.0,    72.7,    64.2,    88.7,    82.0,    70.3,    64.2,    86.4,    82.0,     0.0,     0.0,     0.0,     0.0,     0.0,     0.0,     0.0,     0.0,1000 Texas RECs,006NJ3,NODX,006 
TX REC CRS V30 FRONT HALF - NODAL EXCHANGE,260825,2026-08-25,006NJ3,NODX,01,006 ,    3513,     336,    1826,       0,    3001,    1507,    3337,    3333,     176,     180,    3513,     336,    1826,       0,    3001,    1507,    3337,    3333,     176,     180,       0,       0,       0,       0,       0,       0,       0,       0,       0,       0,     122,       0,    -223,       0,     100,     345,     100,     122,      22,       0,  100.0,    9.6,   52.0,    0.0,   85.4,   42.9,   95.0,   94.9,    5.0,    5.1,  100.0,    9.6,   52.0,    0.0,   85.4,   42.9,   95.0,   94.9,    5.0,    5.1,    0.0,    0.0,    0.0,    0.0,    0.0,    0.0,    0.0,    0.0,    0.0,    0.0,     25,      2,      6,      0,     10,     10,     12,     16,     25,      2,      6,      0,     10,     10,     12,     16,      0,      0,      0,      0,      0,      0,      0,      0,    73.0,    68.3,    88.5,    85.3,    70.7,    68.3,    86.3,    85.3,    73.0,    68.3,    88.5,    85.3,    70.7,    68.3,    86.3,    85.3,     0.0,     0.0,     0.0,     0.0,     0.0,     0.0,     0.0,     0.0,1000 Texas RECs,006NJ3,NODX,006 
TX REC CRS V31 BACK HALF - NODAL EXCHANGE,260818,2026-08-18,006NKH,NODX,01,006 ,    2247,     174,    1244,       0,    1973,     903,    2147,    2147,     100,     100,    2247,     174,    1244,       0,    1973,     903,    2147,    2147,     100,     100,       0,       0,       0,       0,       0,       0,       0,       0,       0,       0,       0,       0,       0,       0,       0,       0,       0,       0,       0,       0,  100.0,    7.7,   55.4,    0.0,   87.8,   40.2,   95.5,   95.5,    4.5,    4.5,  100.0,    7.7,   55.4,    0.0,   87.8,   40.2,   95.5,   95.5,    4.5,    4.5,    0.0,    0.0,    0.0,    0.0,    0.0,    0.0,    0.0,    0.0,    0.0,    0.0,     21,      2,      4,      0,      9,      8,     11,     12,     21,      2,      4,      0,      9,      8,     11,     12,      0,      0,      0,      0,      0,      0,      0,      0,    72.6,    72.3,    89.2,    89.9,    70.2,    72.3,    86.9,    89.9,    72.6,    72.3,    89.2,    89.9,    70.2,    72.3,    86.9,    89.9,     0.0,     0.0,     0.0,     0.0,     0.0,     0.0,     0.0,     0.0,1000 Texas RECs,006NKH,NODX,006 
TX REC CRS V31 BACK HALF - NODAL EXCHANGE,260825,2026-08-25,006NKH,NODX,01,006 ,    2247,     174,    1174,       0,    1973,     958,    2147,    2132,     100,     115,    2247,     174,    1174,       0,    1973,     958,    2147,    2132,     100,     115,       0,       0,       0,       0,       0,       0,       0,       0,       0,       0,       0,       0,     -70,       0,       0,      55,       0,     -15,       0,      15,  100.0,    7.7,   52.2,    0.0,   87.8,   42.6,   95.5,   94.9,    4.5,    5.1,  100.0,    7.7,   52.2,    0.0,   87.8,   42.6,   95.5,   94.9,    4.5,    5.1,    0.0,    0.0,    0.0,    0.0,    0.0,    0.0,    0.0,    0.0,    0.0,    0.0,     20,      2,      3,      0,      9,      8,     11,     11,     20,      2,      3,      0,      9,      8,     11,     11,      0,      0,      0,      0,      0,      0,      0,      0,    72.6,    78.1,    89.2,    91.4,    70.2,    78.1,    86.9,    91.4,    72.6,    78.1,    89.2,    91.4,    70.2,    78.1,    86.9,    91.4,     0.0,     0.0,     0.0,     0.0,     0.0,     0.0,     0.0,     0.0,1000 Texas RECs,006NKH,NODX,006 
TX REC CRS V31 FRONT HALF - NODAL EXCHANGE,260818,2026-08-18,006NKJ,NODX,01,006 ,    2166,     312,    1014,       0,    1749,    1052,    2061,    2066,     105,     100,    2166,     312,    1014,       0,    1749,    1052,    2061,    2066,     105,     100,       0,       0,       0,       0,       0,       0,       0,       0,       0,       0,       0,       0,       0,       0,       0,       0,       0,       0,       0,       0,  100.0,   14.4,   46.8,    0.0,   80.7,   48.6,   95.2,   95.4,    4.8,    4.6,  100.0,   14.4,   46.8,    0.0,   80.7,   48.6,   95.2,   95.4,    4.8,    4.6,    0.0,    0.0,    0.0,    0.0,    0.0,    0.0,    0.0,    0.0,    0.0,    0.0,     20,      3,      2,      0,     10,      7,     13,      9,     20,      3,      2,      0,     10,      7,     13,      9,      0,      0,      0,      0,      0,      0,      0,      0,    63.3,    76.8,    84.7,    94.1,    62.0,    76.8,    83.4,    91.2,    63.3,    76.8,    84.7,    94.1,    62.0,    76.8,    83.4,    91.2,     0.0,     0.0,     0.0,     0.0,     0.0,     0.0,     0.0,     0.0,1000 Texas RECs,006NKJ,NODX,006 
TX REC CRS V31 FRONT HALF - NODAL EXCHANGE,260825,2026-08-25,006NKJ,NODX,01,006 ,    2296,     423,    1089,       0,    1749,    1107,    2172,    2196,     124,     100,    2296,     423,    1089,       0,    1749,    1107,    2172,    2196,     124,     100,       0,       0,       0,       0,       0,       0,       0,       0,       0,       0,     130,     111,      75,       0,       0,      55,     111,     130,      19,       0,  100.0,   18.4,   47.4,    0.0,   76.2,   48.2,   94.6,   95.6,    5.4,    4.4,  100.0,   18.4,   47.4,    0.0,   76.2,   48.2,   94.6,   95.6,    5.4,    4.4,    0.0,    0.0,    0.0,    0.0,    0.0,    0.0,    0.0,    0.0,    0.0,    0.0,     20,      3,      2,      0,     10,      7,     13,      9,     20,      3,      2,      0,     10,      7,     13,      9,      0,      0,      0,      0,      0,      0,      0,      0,    59.7,    78.1,    83.7,    94.5,    58.5,    78.1,    82.5,    91.7,    59.7,    78.1,    83.7,    94.5,    58.5,    78.1,    82.5,    91.7,     0.0,     0.0,     0.0,     0.0,     0.0,     0.0,     0.0,     0.0,1000 Texas RECs,006NKJ,NODX,006 
Transco Zone 5 South Basis - ICE FUTURES ENERGY DIV,260818,2026-08-18,0233FJ,IFED,01,023 ,  150109,   23439,    3762,     581,  114508,  141593,  138528,  145936,   11581,    4173,  150109,   23439,    3762,     581,  114508,  141593,  138528,  145936,   11581,    4173,       0,       0,       0,       0,       0,       0,       0,       0,       0,       0,    1999,     297,     -62,     124,    1548,    1700,    1969,    1762,      30,     237,  100.0,   15.6,    2.5,    0.4,   76.3,   94.3,   92.3,   97.2,    7.7,    2.8,  100.0,   15.6,    2.5,    0.4,   76.3,   94.3,   92.3,   97.2,    7.7,    2.8,    0.0,    0.0,    0.0,    0.0,    0.0,    0.0,    0.0,    0.0,    0.0,    0.0,     44,      4,      2,      3,     24,     32,     28,     37,     44,      4,      2,      3,     24,     32,     28,     37,      0,      0,      0,      0,      0,      0,      0,      0,    50.9,    46.2,    71.9,    66.2,    47.2,    44.9,    66.9,    60.6,    50.9,    46.2,    71.9,    66.2,    47.2,    44.9,    66.9,    60.6,     0.0,     0.0,     0.0,     0.0,     0.0,     0.0,     0.0,     0.0,2500 MMBtus,0233FJ,IFED,023 
Transco Zone 5 South Basis - ICE FUTURES ENERGY DIV,260825,2026-08-25,0233FJ,IFED,01,023 ,  151186,   23803,    4093,     764,  117261,  142278,  141828,  147135,    9358,    4051,  151186,   23803,    4093,     764,  117261,  142278,  141828,  147135,    9358,    4051,       0,       0,       0,       0,       0,       0,       0,       0,       0,       0,    1077,     364,     331,     183,    2753,     685,    3300,    1199,   -2223,    -122,  100.0,   15.7,    2.7,    0.5,   77.6,   94.1,   93.8,   97.3,    6.2,    2.7,  100.0,   15.7,    2.7,    0.5,   77.6,   94.1,   93.8,   97.3,    6.2,    2.7,    0.0,    0.0,    0.0,    0.0,    0.0,    0.0,    0.0,    0.0,    0.0,    0.0,     46,      4,      2,      3,     26,     34,     30,     39,     46,      4,      2,      3,     26,     34,     30,     39,      0,      0,      0,      0,      0,      0,      0,      0,    51.0,    45.6,    71.8,    65.3,    47.3,    44.3,    66.7,    59.6,    51.0,    45.6,    71.8,    65.3,    47.3,    44.3,    66.7,    59.6,     0.0,     0.0,     0.0,     0.0,     0.0,     0.0,     0.0,     0.0,2500 MMBtus,0233FJ,IFED,023 
ULTRA UST 10Y - CHICAGO BOARD OF TRADE,260818,2026-08-18,043607,CBT ,00,043 , 2554270,  238588,  341784,   47869, 2049202, 1839182, 2335659, 2228835,  218611,  325435, 2554270,  238588,  341784,   47869, 2049202, 1839182, 2335659, 2228835,  218611,  325435,       0,       0,       0,       0,       0,       0,       0,       0,       0,       0,   63250,    4522,     954,   12417,   32118,   17748,   49057,   31119,   14193,   32131,  100.0,    9.3,   13.4,    1.9,   80.2,   72.0,   91.4,   87.3,    8.6,   12.7,  100.0,    9.3,   13.4,    1.9,   80.2,   72.0,   91.4,   87.3,    8.6,   12.7,    0.0,    0.0,    0.0,    0.0,    0.0,    0.0,    0.0,    0.0,    0.0,    0.0,    240,     27,     39,     24,    125,    133,    169,    179,    240,     27,     39,     24,    125,    133,    169,    179,      0,      0,      0,      0,      0,      0,      0,      0,    24.0,    22.6,    37.6,    33.7,    15.4,    16.9,    25.4,    24.0,    24.0,    22.6,    37.6,    33.7,    15.4,    16.9,    25.4,    24.0,     0.0,     0.0,     0.0,     0.0,     0.0,     0.0,     0.0,     0.0,"(CONTRACTS OF $100,000 FACE VALUE)",043607,CBT ,043 
ULTRA UST 10Y - CHICAGO BOARD OF TRADE,260825,2026-08-25,043607,CBT ,00,043 , 2981802,  237460,  378285,  201575, 2305732, 2054993, 2744767, 2634853,  237035,  346949, 2981802,  237460,  378285,  201575, 2305732, 2054993, 2744767, 2634853,  237035,  346949,       0,       0,       0,       0,       0,       0,       0,       0,       0,       0,  427532,   -1128,   36501,  153706,  256530,  215811,  409108,  406018,   18424,   21514,  100.0,    8.0,   12.7,    6.8,   77.3,   68.9,   92.1,   88.4,    7.9,   11.6,  100.0,    8.0,   12.7,    6.8,   77.3,   68.9,   92.1,   88.4,    7.9,   11.6,    0.0,    0.0,    0.0,    0.0,    0.0,    0.0,    0.0,    0.0,    0.0,    0.0,    244,     27,     43,     34,    130,    130,    180,    187,    244,     27,     43,     34,    130,    130,    180,    187,      0,      0,      0,      0,      0,      0,      0,      0,    21.1,    24.1,    33.5,    33.8,    13.1,    13.8,    22.3,    20.5,    21.1,    24.1,    33.5,    33.8,    13.1,    13.8,    22.3,    20.5,     0.0,     0.0,     0.0,     0.0,     0.0,     0.0,     0.0,     0.0,"(CONTRACTS OF $100,000 FACE VALUE)",043607,CBT ,043 
ULTRA UST BOND - CHICAGO BOARD OF TRADE,260818,2026-08-18,020604,CBT ,00,020 , 2493394,  166444,  513168,   65072, 2059603, 1709487, 2291119, 2287727,  202275,  205667, 2493394,  166444,  513168,   65072, 2059603, 1709487, 2291119, 2287727,  202275,  205667,       0,       0,       0,       0,       0,       0,       0,       0,       0,       0,   76691,   14911,   34852,   42214,   10460,  -14397,   67585,   62669,    9106,   14022,  100.0,    6.7,   20.6,    2.6,   82.6,   68.6,   91.9,   91.8,    8.1,    8.2,  100.0,    6.7,   20.6,    2.6,   82.6,   68.6,   91.9,   91.8,    8.1,    8.2,    0.0,    0.0,    0.0,    0.0,    0.0,    0.0,    0.0,    0.0,    0.0,    0.0,    223,     29,     33,     19,    125,    111,    163,    154,    223,     29,     33,     19,    125,    111,    163,    154,      0,      0,      0,      0,      0,      0,      0,      0,    30.5,    31.0,    42.6,    46.1,    27.4,    30.9,    37.7,    43.4,    30.5,    31.0,    42.6,    46.1,    27.4,    30.9,    37.7,    43.4,     0.0,     0.0,     0.0,     0.0,     0.0,     0.0,     0.0,     0.0,"(CONTRACTS OF $100,000 FACE VALUE)",020604,CBT ,020 
ULTRA UST BOND - CHICAGO BOARD OF TRADE,260825,2026-08-25,020604,CBT ,00,020 , 2968853,  146592,  552637,  255934, 2317308, 1919478, 2719834, 2728049,  249019,  240804, 2968853,  146592,  552637,  255934, 2317308, 1919478, 2719834, 2728049,  249019,  240804,       0,       0,       0,       0,       0,       0,       0,       0,       0,       0,  475459,  -19852,   39469,  190862,  257705,  209991,  428715,  440322,   46744,   35137,  100.0,    4.9,   18.6,    8.6,   78.1,   64.7,   91.6,   91.9,    8.4,    8.1,  100.0,    4.9,   18.6,    8.6,   78.1,   64.7,   91.6,   91.9,    8.4,    8.1,    0.0,    0.0,    0.0,    0.0,    0.0,    0.0,    0.0,    0.0,    0.0,    0.0,    228,     28,     38,     34,    131,    116,    181,    166,    228,     28,     38,     34,    131,    116,    181,    166,      0,      0,      0,      0,      0,      0,      0,      0,    25.2,    32.4,    38.5,    47.5,    22.6,    25.6,    30.7,    36.0,    25.2,    32.4,    38.5,    47.5,    22.6,    25.6,    30.7,    36.0,     0.0,     0.0,     0.0,     0.0,     0.0,     0.0,     0.0,     0.0,"(CONTRACTS OF $100,000 FACE VALUE)",020604,CBT ,020 
UP DOWN GC ULSD VS HO SPR - NEW YORK MERCANTILE EXCHANGE,260818,2026-08-18,022A13,NYME,01,022 ,   32683,     185,     202,    2112,   18635,   26234,   20932,   28548,   11751,    4135,   32683,     185,     202,    2112,   18635,   26234,   20932,   28548,   11751,    4135,       0,       0,       0,       0,       0,       0,       0,       0,       0,       0,     544,      75,     142,    -124,     290,     366,     241,     384,     303,     160,  100.0,    0.6,    0.6,    6.5,   57.0,   80.3,   64.0,   87.3,   36.0,   12.7,  100.0,    0.6,    0.6,    6.5,   57.0,   80.3,   64.0,   87.3,   36.0,   12.7,    0.0,    0.0,    0.0,    0.0,    0.0,    0.0,    0.0,    0.0,    0.0,    0.0,     25,      1,      1,      2,     18,     14,     20,     16,     25,      1,      1,      2,     18,     14,     20,     16,      0,      0,      0,      0,      0,      0,      0,      0,    35.4,    65.2,    47.8,    78.2,    30.7,    64.3,    37.6,    68.2,    35.4,    65.2,    47.8,    78.2,    30.7,    64.3,    37.6,    68.2,     0.0,     0.0,     0.0,     0.0,     0.0,     0.0,     0.0,     0.0,"(CONTRACTS OF 42,000 GALLONS)",022A13,NYME,022 
UP DOWN GC ULSD VS HO SPR - NEW YORK MERCANTILE EXCHANGE,260825,2026-08-25,022A13,NYME,01,022 ,   34741,     535,     282,    1747,   19783,   28442,   22065,   30471,   12676,    4270,   34741,     535,     282,    1747,   19783,   28442,   22065,   30471,   12676,    4270,       0,       0,       0,       0,       0,       0,       0,       0,       0,       0,    2058,     350,      80,    -365,    1148,    2208,    1133,    1923,     925,     135,  100.0,    1.5,    0.8,    5.0,   56.9,   81.9,   63.5,   87.7,   36.5,   12.3,  100.0,    1.5,    0.8,    5.0,   56.9,   81.9,   63.5,   87.7,   36.5,   12.3,    0.0,    0.0,    0.0,    0.0,    0.0,    0.0,    0.0,    0.0,    0.0,    0.0,     26,      1,      1,      2,     19,     14,     21,     16,     26,      1,      1,      2,     19,     14,     21,     16,      0,      0,      0,      0,      0,      0,      0,      0,    33.5,    65.4,    45.8,    78.1,    29.3,    63.7,    36.8,    68.4,    33.5,    65.4,    45.8,    78.1,    29.3,    63.7,    36.8,    68.4,     0.0,     0.0,     0.0,     0.0,     0.0,     0.0,     0.0,     0.0,"(CONTRACTS OF 42,000 GALLONS)",022A13,NYME,022 
USD INDEX - ICE FUTURES U.S.,260818,2026-08-18,098662,ICUS,01,098 ,   47928,   29582,   10503,    1667,   12803,   33479,   44052,   45649,    3876,    2279,   47928,   29582,   10503,    1667,   12803,   33479,   44052,   45649,    3876,    2279,       0,       0,       0,       0,       0,       0,       0,       0,       0,       0,   -1613,   -3069,    -739,      96,    1287,   -1465,   -1686,   -2108,      73,     495,  100.0,   61.7,   21.9,    3.5,   26.7,   69.9,   91.9,   95.2,    8.1,    4.8,  100.0,   61.7,   21.9,    3.5,   26.7,   69.9,   91.9,   95.2,    8.1,    4.8,    0.0,    0.0,    0.0,    0.0,    0.0,    0.0,    0.0,    0.0,    0.0,    0.0,    112,     65,     32,      8,     10,      8,     76,     47,    112,     65,     32,      8,     10,      8,     76,     47,      0,      0,      0,      0,      0,      0,      0,      0,    42.8,    75.2,    55.6,    82.2,    40.6,    75.2,    53.4,    81.0,    42.8,    75.2,    55.6,    82.2,    40.6,    75.2,    53.4,    81.0,     0.0,     0.0,     0.0,     0.0,     0.0,     0.0,     0.0,     0.0,(U.S. DOLLAR INDEX X $1000),098662,ICUS,098 
USD INDEX - ICE FUTURES U.S.,260825,2026-08-25,098662,ICUS,01,098 ,   47953,   29042,   10360,    1609,   13957,   33795,   44608,   45764,    3345,    2189,   47953,   29042,   10360,    1609,   13957,   33795,   44608,   45764,    3345,    2189,       0,       0,       0,       0,       0,       0,       0,       0,       0,       0,      25,    -540,    -143,     -58,    1154,     316,     556,     115,    -531,     -90,  100.0,   60.6,   21.6,    3.4,   29.1,   70.5,   93.0,   95.4,    7.0,    4.6,  100.0,   60.6,   21.6,    3.4,   29.1,   70.5,   93.0,   95.4,    7.0,    4.6,    0.0,    0.0,    0.0,    0.0,    0.0,    0.0,    0.0,    0.0,    0.0,    0.0,    107,     56,     37,      7,      8,      9,     66,     51,    107,     56,     37,      7,      8,      9,     66,     51,      0,      0,      0,      0,      0,      0,      0,      0,    43.5,    75.2,    58.3,    81.3,    42.0,    74.8,    55.9,    79.9,    43.5,    75.2,    58.3,    81.3,    42.0,    74.8,    55.9,    79.9,     0.0,     0.0,     0.0,     0.0,     0.0,     0.0,     0.0,     0.0,(U.S. DOLLAR INDEX X $1000),098662,ICUS,098 
USD Malaysian Crude Palm Oil C - CHICAGO MERCANTILE EXCHANGE,260818,2026-08-18,037021,CME ,00,037 ,   45449,    1300,    4950,    1020,   43069,   39479,   45389,   45449,      60,       0,   45449,    1300,    4950,    1020,   43069,   39479,   45389,   45449,      60,       0,       0,       0,       0,       0,       0,       0,       0,       0,       0,       0,   -2299,     -40,     777,     360,   -2619,   -3436,   -2299,   -2299,       0,       0,  100.0,    2.9,   10.9,    2.2,   94.8,   86.9,   99.9,  100.0,    0.1,    0.0,  100.0,    2.9,   10.9,    2.2,   94.8,   86.9,   99.9,  100.0,    0.1,    0.0,    0.0,    0.0,    0.0,    0.0,    0.0,    0.0,    0.0,    0.0,    0.0,    0.0,     29,      4,      3,      2,     16,     15,     22,     20,     29,      4,      3,      2,     16,     15,     22,     20,      0,      0,      0,      0,      0,      0,      0,      0,    82.7,    62.9,    91.1,    88.8,    42.2,    39.7,    46.6,    47.1,    82.7,    62.9,    91.1,    88.8,    42.2,    39.7,    46.6,    47.1,     0.0,     0.0,     0.0,     0.0,     0.0,     0.0,     0.0,     0.0,(CONTRACTS OF 25 METRIC TONS),037021,CME ,037 
USD Malaysian Crude Palm Oil C - CHICAGO MERCANTILE EXCHANGE,260825,2026-08-25,037021,CME ,00,037 ,   45009,    1300,    5492,    1500,   42189,   38017,   44989,   45009,      20,       0,   45009,    1300,    5492,    1500,   42189,   38017,   44989,   45009,      20,       0,       0,       0,       0,       0,       0,       0,       0,       0,       0,       0,    -440,       0,     542,     480,    -880,   -1462,    -400,    -440,     -40,       0,  100.0,    2.9,   12.2,    3.3,   93.7,   84.5,  100.0,  100.0,    0.0,    0.0,  100.0,    2.9,   12.2,    3.3,   93.7,   84.5,  100.0,  100.0,    0.0,    0.0,    0.0,    0.0,    0.0,    0.0,    0.0,    0.0,    0.0,    0.0,    0.0,    0.0,     29,      4,      3,      4,     16,     15,     23,     21,     29,      4,      3,      4,     16,     15,     23,     21,      0,      0,      0,      0,      0,      0,      0,      0,    81.0,    65.7,    90.1,    87.4,    45.3,    41.3,    49.3,    50.0,    81.0,    65.7,    90.1,    87.4,    45.3,    41.3,    49.3,    50.0,     0.0,     0.0,     0.0,     0.0,     0.0,     0.0,     0.0,     0.0,(CONTRACTS OF 25 METRIC TONS),037021,CME ,037 
USGC HSFO (PLATTS) - ICE FUTURES ENERGY DIV,260818,2026-08-18,02141B,IFED,01,021 ,   29840,   10569,       0,    2168,   17094,   27511,   29831,   29679,       9,     161,   29840,   10569,       0,    2168,   17094,   27511,   29831,   29679,       9,     161,       0,       0,       0,       0,       0,       0,       0,       0,       0,       0,    3450,     694,     -65,      69,    2710,    3478,    3473,    3482,     -23,     -32,  100.0,   35.4,    0.0,    7.3,   57.3,   92.2,  100.0,   99.5,    0.0,    0.5,  100.0,   35.4,    0.0,    7.3,   57.3,   92.2,  100.0,   99.5,    0.0,    0.5,    0.0,    0.0,    0.0,    0.0,    0.0,    0.0,    0.0,    0.0,    0.0,    0.0,     59,     11,      0,      8,     30,     41,     42,     49,     59,     11,      0,      8,     30,     41,     42,     49,      0,      0,      0,      0,      0,      0,      0,      0,    44.6,    30.5,    65.2,    49.4,    36.3,    18.9,    43.5,    31.6,    44.6,    30.5,    65.2,    49.4,    36.3,    18.9,    43.5,    31.6,     0.0,     0.0,     0.0,     0.0,     0.0,     0.0,     0.0,     0.0,(1000 barrels),02141B,IFED,021 
USGC HSFO (PLATTS) - ICE FUTURES ENERGY DIV,260825,2026-08-25,02141B,IFED,01,021 ,   32617,   11877,      67,    2251,   18439,   30154,   32567,   32472,      50,     145,   32617,   11877,      67,    2251,   18439,   30154,   32567,   32472,      50,     145,       0,       0,       0,       0,       0,       0,       0,       0,       0,       0,    2777,    1308,      67,      83,    1345,    2643,    2736,    2793,      41,     -16,  100.0,   36.4,    0.2,    6.9,   56.5,   92.4,   99.8,   99.6,    0.2,    0.4,  100.0,   36.4,    0.2,    6.9,   56.5,   92.4,   99.8,   99.6,    0.2,    0.4,    0.0,    0.0,    0.0,    0.0,    0.0,    0.0,    0.0,    0.0,    0.0,    0.0,     60,     10,      1,      8,     31,     42,     43,     50,     60,     10,      1,      8,     31,     42,     43,     50,      0,      0,      0,      0,      0,      0,      0,      0,    45.9,    28.7,    66.7,    51.1,    35.9,    19.7,    44.6,    32.5,    45.9,    28.7,    66.7,    51.1,    35.9,    19.7,    44.6,    32.5,     0.0,     0.0,     0.0,     0.0,     0.0,     0.0,     0.0,     0.0,(1000 barrels),02141B,IFED,021 
USGC HSFO-PLATTS/BRENT 1ST LN - ICE FUTURES ENERGY DIV,260818,2026-08-18,02141R,IFED,01,021 ,   13911,    2062,    3651,    1523,   10296,    8611,   13881,   13785,      30,     126,   13911,    2062,    3651,    1523,   10296,    8611,   13881,   13785,      30,     126,       0,       0,       0,       0,       0,       0,       0,       0,       0,       0,    1073,      -3,     366,     304,     772,     403,    1073,    1073,       0,       0,  100.0,   14.8,   26.2,   10.9,   74.0,   61.9,   99.8,   99.1,    0.2,    0.9,  100.0,   14.8,   26.2,   10.9,   74.0,   61.9,   99.8,   99.1,    0.2,    0.9,    0.0,    0.0,    0.0,    0.0,    0.0,    0.0,    0.0,    0.0,    0.0,    0.0,     44,      3,      7,      5,     26,     19,     33,     27,     44,      3,      7,      5,     26,     19,     33,     27,      0,      0,      0,      0,      0,      0,      0,      0,    66.7,    54.2,    79.9,    77.2,    57.9,    52.6,    71.0,    67.2,    66.7,    54.2,    79.9,    77.2,    57.9,    52.6,    71.0,    67.2,     0.0,     0.0,     0.0,     0.0,     0.0,     0.0,     0.0,     0.0,(1000 Barrels),02141R,IFED,021 
USGC HSFO-PLATTS/BRENT 1ST LN - ICE FUTURES ENERGY DIV,260825,2026-08-25,02141R,IFED,01,021 ,   16179,    2015,    4946,    1738,   12361,    9369,   16114,   16053,      65,     126,   16179,    2015,    4946,    1738,   12361,    9369,   16114,   16053,      65,     126,       0,       0,       0,       0,       0,       0,       0,       0,       0,       0,    2268,     -47,    1295,     215,    2065,     758,    2233,    2268,      35,       0,  100.0,   12.5,   30.6,   10.7,   76.4,   57.9,   99.6,   99.2,    0.4,    0.8,  100.0,   12.5,   30.6,   10.7,   76.4,   57.9,   99.6,   99.2,    0.4,    0.8,    0.0,    0.0,    0.0,    0.0,    0.0,    0.0,    0.0,    0.0,    0.0,    0.0,     44,      3,      7,      5,     27,     19,     34,     27,     44,      3,      7,      5,     27,     19,     34,     27,      0,      0,      0,      0,      0,      0,      0,      0,    66.9,    54.9,    80.7,    78.4,    57.6,    53.5,    71.2,    69.3,    66.9,    54.9,    80.7,    78.4,    57.6,    53.5,    71.2,    69.3,     0.0,     0.0,     0.0,     0.0,     0.0,     0.0,     0.0,     0.0,(1000 Barrels),02141R,IFED,021 
UST 10Y NOTE - CHICAGO BOARD OF TRADE,260818,2026-08-18,043602,CBT ,00,043 , 5596739,  536297, 1483258,  197096, 4414142, 3499757, 5147535, 5180111,  449204,  416628, 5596739,  536297, 1483258,  197096, 4414142, 3499757, 5147535, 5180111,  449204,  416628,       0,       0,       0,       0,       0,       0,       0,       0,       0,       0,  137849,   37070,   68978,   27256,   21679,   21305,   86005,  117539,   51844,   20310,  100.0,    9.6,   26.5,    3.5,   78.9,   62.5,   92.0,   92.6,    8.0,    7.4,  100.0,    9.6,   26.5,    3.5,   78.9,   62.5,   92.0,   92.6,    8.0,    7.4,    0.0,    0.0,    0.0,    0.0,    0.0,    0.0,    0.0,    0.0,    0.0,    0.0,    433,     75,     77,     62,    211,    196,    316,    305,    433,     75,     77,     62,    211,    196,    316,    305,      0,      0,      0,      0,      0,      0,      0,      0,    29.2,    19.8,    37.6,    29.2,    25.9,    19.1,    33.4,    27.8,    29.2,    19.8,    37.6,    29.2,    25.9,    19.1,    33.4,    27.8,     0.0,     0.0,     0.0,     0.0,     0.0,     0.0,     0.0,     0.0,"(CONTRACTS OF $100,000 FACE VALUE)",043602,CBT ,043 
UST 10Y NOTE - CHICAGO BOARD OF TRADE,260825,2026-08-25,043602,CBT ,00,043 , 6208739,  514737, 1353712,  634320, 4522410, 3747385, 5671467, 5735417,  537272,  473322, 6208739,  514737, 1353712,  634320, 4522410, 3747385, 5671467, 5735417,  537272,  473322,       0,       0,       0,       0,       0,       0,       0,       0,       0,       0,  612000,  -21560, -129546,  437224,  108268,  247628,  523932,  555306,   88068,   56694,  100.0,    8.3,   21.8,   10.2,   72.8,   60.4,   91.3,   92.4,    8.7,    7.6,  100.0,    8.3,   21.8,   10.2,   72.8,   60.4,   91.3,   92.4,    8.7,    7.6,    0.0,    0.0,    0.0,    0.0,    0.0,    0.0,    0.0,    0.0,    0.0,    0.0,    438,     72,     78,     69,    218,    206,    328,    319,    438,     72,     78,     69,    218,    206,    328,    319,      0,      0,      0,      0,      0,      0,      0,      0,    26.9,    19.4,    35.0,    28.8,    23.3,    16.7,    29.8,    23.6,    26.9,    19.4,    35.0,    28.8,    23.3,    16.7,    29.8,    23.6,     0.0,     0.0,     0.0,     0.0,     0.0,     0.0,     0.0,     0.0,"(CONTRACTS OF $100,000 FACE VALUE)",043602,CBT ,043 
UST 2Y NOTE - CHICAGO BOARD OF TRADE,260818,2026-08-18,042601,CBT ,00,042 , 4432451,  626843, 1554180,  192049, 3400629, 2512313, 4219521, 4258542,  212930,  173909, 4432451,  626843, 1554180,  192049, 3400629, 2512313, 4219521, 4258542,  212930,  173909,       0,       0,       0,       0,       0,       0,       0,       0,       0,       0,   54639,   13542,  -80164,   53684,  -10341,   74578,   56885,   48098,   -2246,    6541,  100.0,   14.1,   35.1,    4.3,   76.7,   56.7,   95.2,   96.1,    4.8,    3.9,  100.0,   14.1,   35.1,    4.3,   76.7,   56.7,   95.2,   96.1,    4.8,    3.9,    0.0,    0.0,    0.0,    0.0,    0.0,    0.0,    0.0,    0.0,    0.0,    0.0,    494,     74,     80,     47,    243,    235,    348,    331,    494,     74,     80,     47,    243,    235,    348,    331,      0,      0,      0,      0,      0,      0,      0,      0,    23.6,    18.7,    33.3,    31.9,    20.1,    18.7,    28.2,    29.6,    23.6,    18.7,    33.3,    31.9,    20.1,    18.7,    28.2,    29.6,     0.0,     0.0,     0.0,     0.0,     0.0,     0.0,     0.0,     0.0,"(CONTRACTS OF $200,000 FACE VALUE)",042601,CBT ,042 
UST 2Y NOTE - CHICAGO BOARD OF TRADE,260825,2026-08-25,042601,CBT ,00,042 , 4678195,  622867, 1484163,  369065, 3455416, 2590692, 4447348, 4443920,  230847,  234275, 4678195,  622867, 1484163,  369065, 3455416, 2590692, 4447348, 4443920,  230847,  234275,       0,       0,       0,       0,       0,       0,       0,       0,       0,       0,  245744,   -3976,  -70017,  177016,   54787,   78379,  227827,  185378,   17917,   60366,  100.0,   13.3,   31.7,    7.9,   73.9,   55.4,   95.1,   95.0,    4.9,    5.0,  100.0,   13.3,   31.7,    7.9,   73.9,   55.4,   95.1,   95.0,    4.9,    5.0,    0.0,    0.0,    0.0,    0.0,    0.0,    0.0,    0.0,    0.0,    0.0,    0.0,    483,     76,     84,     64,    241,    220,    359,    329,    483,     76,     84,     64,    241,    220,    359,    329,      0,      0,      0,      0,      0,      0,      0,      0,    19.8,    17.2,    28.1,    29.3,    16.1,    15.4,    23.2,    25.6,    19.8,    17.2,    28.1,    29.3,    16.1,    15.4,    23.2,    25.6,     0.0,     0.0,     0.0,     0.0,     0.0,     0.0,     0.0,     0.0,"(CONTRACTS OF $200,000 FACE VALUE)",042601,CBT ,042 
UST 5Y NOTE - CHICAGO BOARD OF TRADE,260818,2026-08-18,044601,CBT ,00,044 , 6604060,  518901, 1793006,  346235, 5332301, 4086714, 6197437, 6225955,  406623,  378105, 6604060,  518901, 1793006,  346235, 5332301, 4086714, 6197437, 6225955,  406623,  378105,       0,       0,       0,       0,       0,       0,       0,       0,       0,       0,  161110,  -60555,  -27206,  137804,   78434,   51170,  155683,  161768,    5427,    -658,  100.0,    7.9,   27.1,    5.2,   80.7,   61.9,   93.8,   94.3,    6.2,    5.7,  100.0,    7.9,   27.1,    5.2,   80.7,   61.9,   93.8,   94.3,    6.2,    5.7,    0.0,    0.0,    0.0,    0.0,    0.0,    0.0,    0.0,    0.0,    0.0,    0.0,    449,     60,     69,     50,    246,    228,    335,    318,    449,     60,     69,     50,    246,    228,    335,    318,      0,      0,      0,      0,      0,      0,      0,      0,    29.5,    18.7,    37.5,    28.9,    27.5,    18.0,    33.0,    27.2,    29.5,    18.7,    37.5,    28.9,    27.5,    18.0,    33.0,    27.2,     0.0,     0.0,     0.0,     0.0,     0.0,     0.0,     0.0,     0.0,"(CONTRACTS OF $100,000 FACE VALUE)",044601,CBT ,044 
UST 5Y NOTE - CHICAGO BOARD OF TRADE,260825,2026-08-25,044601,CBT ,00,044 , 7012385,  560971, 1820032,  420013, 5522952, 4376685, 6503936, 6616730,  508449,  395655, 7012385,  560971, 1820032,  420013, 5522952, 4376685, 6503936, 6616730,  508449,  395655,       0,       0,       0,       0,       0,       0,       0,       0,       0,       0,  408325,   42070,   27026,   73778,  190651,  289971,  306499,  390775,  101826,   17550,  100.0,    8.0,   26.0,    6.0,   78.8,   62.4,   92.7,   94.4,    7.3,    5.6,  100.0,    8.0,   26.0,    6.0,   78.8,   62.4,   92.7,   94.4,    7.3,    5.6,    0.0,    0.0,    0.0,    0.0,    0.0,    0.0,    0.0,    0.0,    0.0,    0.0,    453,     66,     69,     52,    242,    236,    339,    326,    453,     66,     69,     52,    242,    236,    339,    326,      0,      0,      0,      0,      0,      0,      0,      0,    28.6,    20.2,    36.3,    29.8,    26.5,    16.3,    31.6,    24.4,    28.6,    20.2,    36.3,    29.8,    26.5,    16.3,    31.6,    24.4,     0.0,     0.0,     0.0,     0.0,     0.0,     0.0,     0.0,     0.0,"(CONTRACTS OF $100,000 FACE VALUE)",044601,CBT ,044 
UST BOND - CHICAGO BOARD OF TRADE,260818,2026-08-18,020601,CBT ,00,020 , 1894436,  176229,  395241,   34525, 1447191, 1282527, 1657945, 1712293,  236491,  182143, 1894436,  176229,  395241,   34525, 1447191, 1282527, 1657945, 1712293,  236491,  182143,       0,       0,       0,       0,       0,       0,       0,       0,       0,       0,   31492,  -29084,   10321,    5620,   51592,   -5965,   28128,    9976,    3364,   21516,  100.0,    9.3,   20.9,    1.8,   76.4,   67.7,   87.5,   90.4,   12.5,    9.6,  100.0,    9.3,   20.9,    1.8,   76.4,   67.7,   87.5,   90.4,   12.5,    9.6,    0.0,    0.0,    0.0,    0.0,    0.0,    0.0,    0.0,    0.0,    0.0,    0.0,    249,     36,     44,     31,    135,    119,    190,    175,    249,     36,     44,     31,    135,    119,    190,    175,      0,      0,      0,      0,      0,      0,      0,      0,    20.0,    33.1,    30.7,    43.8,    19.5,    30.6,    29.8,    41.2,    20.0,    33.1,    30.7,    43.8,    19.5,    30.6,    29.8,    41.2,     0.0,     0.0,     0.0,     0.0,     0.0,     0.0,     0.0,     0.0,"(CONTRACTS OF $100,000 FACE VALUE)",020601,CBT ,020 
UST BOND - CHICAGO BOARD OF TRADE,260825,2026-08-25,020601,CBT ,00,020 , 2096351,  170997,  358240,   95488, 1522880, 1430137, 1789365, 1883865,  306986,  212486, 2096351,  170997,  358240,   95488, 1522880, 1430137, 1789365, 1883865,  306986,  212486,       0,       0,       0,       0,       0,       0,       0,       0,       0,       0,  201915,   -5232,  -37001,   60963,   75689,  147610,  131420,  171572,   70495,   30343,  100.0,    8.2,   17.1,    4.6,   72.6,   68.2,   85.4,   89.9,   14.6,   10.1,  100.0,    8.2,   17.1,    4.6,   72.6,   68.2,   85.4,   89.9,   14.6,   10.1,    0.0,    0.0,    0.0,    0.0,    0.0,    0.0,    0.0,    0.0,    0.0,    0.0,    240,     39,     35,     36,    142,    124,    203,    174,    240,     39,     35,     36,    142,    124,    203,    174,      0,      0,      0,      0,      0,      0,      0,      0,    18.8,    39.5,    29.1,    48.5,    17.1,    31.4,    25.8,    40.3,    18.8,    39.5,    29.1,    48.5,    17.1,    31.4,    25.8,    40.3,     0.0,     0.0,     0.0,     0.0,     0.0,     0.0,     0.0,     0.0,"(CONTRACTS OF $100,000 FACE VALUE)",020601,CBT ,020 
VIX FUTURES - CBOE FUTURES EXCHANGE,260818,2026-08-18,1170E1,E   ,00,117 ,  417768,   87155,  176601,   81276,  226170,  136848,  394601,  394725,   23167,   23043,  417768,   87155,  176601,   81276,  226170,  136848,  394601,  394725,   23167,   23043,       0,       0,       0,       0,       0,       0,       0,       0,       0,       0,   35758,    5406,   19918,   -2238,   33000,   20975,   36168,   38655,    -410,   -2897,  100.0,   20.9,   42.3,   19.5,   54.1,   32.8,   94.5,   94.5,    5.5,    5.5,  100.0,   20.9,   42.3,   19.5,   54.1,   32.8,   94.5,   94.5,    5.5,    5.5,    0.0,    0.0,    0.0,    0.0,    0.0,    0.0,    0.0,    0.0,    0.0,    0.0,    200,     58,     76,     84,     55,     43,    170,    153,    200,     58,     76,     84,     55,     43,    170,    153,      0,      0,      0,      0,      0,      0,      0,      0,    28.8,    17.3,    39.8,    28.9,    24.1,    14.6,    32.6,    23.6,    28.8,    17.3,    39.8,    28.9,    24.1,    14.6,    32.6,    23.6,     0.0,     0.0,     0.0,     0.0,     0.0,     0.0,     0.0,     0.0,($1000 X INDEX),1170E1,E   ,117 
VIX FUTURES - CBOE FUTURES EXCHANGE,260825,2026-08-25,1170E1,E   ,00,117 ,  378681,   80331,  158495,   75064,  198460,  119880,  353855,  353439,   24826,   25242,  378681,   80331,  158495,   75064,  198460,  119880,  353855,  353439,   24826,   25242,       0,       0,       0,       0,       0,       0,       0,       0,       0,       0,  -39087,   -6824,  -18106,   -6212,  -27710,  -16968,  -40746,  -41286,    1659,    2199,  100.0,   21.2,   41.9,   19.8,   52.4,   31.7,   93.4,   93.3,    6.6,    6.7,  100.0,   21.2,   41.9,   19.8,   52.4,   31.7,   93.4,   93.3,    6.6,    6.7,    0.0,    0.0,    0.0,    0.0,    0.0,    0.0,    0.0,    0.0,    0.0,    0.0,    180,     59,     63,     76,     46,     38,    151,    137,    180,     59,     63,     76,     46,     38,    151,    137,      0,      0,      0,      0,      0,      0,      0,      0,    32.2,    17.3,    42.4,    29.4,    26.6,    15.3,    34.2,    24.2,    32.2,    17.3,    42.4,    29.4,    26.6,    15.3,    34.2,    24.2,     0.0,     0.0,     0.0,     0.0,     0.0,     0.0,     0.0,     0.0,($1000 X INDEX),1170E1,E   ,117 
WAHA FIN BASIS - ICE FUTURES ENERGY DIV,260818,2026-08-18,023399,IFED,01,023 ,  721409,   26041,   33922,   42211,  647161,  639329,  715413,  715462,    5996,    5947,  721409,   26041,   33922,   42211,  647161,  639329,  715413,  715462,    5996,    5947,       0,       0,       0,       0,       0,       0,       0,       0,       0,       0,    8430,     430,    -810,    -336,    7862,    9688,    7956,    8542,     474,    -112,  100.0,    3.6,    4.7,    5.9,   89.7,   88.6,   99.2,   99.2,    0.8,    0.8,  100.0,    3.6,    4.7,    5.9,   89.7,   88.6,   99.2,   99.2,    0.8,    0.8,    0.0,    0.0,    0.0,    0.0,    0.0,    0.0,    0.0,    0.0,    0.0,    0.0,     81,      5,     10,     10,     58,     48,     69,     63,     81,      5,     10,     10,     58,     48,     69,     63,      0,      0,      0,      0,      0,      0,      0,      0,    27.7,    40.5,    46.7,    58.9,    22.3,    34.3,    38.7,    49.2,    27.7,    40.5,    46.7,    58.9,    22.3,    34.3,    38.7,    49.2,     0.0,     0.0,     0.0,     0.0,     0.0,     0.0,     0.0,     0.0,"(Contracts of 2,500  MMBTU'S)",023399,IFED,023 
WAHA FIN BASIS - ICE FUTURES ENERGY DIV,260825,2026-08-25,023399,IFED,01,023 ,  739127,   31172,   34511,   41188,  662836,  656644,  735196,  732343,    3931,    6784,  739127,   31172,   34511,   41188,  662836,  656644,  735196,  732343,    3931,    6784,       0,       0,       0,       0,       0,       0,       0,       0,       0,       0,   17718,    5131,     589,   -1023,   15675,   17315,   19783,   16881,   -2065,     837,  100.0,    4.2,    4.7,    5.6,   89.7,   88.8,   99.5,   99.1,    0.5,    0.9,  100.0,    4.2,    4.7,    5.6,   89.7,   88.8,   99.5,   99.1,    0.5,    0.9,    0.0,    0.0,    0.0,    0.0,    0.0,    0.0,    0.0,    0.0,    0.0,    0.0,     83,      8,      8,     10,     59,     48,     72,     62,     83,      8,      8,     10,     59,     48,     72,     62,      0,      0,      0,      0,      0,      0,      0,      0,    27.5,    40.0,    46.5,    60.0,    22.0,    35.0,    38.2,    50.8,    27.5,    40.0,    46.5,    60.0,    22.0,    35.0,    38.2,    50.8,     0.0,     0.0,     0.0,     0.0,     0.0,     0.0,     0.0,     0.0,"(Contracts of 2,500  MMBTU'S)",023399,IFED,023 
WAHA INDEX - ICE FUTURES ENERGY DIV,260818,2026-08-18,0233D4,IFED,01,023 ,   94134,     209,    2515,     961,   91018,   87366,   92188,   90842,    1946,    3292,   94134,     209,    2515,     961,   91018,   87366,   92188,   90842,    1946,    3292,       0,       0,       0,       0,       0,       0,       0,       0,       0,       0,    4304,     209,    -930,     961,    4022,    3654,    5192,    3685,    -888,     619,  100.0,    0.2,    2.7,    1.0,   96.7,   92.8,   97.9,   96.5,    2.1,    3.5,  100.0,    0.2,    2.7,    1.0,   96.7,   92.8,   97.9,   96.5,    2.1,    3.5,    0.0,    0.0,    0.0,    0.0,    0.0,    0.0,    0.0,    0.0,    0.0,    0.0,     40,      1,      2,      1,     23,     23,     24,     26,     40,      1,      2,      1,     23,     23,     24,     26,      0,      0,      0,      0,      0,      0,      0,      0,    57.2,    57.8,    78.6,    77.9,    57.1,    55.9,    74.4,    69.9,    57.2,    57.8,    78.6,    77.9,    57.1,    55.9,    74.4,    69.9,     0.0,     0.0,     0.0,     0.0,     0.0,     0.0,     0.0,     0.0,2500 mm btu,0233D4,IFED,023 
WAHA INDEX - ICE FUTURES ENERGY DIV,260825,2026-08-25,0233D4,IFED,01,023 ,  100582,     389,    2515,     961,   97560,   93458,   98910,   96934,    1672,    3648,  100582,     389,    2515,     961,   97560,   93458,   98910,   96934,    1672,    3648,       0,       0,       0,       0,       0,       0,       0,       0,       0,       0,    6448,     180,       0,       0,    6542,    6092,    6722,    6092,    -274,     356,  100.0,    0.4,    2.5,    1.0,   97.0,   92.9,   98.3,   96.4,    1.7,    3.6,  100.0,    0.4,    2.5,    1.0,   97.0,   92.9,   98.3,   96.4,    1.7,    3.6,    0.0,    0.0,    0.0,    0.0,    0.0,    0.0,    0.0,    0.0,    0.0,    0.0,     42,      1,      2,      1,     26,     24,     27,     27,     42,      1,      2,      1,     26,     24,     27,     27,      0,      0,      0,      0,      0,      0,      0,      0,    56.5,    57.0,    77.5,    77.5,    55.5,    55.1,    74.6,    68.1,    56.5,    57.0,    77.5,    77.5,    55.5,    55.1,    74.6,    68.1,     0.0,     0.0,     0.0,     0.0,     0.0,     0.0,     0.0,     0.0,2500 mm btu,0233D4,IFED,023 
WASHINGTON CARBON ALL V2026 - ICE FUTURES ENERGY DIV,260818,2026-08-18,0063EA,IFED,01,006 ,    4715,    3160,    2725,      24,    1503,    1845,    4687,    4594,      28,     121,    4715,    3160,    2725,      24,    1503,    1845,    4687,    4594,      28,     121,       0,       0,       0,       0,       0,       0,       0,       0,       0,       0,      60,     -10,      30,      10,      40,      12,      40,      52,      20,       8,  100.0,   67.0,   57.8,    0.5,   31.9,   39.1,   99.4,   97.4,    0.6,    2.6,  100.0,   67.0,   57.8,    0.5,   31.9,   39.1,   99.4,   97.4,    0.6,    2.6,    0.0,    0.0,    0.0,    0.0,    0.0,    0.0,    0.0,    0.0,    0.0,    0.0,     34,      6,     14,      2,      7,      9,     15,     23,     34,      6,     14,      2,      7,      9,     15,     23,      0,      0,      0,      0,      0,      0,      0,      0,    80.1,    44.2,    93.3,    72.7,    80.1,    41.8,    92.0,    68.4,    80.1,    44.2,    93.3,    72.7,    80.1,    41.8,    92.0,    68.4,     0.0,     0.0,     0.0,     0.0,     0.0,     0.0,     0.0,     0.0,"1,000 Washington carbon allowances",0063EA,IFED,006 
WASHINGTON CARBON ALL V2026 - ICE FUTURES ENERGY DIV,260825,2026-08-25,0063EA,IFED,01,006 ,    4768,    3183,    2814,      39,    1518,    1784,    4740,    4637,      28,     131,    4768,    3183,    2814,      39,    1518,    1784,    4740,    4637,      28,     131,       0,       0,       0,       0,       0,       0,       0,       0,       0,       0,      53,      23,      89,      15,      15,     -61,      53,      43,       0,      10,  100.0,   66.8,   59.0,    0.8,   31.8,   37.4,   99.4,   97.3,    0.6,    2.7,  100.0,   66.8,   59.0,    0.8,   31.8,   37.4,   99.4,   97.3,    0.6,    2.7,    0.0,    0.0,    0.0,    0.0,    0.0,    0.0,    0.0,    0.0,    0.0,    0.0,     33,      6,     14,      3,      7,      8,     16,     22,     33,      6,     14,      3,      7,      8,     16,     22,      0,      0,      0,      0,      0,      0,      0,      0,    79.5,    45.3,    92.7,    73.1,    79.5,    42.8,    90.9,    68.4,    79.5,    45.3,    92.7,    73.1,    79.5,    42.8,    90.9,    68.4,     0.0,     0.0,     0.0,     0.0,     0.0,     0.0,     0.0,     0.0,"1,000 Washington carbon allowances",0063EA,IFED,006 
WHEAT-HRSpring - MIAX FUTURES EXCHANGE,260818,2026-08-18,001626,MGE ,00,001 ,   78674,   20011,    8173,    4841,   44795,   56584,   69647,   69598,    9027,    9076,   77895,   19821,    8209,    4733,   44382,   55977,   68936,   68919,    8959,    8976,     779,     226,       0,      72,     413,     607,     711,     679,      68,     100,   -3224,     973,   -1206,   -1759,   -2816,   -1616,   -3602,   -4581,     378,    1357,  100.0,   25.4,   10.4,    6.2,   56.9,   71.9,   88.5,   88.5,   11.5,   11.5,  100.0,   25.4,   10.5,    6.1,   57.0,   71.9,   88.5,   88.5,   11.5,   11.5,  100.0,   29.0,    0.0,    9.2,   53.0,   77.9,   91.3,   87.2,    8.7,   12.8,    111,     22,     14,     17,     63,     45,     93,     70,    111,     22,     15,     17,     63,     45,     93,     70,     27,      4,      0,      1,      7,     17,     11,     18,    24.5,    34.2,    38.3,    54.1,    24.5,    34.0,    37.2,    52.3,    24.8,    34.4,    38.7,    54.3,    24.7,    34.2,    37.6,    52.8,    65.2,    49.7,    86.4,    72.8,    63.5,    48.4,    77.7,    67.5,"(CONTRACTS OF 5,000 BUSHELS)",001626,MGE ,001 
WHEAT-HRSpring - MIAX FUTURES EXCHANGE,260825,2026-08-25,001626,MGE ,00,001 ,   74071,   21009,    7114,    4255,   39210,   54313,   64474,   65682,    9597,    8389,   73271,   20785,    7162,    4181,   38778,   53665,   63744,   65008,    9527,    8263,     800,     276,       4,      22,     432,     648,     730,     674,      70,     126,   -4603,     998,   -1059,    -586,   -5585,   -2271,   -5173,   -3916,     570,    -687,  100.0,   28.4,    9.6,    5.7,   52.9,   73.3,   87.0,   88.7,   13.0,   11.3,  100.0,   28.4,    9.8,    5.7,   52.9,   73.2,   87.0,   88.7,   13.0,   11.3,  100.0,   34.5,    0.5,    2.8,   54.0,   81.0,   91.3,   84.3,    8.8,   15.8,    112,     24,     14,     16,     56,     46,     88,     71,    112,     23,     17,     16,     56,     46,     88,     71,     32,      4,      2,      1,      8,     20,     12,     23,    26.0,    32.4,    39.1,    51.1,    26.0,    32.2,    38.8,    49.7,    26.2,    32.4,    39.4,    51.3,    26.2,    32.3,    39.0,    50.1,    63.1,    48.9,    84.0,    67.4,    60.4,    48.9,    80.8,    67.4,"(CONTRACTS OF 5,000 BUSHELS)",001626,MGE ,001 
WHEAT-HRW - CHICAGO BOARD OF TRADE,260818,2026-08-18,001612,CBT ,00,001 ,  288733,   76326,   60252,   85856,  105429,  121751,  267611,  267859,   21122,   20874,  265884,   76985,   64762,   72257,   97259,  111833,  246501,  248852,   19383,   17032,   22849,   11532,    7681,    1408,    8170,    9918,   21110,   19007,    1739,    3842,  -16992,    4394,    1534,  -10382,   -9726,   -8478,  -15714,  -17326,   -1278,     334,  100.0,   26.4,   20.9,   29.7,   36.5,   42.2,   92.7,   92.8,    7.3,    7.2,  100.0,   29.0,   24.4,   27.2,   36.6,   42.1,   92.7,   93.6,    7.3,    6.4,  100.0,   50.5,   33.6,    6.2,   35.8,   43.4,   92.4,   83.2,    7.6,   16.8,    270,     81,     65,     82,     75,     95,    199,    204,    268,     84,     64,     79,     73,     93,    194,    201,    134,     26,     28,     15,     24,     64,     60,     98,    14.3,    14.4,    24.4,    25.0,    11.9,    11.9,    20.4,    19.0,    15.1,    15.5,    25.6,    27.0,    12.2,    13.2,    21.0,    20.9,    37.5,    27.2,    51.6,    38.5,    37.5,    23.4,    51.1,    33.2,"(CONTRACTS OF 5,000 BUSHELS)",001612,CBT ,001 
WHEAT-HRW - CHICAGO BOARD OF TRADE,260825,2026-08-25,001612,CBT ,00,001 ,  294391,   82128,   59983,   87981,  103929,  126397,  274038,  274361,   20353,   20030,  269141,   82797,   64526,   73447,   94932,  115272,  251176,  253245,   17965,   15896,   25250,   12064,    8190,    1801,    8997,   11125,   22862,   21116,    2388,    4134,    5658,    5802,    -269,    2125,   -1500,    4646,    6427,    6502,    -769,    -844,  100.0,   27.9,   20.4,   29.9,   35.3,   42.9,   93.1,   93.2,    6.9,    6.8,  100.0,   30.8,   24.0,   27.3,   35.3,   42.8,   93.3,   94.1,    6.7,    5.9,  100.0,   47.8,   32.4,    7.1,   35.6,   44.1,   90.5,   83.6,    9.5,   16.4,    281,     86,     70,     85,     69,     96,    203,    210,    279,     89,     70,     82,     66,     91,    197,    204,    140,     25,     32,     15,     23,     68,     58,    106,    14.2,    15.4,    24.4,    26.1,    11.2,    12.3,    19.7,    18.4,    15.2,    16.7,    25.8,    28.3,    11.7,    13.6,    20.4,    20.4,    34.7,    25.8,    47.9,    36.4,    34.7,    21.6,    47.4,    30.9,"(CONTRACTS OF 5,000 BUSHELS)",001612,CBT ,001 
WHEAT-SRW - CHICAGO BOARD OF TRADE,260818,2026-08-18,001602,CBT ,00,001 ,  457148,  114685,  133450,  143011,  162266,  145885,  419962,  422346,   37186,   34802,  419052,  112986,  141091,  120257,  150912,  128330,  384155,  389678,   34897,   29374,   38096,   20833,   11493,    3620,   11354,   17555,   35807,   32668,    2289,    5428,  -18418,    -294,   -6439,   -7153,   -9586,   -3213,  -17033,  -16805,   -1385,   -1613,  100.0,   25.1,   29.2,   31.3,   35.5,   31.9,   91.9,   92.4,    8.1,    7.6,  100.0,   27.0,   33.7,   28.7,   36.0,   30.6,   91.7,   93.0,    8.3,    7.0,  100.0,   54.7,   30.2,    9.5,   29.8,   46.1,   94.0,   85.8,    6.0,   14.2,    409,    136,    108,    130,     98,    116,    310,    296,    405,    135,    110,    125,     95,    113,    302,    289,    171,     32,     41,     20,     30,     80,     72,    131,    13.0,    14.7,    21.6,    25.0,     8.4,     9.3,    14.6,    15.0,    13.8,    15.5,    21.6,    26.7,     7.5,    10.2,    13.8,    17.1,    36.6,    24.6,    53.2,    39.3,    36.6,    24.2,    50.1,    35.7,"(CONTRACTS OF 5,000 BUSHELS)",001602,CBT ,001 
WHEAT-SRW - CHICAGO BOARD OF TRADE,260825,2026-08-25,001602,CBT ,00,001 ,  443531,  121212,  127991,  133296,  154565,  147090,  409073,  408377,   34458,   35154,  400188,  119215,  137515,  106847,  142639,  126979,  368701,  371341,   31487,   28847,   43343,   25024,   13503,    3422,   11926,   20111,   40372,   37036,    2971,    6307,  -13617,    6527,   -5459,   -9715,   -7701,    1205,  -10889,  -13969,   -2728,     352,  100.0,   27.3,   28.9,   30.1,   34.8,   33.2,   92.2,   92.1,    7.8,    7.9,  100.0,   29.8,   34.4,   26.7,   35.6,   31.7,   92.1,   92.8,    7.9,    7.2,  100.0,   57.7,   31.2,    7.9,   27.5,   46.4,   93.1,   85.4,    6.9,   14.6,    408,    149,     99,    121,     92,    111,    307,    281,    404,    148,    101,    113,     86,    108,    295,    272,    175,     35,     42,     22,     31,     79,     78,    132,    12.2,    15.1,    20.2,    25.8,     8.8,     9.5,    15.4,    16.1,    13.4,    16.2,    20.4,    28.0,     8.2,    11.3,    14.9,    18.9,    32.7,    22.4,    50.1,    34.6,    32.7,    21.9,    48.6,    32.9,"(CONTRACTS OF 5,000 BUSHELS)",001602,CBT ,001 
WTI  HOUSTON ARGUS/WTI TR MO - NEW YORK MERCANTILE EXCHANGE,260818,2026-08-18,0676A5,NYME,01,067 ,  445077,    1125,   71742,   21818,  416526,  340691,  439469,  434251,    5608,   10826,  445077,    1125,   71742,   21818,  416526,  340691,  439469,  434251,    5608,   10826,       0,       0,       0,       0,       0,       0,       0,       0,       0,       0,    2951,       0,   -2226,    2923,    1399,    1094,    4322,    1791,   -1371,    1160,  100.0,    0.3,   16.1,    4.9,   93.6,   76.5,   98.7,   97.6,    1.3,    2.4,  100.0,    0.3,   16.1,    4.9,   93.6,   76.5,   98.7,   97.6,    1.3,    2.4,    0.0,    0.0,    0.0,    0.0,    0.0,    0.0,    0.0,    0.0,    0.0,    0.0,     45,      1,      5,      4,     28,     31,     33,     36,     45,      1,      5,      4,     28,     31,     33,     36,      0,      0,      0,      0,      0,      0,      0,      0,    54.0,    42.0,    79.0,    67.3,    53.9,    35.7,    68.1,    53.4,    54.0,    42.0,    79.0,    67.3,    53.9,    35.7,    68.1,    53.4,     0.0,     0.0,     0.0,     0.0,     0.0,     0.0,     0.0,     0.0,"(CONTRACTS OF 1,000 BARRELS)",0676A5,NYME,067 
WTI  HOUSTON ARGUS/WTI TR MO - NEW YORK MERCANTILE EXCHANGE,260825,2026-08-25,0676A5,NYME,01,067 ,  461211,    1825,   75122,   21536,  433497,  353612,  456858,  450270,    4353,   10941,  461211,    1825,   75122,   21536,  433497,  353612,  456858,  450270,    4353,   10941,       0,       0,       0,       0,       0,       0,       0,       0,       0,       0,   16134,     700,    3380,    -282,   16971,   12921,   17389,   16019,   -1255,     115,  100.0,    0.4,   16.3,    4.7,   94.0,   76.7,   99.1,   97.6,    0.9,    2.4,  100.0,    0.4,   16.3,    4.7,   94.0,   76.7,   99.1,   97.6,    0.9,    2.4,    0.0,    0.0,    0.0,    0.0,    0.0,    0.0,    0.0,    0.0,    0.0,    0.0,     48,      2,      5,      4,     29,     31,     35,     36,     48,      2,      5,      4,     29,     31,     35,     36,      0,      0,      0,      0,      0,      0,      0,      0,    54.7,    40.9,    79.0,    65.7,    54.7,    35.2,    67.8,    52.5,    54.7,    40.9,    79.0,    65.7,    54.7,    35.2,    67.8,    52.5,     0.0,     0.0,     0.0,     0.0,     0.0,     0.0,     0.0,     0.0,"(CONTRACTS OF 1,000 BARRELS)",0676A5,NYME,067 
WTI FINANCIAL CRUDE OIL - NEW YORK MERCANTILE EXCHANGE,260818,2026-08-18,06765A,NYME,01,067 ,  202276,   52461,   23297,   14652,  109815,  118093,  176928,  156042,   25348,   46234,  202276,   52461,   23297,   14652,  109815,  118093,  176928,  156042,   25348,   46234,       0,       0,       0,       0,       0,       0,       0,       0,       0,       0,    8329,    6706,     768,      55,    1519,    6509,    8280,    7332,      49,     997,  100.0,   25.9,   11.5,    7.2,   54.3,   58.4,   87.5,   77.1,   12.5,   22.9,  100.0,   25.9,   11.5,    7.2,   54.3,   58.4,   87.5,   77.1,   12.5,   22.9,    0.0,    0.0,    0.0,    0.0,    0.0,    0.0,    0.0,    0.0,    0.0,    0.0,     45,      5,      5,      7,     29,     26,     37,     35,     45,      5,      5,      7,     29,     26,     37,     35,      0,      0,      0,      0,      0,      0,      0,      0,    33.7,    35.5,    50.0,    49.5,    29.1,    35.4,    44.2,    49.3,    33.7,    35.5,    50.0,    49.5,    29.1,    35.4,    44.2,    49.3,     0.0,     0.0,     0.0,     0.0,     0.0,     0.0,     0.0,     0.0,"(CONTRACTS OF 1,000 BARRELS)",06765A,NYME,067 
WTI FINANCIAL CRUDE OIL - NEW YORK MERCANTILE EXCHANGE,260825,2026-08-25,06765A,NYME,01,067 ,  207513,   54518,   23419,   14910,  112597,  121662,  182025,  159991,   25488,   47522,  207513,   54518,   23419,   14910,  112597,  121662,  182025,  159991,   25488,   47522,       0,       0,       0,       0,       0,       0,       0,       0,       0,       0,    5237,    2057,     122,     258,    2782,    3569,    5097,    3949,     140,    1288,  100.0,   26.3,   11.3,    7.2,   54.3,   58.6,   87.7,   77.1,   12.3,   22.9,  100.0,   26.3,   11.3,    7.2,   54.3,   58.6,   87.7,   77.1,   12.3,   22.9,    0.0,    0.0,    0.0,    0.0,    0.0,    0.0,    0.0,    0.0,    0.0,    0.0,     47,      5,      5,      7,     31,     27,     39,     36,     47,      5,      5,      7,     31,     27,     39,     36,      0,      0,      0,      0,      0,      0,      0,      0,    33.8,    35.4,    50.0,    49.1,    29.5,    35.4,    44.2,    48.9,    33.8,    35.4,    50.0,    49.1,    29.5,    35.4,    44.2,    48.9,     0.0,     0.0,     0.0,     0.0,     0.0,     0.0,     0.0,     0.0,"(CONTRACTS OF 1,000 BARRELS)",06765A,NYME,067 
WTI MIDLAND ARGUS VS WTI TRADE - NEW YORK MERCANTILE EXCHANGE,260818,2026-08-18,067A71,NYME,01,067 ,  322004,   24855,    5460,       0,  287878,  294213,  312733,  299673,    9271,   22331,  322004,   24855,    5460,       0,  287878,  294213,  312733,  299673,    9271,   22331,       0,       0,       0,       0,       0,       0,       0,       0,       0,       0,    6533,   -1574,       0,    -170,    4590,    6192,    2846,    6022,    3687,     511,  100.0,    7.7,    1.7,    0.0,   89.4,   91.4,   97.1,   93.1,    2.9,    6.9,  100.0,    7.7,    1.7,    0.0,   89.4,   91.4,   97.1,   93.1,    2.9,    6.9,    0.0,    0.0,    0.0,    0.0,    0.0,    0.0,    0.0,    0.0,    0.0,    0.0,     32,      1,      1,      0,     15,     22,     16,     23,     32,      1,      1,      0,     15,     22,     16,     23,      0,      0,      0,      0,      0,      0,      0,      0,    59.7,    52.5,    86.3,    75.7,    59.7,    52.5,    86.2,    75.7,    59.7,    52.5,    86.3,    75.7,    59.7,    52.5,    86.2,    75.7,     0.0,     0.0,     0.0,     0.0,     0.0,     0.0,     0.0,     0.0,"(CONTRACTS OF 1,000 BARRELS)",067A71,NYME,067 
WTI MIDLAND ARGUS VS WTI TRADE - NEW YORK MERCANTILE EXCHANGE,260825,2026-08-25,067A71,NYME,01,067 ,  322519,   26561,    5460,     696,  288218,  294748,  315475,  300904,    7044,   21615,  322519,   26561,    5460,     696,  288218,  294748,  315475,  300904,    7044,   21615,       0,       0,       0,       0,       0,       0,       0,       0,       0,       0,     515,    1706,       0,     696,     340,     535,    2742,    1231,   -2227,    -716,  100.0,    8.2,    1.7,    0.2,   89.4,   91.4,   97.8,   93.3,    2.2,    6.7,  100.0,    8.2,    1.7,    0.2,   89.4,   91.4,   97.8,   93.3,    2.2,    6.7,    0.0,    0.0,    0.0,    0.0,    0.0,    0.0,    0.0,    0.0,    0.0,    0.0,     33,      2,      1,      1,     15,     22,     17,     24,     33,      2,      1,      1,     15,     22,     17,     24,      0,      0,      0,      0,      0,      0,      0,      0,    59.9,    52.1,    86.2,    75.0,    59.9,    52.1,    86.2,    75.0,    59.9,    52.1,    86.2,    75.0,    59.9,    52.1,    86.2,    75.0,     0.0,     0.0,     0.0,     0.0,     0.0,     0.0,     0.0,     0.0,"(CONTRACTS OF 1,000 BARRELS)",067A71,NYME,067 
WTI-PHYSICAL - NEW YORK MERCANTILE EXCHANGE,260818,2026-08-18,067651,NYME,01,067 , 1888960,  320159,  198069,  598872,  894821, 1047908, 1813852, 1844849,   75108,   44111, 1888960,  320159,  198069,  598872,  894821, 1047908, 1813852, 1844849,   75108,   44111,       0,       0,       0,       0,       0,       0,       0,       0,       0,       0,   -3469,    5313,  -17581,   -6018,   -2523,   20927,   -3228,   -2672,    -241,    -797,  100.0,   16.9,   10.5,   31.7,   47.4,   55.5,   96.0,   97.7,    4.0,    2.3,  100.0,   16.9,   10.5,   31.7,   47.4,   55.5,   96.0,   97.7,    4.0,    2.3,    0.0,    0.0,    0.0,    0.0,    0.0,    0.0,    0.0,    0.0,    0.0,    0.0,    283,    109,     59,    111,     90,     93,    253,    219,    283,    109,     59,    111,     90,     93,    253,    219,      0,      0,      0,      0,      0,      0,      0,      0,    17.3,    19.4,    30.8,    30.0,    10.2,    13.3,    16.7,    20.3,    17.3,    19.4,    30.8,    30.0,    10.2,    13.3,    16.7,    20.3,     0.0,     0.0,     0.0,     0.0,     0.0,     0.0,     0.0,     0.0,"(CONTRACTS OF 1,000 BARRELS)",067651,NYME,067 
WTI-PHYSICAL - NEW YORK MERCANTILE EXCHANGE,260825,2026-08-25,067651,NYME,01,067 , 1906740,  323243,  199794,  616707,  892144, 1048390, 1832094, 1864891,   74646,   41849, 1906740,  323243,  199794,  616707,  892144, 1048390, 1832094, 1864891,   74646,   41849,       0,       0,       0,       0,       0,       0,       0,       0,       0,       0,   17780,    3084,    1725,   17835,   -2677,     482,   18242,   20042,    -462,   -2262,  100.0,   17.0,   10.5,   32.3,   46.8,   55.0,   96.1,   97.8,    3.9,    2.2,  100.0,   17.0,   10.5,   32.3,   46.8,   55.0,   96.1,   97.8,    3.9,    2.2,    0.0,    0.0,    0.0,    0.0,    0.0,    0.0,    0.0,    0.0,    0.0,    0.0,    287,    110,     65,    117,     88,     92,    258,    221,    287,    110,     65,    117,     88,     92,    258,    221,      0,      0,      0,      0,      0,      0,      0,      0,    17.6,    19.6,    31.0,    30.2,    10.0,    13.1,    16.4,    20.0,    17.6,    19.6,    31.0,    30.2,    10.0,    13.1,    16.4,    20.0,     0.0,     0.0,     0.0,     0.0,     0.0,     0.0,     0.0,     0.0,"(CONTRACTS OF 1,000 BARRELS)",067651,NYME,067 
XRP - CHICAGO MERCANTILE EXCHANGE,260818,2026-08-18,176740,CME ,00,176 ,    5575,    5301,    4363,     141,       0,     881,    5442,    5385,     133,     190,    5575,    5301,    4363,     141,       0,     881,    5442,    5385,     133,     190,       0,       0,       0,       0,       0,       0,       0,       0,       0,       0,      36,     -14,       0,      31,       0,      -9,      17,      22,      19,      14,  100.0,   95.1,   78.3,    2.5,    0.0,   15.8,   97.6,   96.6,    2.4,    3.4,  100.0,   95.1,   78.3,    2.5,    0.0,   15.8,   97.6,   96.6,    2.4,    3.4,    0.0,    0.0,    0.0,    0.0,    0.0,    0.0,    0.0,    0.0,    0.0,    0.0,     23,      9,     11,      5,      0,      3,     11,     17,     23,      9,     11,      5,      0,      3,     11,     17,      0,      0,      0,      0,      0,      0,      0,      0,    85.3,    67.0,    95.9,    87.6,    85.3,    66.8,    94.9,    87.4,    85.3,    67.0,    95.9,    87.6,    85.3,    66.8,    94.9,    87.4,     0.0,     0.0,     0.0,     0.0,     0.0,     0.0,     0.0,     0.0,"(Contracts of 50,000 XRP)",176740,CME ,176 
XRP - CHICAGO MERCANTILE EXCHANGE,260825,2026-08-25,176740,CME ,00,176 ,    7778,    7073,    5542,     582,      30,     913,    7685,    7037,      93,     741,    7778,    7073,    5542,     582,      30,     913,    7685,    7037,      93,     741,       0,       0,       0,       0,       0,       0,       0,       0,       0,       0,    2203,    1772,    1179,     441,      30,      32,    2243,    1652,     -40,     551,  100.0,   90.9,   71.3,    7.5,    0.4,   11.7,   98.8,   90.5,    1.2,    9.5,  100.0,   90.9,   71.3,    7.5,    0.4,   11.7,   98.8,   90.5,    1.2,    9.5,    0.0,    0.0,    0.0,    0.0,    0.0,    0.0,    0.0,    0.0,    0.0,    0.0,     26,      8,     13,      6,      1,      3,     14,     18,     26,      8,     13,      6,      1,      3,     14,     18,      0,      0,      0,      0,      0,      0,      0,      0,    83.1,    53.5,    94.8,    72.5,    83.1,    53.5,    91.3,    70.4,    83.1,    53.5,    94.8,    72.5,    83.1,    53.5,    91.3,    70.4,     0.0,     0.0,     0.0,     0.0,     0.0,     0.0,     0.0,     0.0,"(Contracts of 50,000 XRP)",176740,CME ,176 
"XRP - COINBASE DERIVATIVES, LLC",260825,2026-08-25,176LM2,FREX,00,176 ,   20518,   19653,   18646,     861,       0,       0,   20514,   19507,       4,    1011,   20518,   19653,   18646,     861,       0,       0,   20514,   19507,       4,    1011,       0,       0,       0,       0,       0,       0,       0,       0,       0,       0,.,.,.,.,.,.,.,.,.,.,  100.0,   95.8,   90.9,    4.2,    0.0,    0.0,  100.0,   95.1,    0.0,    4.9,  100.0,   95.8,   90.9,    4.2,    0.0,    0.0,  100.0,   95.1,    0.0,    4.9,    0.0,    0.0,    0.0,    0.0,    0.0,    0.0,    0.0,    0.0,    0.0,    0.0,     20,      3,     16,      3,      0,      0,      6,     17,     20,      3,     16,      3,      0,      0,      6,     17,      0,      0,      0,      0,      0,      0,      0,      0,    98.1,    59.0,   100.0,    86.9,    95.8,    55.5,    95.8,    83.5,    98.1,    59.0,   100.0,    86.9,    95.8,    55.5,    95.8,    83.5,     0.0,     0.0,     0.0,     0.0,     0.0,     0.0,     0.0,     0.0,"(10,000 XRP x $2.00 = $20,000)",176LM2,FREX,176 
"ZCASH PERP STYLE - COINBASE DERIVATIVES, LLC",260818,2026-08-18,180LMB,FREX,00,180 ,   12594,   11707,   12170,       0,       0,       0,   11707,   12170,     887,     424,   12594,   11707,   12170,       0,       0,       0,   11707,   12170,     887,     424,       0,       0,       0,       0,       0,       0,       0,       0,       0,       0,    -785,    -648,    -854,       0,       0,       0,    -648,    -854,    -137,      69,  100.0,   93.0,   96.6,    0.0,    0.0,    0.0,   93.0,   96.6,    7.0,    3.4,  100.0,   93.0,   96.6,    0.0,    0.0,    0.0,   93.0,   96.6,    7.0,    3.4,    0.0,    0.0,    0.0,    0.0,    0.0,    0.0,    0.0,    0.0,    0.0,    0.0,     86,     47,     39,      0,      0,      0,     47,     39,     86,     47,     39,      0,      0,      0,     47,     39,      0,      0,      0,      0,      0,      0,      0,      0,    65.7,    72.6,    72.9,    79.4,    65.7,    72.6,    72.9,    79.4,    65.7,    72.6,    72.9,    79.4,    65.7,    72.6,    72.9,    79.4,     0.0,     0.0,     0.0,     0.0,     0.0,     0.0,     0.0,     0.0,(1 Zcash),180LMB,FREX,180 
"ZCASH PERP STYLE - COINBASE DERIVATIVES, LLC",260825,2026-08-25,180LMB,FREX,00,180 ,    6827,    5869,    5723,       0,       0,       0,    5869,    5723,     958,    1104,    6827,    5869,    5723,       0,       0,       0,    5869,    5723,     958,    1104,       0,       0,       0,       0,       0,       0,       0,       0,       0,       0,   -5767,   -5838,   -6447,       0,       0,       0,   -5838,   -6447,      71,     680,  100.0,   86.0,   83.8,    0.0,    0.0,    0.0,   86.0,   83.8,   14.0,   16.2,  100.0,   86.0,   83.8,    0.0,    0.0,    0.0,   86.0,   83.8,   14.0,   16.2,    0.0,    0.0,    0.0,    0.0,    0.0,    0.0,    0.0,    0.0,    0.0,    0.0,    102,     50,     52,      0,      0,      0,     50,     52,    102,     50,     52,      0,      0,      0,     50,     52,      0,      0,      0,      0,      0,      0,      0,      0,    28.0,    28.4,    44.2,    42.8,    28.0,    28.4,    44.2,    42.8,    28.0,    28.4,    44.2,    42.8,    28.0,    28.4,    44.2,    42.8,     0.0,     0.0,     0.0,     0.0,     0.0,     0.0,     0.0,     0.0,(1 Zcash),180LMB,FREX,180 
